      No     Day     Mon    Year  Qobs_0000013000  Qsim_0000013000  Qobs_0000013001  Qsim_0000013001  Qobs_0000013049  Qsim_0000013049  Qobs_0000013031  Qsim_0000013031
       1       1       1    1990        5.9070000      109.6019505        3.9330000       34.7210225        3.5950000        1.0343435      -99.0000000       22.1130796
       2       2       1    1990        5.9070000      108.5111557        4.0600000       34.4255171        4.2100000        1.0292476      -99.0000000       22.3200087
       3       3       1    1990        5.9070000      107.4312405        3.5590000       34.1327215        5.0500000        1.0168083      -99.0000000       22.2370043
       4       4       1    1990        6.4400000      106.3623726        3.7860000       33.8426098        6.5500000        1.0057082      -99.0000000       22.6396229
       5       5       1    1990        6.7170000      105.3047743        3.9720000       33.5551564        7.7300000        1.0375298      -99.0000000       24.0106359
       6       6       1    1990        5.9070000      104.2569958        3.5120000       33.2703360        9.0700000        1.0353828      -99.0000000       23.8885326
       7       7       1    1990        5.9070000      103.2194184        3.3970000       32.9881236        8.3800000        1.0180032      -99.0000000       23.5424922
       8       8       1    1990        5.6500000      102.1921643        2.8260000       32.7084942        7.4200000        1.0077887      -99.0000000       23.2698575
       9       9       1    1990        5.6500000      101.1751333        2.7930000       32.4314232        6.0200000        1.0011819      -99.0000000       23.0355441
      10      10       1    1990        5.4000000      100.1682224        2.7930000       32.1568862        5.2800000        0.9966798      -99.0000000       22.8221112
      11      11       1    1990        5.1570000       99.1713307        2.7620000       31.8848589        4.8300000        0.9934060      -99.0000000       22.6206762
      12      12       1    1990        5.1570000       98.1843588        2.9190000       31.6153175        4.2100000        0.9908497      -99.0000000       22.4264203
      13      13       1    1990        5.1570000       97.2072082        2.7830000       31.3482383        3.8300000        0.9887128      -99.0000000       22.2369523
      14      14       1    1990        4.9200000       96.2397816        2.5200000       31.0835977        3.3200000        0.9868217      -99.0000000       22.0506904
      15      15       1    1990        4.9200000       95.2819825        2.4420000       30.8213725        2.8600000        0.9850750      -99.0000000       21.8665635
      16      16       1    1990        4.9200000       94.3337151        2.2070000       30.5615396        2.5800000        0.9834135      -99.0000000       21.6845079
      17      17       1    1990        4.6900000       93.3948849        2.1240000       30.3040763        2.4500000        0.9829160      -99.0000000       21.5045277
      18      18       1    1990        4.6900000       92.4653979        2.0820000       30.0489600        2.3200000        0.9835696      -99.0000000       21.3896194
      19      19       1    1990        4.6900000       91.5451613        1.5780000       29.7961683        2.3200000        0.9839571      -99.0000000       21.2355289
      20      20       1    1990        4.6900000       90.6340830        1.4250000       29.5456791        2.3200000        0.9810708      -99.0000000       20.9746698
      21      21       1    1990        4.6900000       89.7320719        1.5290000       29.2974703        2.2000000        0.9784677      -99.0000000       20.8010683
      22      22       1    1990        4.6900000       88.8390378        1.6700000       29.0515204        2.2000000        0.9763117      -99.0000000       20.6290625
      23      23       1    1990        4.6900000       87.9548913        1.3540000       28.8078079        2.2000000        0.9754359      -99.0000000       20.4586430
      24      24       1    1990        4.4660000       87.0795696        1.3810000       28.5663113        2.0800000        0.9741472      -99.0000000       20.2897881
      25      25       1    1990        4.2490000       86.2129625        1.4250000       28.3270096        2.0800000        0.9720389      -99.0000000       20.1224797
      26      26       1    1990        4.4660000       85.3549551        1.6880000       28.0898820        2.0800000        0.9701753      -99.0000000       19.9567013
      27      27       1    1990        4.2490000       84.5054846        2.1290000       27.8549078        1.9700000        0.9684554      -99.0000000       19.7924375
      28      28       1    1990        4.2490000       83.6644677        1.5940000       27.6220664        1.9700000        0.9668205      -99.0000000       19.6296733
      29      29       1    1990        4.2490000       82.8318205        1.3960000       27.3913377        1.9700000        0.9652361      -99.0000000       19.4683944
      30      30       1    1990        4.2490000       82.0076278        1.2970000       27.1627015        1.8700000        0.9636821      -99.0000000       19.3085864
      31      31       1    1990        4.2490000       81.1919914        1.2760000       26.9361445        1.8700000        0.9621469      -99.0000000       19.1502352
      32       1       2    1990        4.6900000       80.3849202        1.2420000       26.7116514        1.8700000        0.9606237      -99.0000000       18.9933269
      33       2       2    1990        4.6900000       79.5853417        1.2760000       26.4891832        1.7600000        0.9591084      -99.0000000       18.8378477
      34       3       2    1990        4.6900000       78.7934844        1.2690000       26.2687233        1.7600000        0.9575988      -99.0000000       18.6837853
      35       4       2    1990        4.2490000       78.0098320        1.1750000       26.0502569        1.7600000        0.9562429      -99.0000000       18.5311495
      36       5       2    1990        4.2490000       77.2338523        1.0850000       25.8337656        1.6700000        0.9549798      -99.0000000       19.3584884
      37       6       2    1990        4.0380000       76.4652830        1.0720000       25.6192312        1.6700000        0.9533987      -99.0000000       18.3096714
      38       7       2    1990        4.0380000       75.7042962        1.0590000       25.4066353        1.5700000        0.9524053      -99.0000000       18.8954009
      39       8       2    1990        4.0380000       74.9510034        0.9860000       25.1959597        1.7600000        1.0015962      -99.0000000       18.5435967
      40       9       2    1990        3.8330000       74.2055048        0.9740000       24.9871861        1.8700000        0.9785054      -99.0000000       18.5898807
      41      10       2    1990        3.8330000       73.4671264        0.9740000       24.7802966        2.2000000        0.9641941      -99.0000000       18.5799904
      42      11       2    1990        3.6350000       72.7359748        0.9800000       24.5752733        2.4500000        0.9546190      -99.0000000       17.9394445
      43      12       2    1990        3.6350000       72.0122382        1.0100000       24.3720986        2.3200000        0.9509463      -99.0000000       17.7209144
      44      13       2    1990        3.6350000       71.2961038        0.9570000       24.1707550        2.2000000        0.9499835      -99.0000000       17.6692438
      45      14       2    1990        3.6350000       70.5868714        0.8260000       23.9712250        1.9700000        0.9485842      -99.0000000       17.4282317
      46      15       2    1990        3.6350000       69.8852928        0.8930000       23.7734920        1.8700000        0.9465558      -99.0000000       17.2810494
      47      16       2    1990        3.6350000       69.1911835        1.0230000       23.5775389        1.6700000        0.9448515      -99.0000000       17.1406092
      48      17       2    1990        3.4420000       68.5029140        0.9040000       23.3833481        1.8700000        0.9432219      -99.0000000       17.0644754
      49      18       2    1990        3.4420000       67.8211548        0.8590000       23.1909031        2.0800000        0.9419825      -99.0000000       17.0741960
      50      19       2    1990        3.2560000       67.1461851        0.7350000       23.0001876        2.3200000        0.9411775      -99.0000000       16.9075332
      51      20       2    1990        3.0760000       66.4779368        0.7400000       22.8111852        1.9700000        0.9435322      -99.0000000       17.0808713
      52      21       2    1990        3.0760000       65.8163395        0.7200000       22.6238797        5.0500000        1.0517731      -99.0000000       18.6554659
      53      22       2    1990        3.0760000       65.1613256        0.7400000       22.4382551        4.0200000        1.1020701      -99.0000000       18.1618309
      54      23       2    1990        3.0760000       64.5128293        0.7050000       22.2542956        5.0500000        1.0328973      -99.0000000       18.4786861
      55      24       2    1990        2.9010000       63.8707859        0.6600000       22.0719854        6.2800000        1.0220530      -99.0000000       21.7509443
      56      25       2    1990        2.7330000       63.2351314        0.7510000       21.8913089        7.1200000        1.0395382      -99.0000000       23.9298932
      57      26       2    1990        2.7330000       62.6058023        0.6510000       21.7122507        8.3800000        1.0991865      -99.0000000       26.1297489
      58      27       2    1990        2.7330000       61.9827360        0.6310000       21.5347955        9.8000000        1.0573534      -99.0000000       25.8733066
      59      28       2    1990        2.7330000       61.3658702        0.6220000       21.3589282       10.5700000        1.0219793      -99.0000000       25.4387378
      60       1       3    1990        2.7330000       60.7551435        0.5760000       21.1846338        6.8300000        1.0063082      -99.0000000       25.6273087
      61       2       3    1990        2.7330000       60.1504946        0.6310000       21.0119172        5.7700000        1.0851902      -99.0000000       26.1095994
      62       3       3    1990        2.7330000       59.5519373        0.6900000       20.8408126        5.0500000        1.0943741      -99.0000000       25.8852021
      63       4       3    1990        2.9010000       58.9596229        0.6310000       20.6712101        4.6200000        1.1407939      -99.0000000       25.5927280
      64       5       3    1990        2.7330000       58.3729678        0.5760000       20.5030861        4.4100000        1.1754842      -99.0000000       26.0360279
      65       6       3    1990        2.7330000       57.7920362        0.6120000       20.3364449        4.2100000        1.1379476      -99.0000000       26.9302524
      66       7       3    1990        2.7330000       57.2168826        0.5580000       20.1712840        4.4100000        1.0883093      -99.0000000       27.1192419
      67       8       3    1990        2.7330000       56.6474516        0.4970000       20.0075938        4.2100000        1.0589864      -99.0000000       26.7812997
      68       9       3    1990        2.5710000       56.0838236        0.4970000       19.8453845        4.0200000        1.1087568      -99.0000000       27.3158848
      69      10       3    1990        2.9010000       55.5263566        0.5310000       19.6846535        3.8300000        1.2405763      -99.0000000       28.6952953
      70      11       3    1990        2.9010000       54.9740536        0.4410000       19.5253196        3.6600000        1.2216901      -99.0000000       28.2328181
      71      12       3    1990        2.7330000       54.4269694        0.4360000       19.3673882        3.6600000        1.2380731      -99.0000000       27.8376648
      72      13       3    1990        2.7330000       53.8853103        0.5230000       19.2108611        3.8300000        1.4288537      -99.0000000       27.6301669
      73      14       3    1990        2.7330000       53.3490397        0.6170000       19.0557185        3.3200000        2.0690466      -99.0000000       36.3194184
      74      15       3    1990        2.5710000       52.8181042        0.6260000       18.9019508        3.1600000        2.4799851      -99.0000000       72.1914692
      75      16       3    1990        2.7330000       52.2924509        0.6220000       18.7495472        3.0000000        2.2432686      -99.0000000       87.3651090
      76      17       3    1990        2.7330000       51.7720276        0.7780000       18.5984943        2.8600000        1.9887529      -99.0000000       67.4056126
      77      18       3    1990        2.5710000       51.2567827        0.8480000       18.4487803        3.0000000        2.0286589      -99.0000000       53.9909359
      78      19       3    1990        2.5710000       50.7466649        0.7200000       18.3003928        3.3200000        2.0296637      -99.0000000       47.0466719
      79      20       3    1990        2.5710000       50.2416234        0.6270000       18.1533195        3.6600000        1.8615785      -99.0000000       44.9767447
      80      21       3    1990        2.5710000       49.7416079        0.5230000       18.0075481        3.8300000        1.8767112      -99.0000000       44.8835201
      81      22       3    1990        2.4140000       49.2465684        0.4520000       17.8630712        3.6600000        2.0904326      -99.0000000       45.8879525
      82      23       3    1990        2.4140000       48.7564871        0.5490000       17.7198795        3.1600000        2.3541698      -99.0000000       46.3289412
      83      24       3    1990        2.4140000       48.2713663        0.6310000       17.5779476        3.0000000        2.4602107      -99.0000000       46.2512362
      84      25       3    1990        2.4140000       47.7910633        0.7000000       17.4372653        2.8600000        2.3773969      -99.0000000       45.9982013
      85      26       3    1990        2.2630000       47.3155969        0.6900000       17.2978238        2.7100000        2.3902030      -99.0000000       46.3584074
      86      27       3    1990        2.4140000       46.8449828        0.5940000       17.1596185        2.5800000        2.3816258      -99.0000000       45.6148322
      87      28       3    1990        2.4140000       46.3798000        0.6660000       17.0226453        2.5800000        2.2901373      -99.0000000       45.1657682
      88      29       3    1990        2.5710000       45.9200882        0.5580000       16.8869254        3.0000000        2.4398823      -99.0000000       45.3953082
      89      30       3    1990        2.5710000       45.4659598        0.6370000       16.7524994        3.6600000        2.6999055      -99.0000000       47.9259574
      90      31       3    1990        2.4140000       45.0145807        0.7510000       16.6191951        4.6200000        3.1740142      -99.0000000       57.0667815
      91       1       4    1990        2.4140000       44.5666747        0.6370000       16.4869958        6.2800000        3.7244179      -99.0000000       81.5241809
      92       2       4    1990        2.1180000       44.1231236        0.5490000       16.3559366        7.7300000        3.7472130      -99.0000000       84.6756989
      93       3       4    1990        2.1180000       43.6840019        0.5990000       16.2260233       10.1800000        3.6179004      -99.0000000       70.5153308
      94       4       4    1990        2.1180000       43.2492567        0.5020000       16.0972490       11.8200000        3.8533801      -99.0000000       65.1554371
      95       5       4    1990        2.1180000       42.8188389        0.4770000       15.9696044       12.7200000        4.0305579      -99.0000000       65.9157420
      96       6       4    1990        2.1180000       42.3927035        0.5800000       15.8430792       12.2600000        3.8654373      -99.0000000       68.5317836
      97       7       4    1990        1.9780000       41.9708074        0.5990000       15.7176633       13.1800000        3.4790451      -99.0000000       69.6815896
      98       8       4    1990        1.9780000       41.5531086        0.4530000       15.5933464       12.2600000        3.4144701      -99.0000000       66.4007881
      99       9       4    1990        1.9780000       41.1395656        0.4480000       15.4701184       13.6600000        3.4137872      -99.0000000       70.0688872
     100      10       4    1990        1.8440000       40.7301373        0.4250000       15.3479693       15.1900000        3.3860103      -99.0000000       81.9349679
     101      11       4    1990        1.9780000       40.3247830        0.3940000       15.2268890       16.8400000        3.4408231      -99.0000000       83.4423247
     102      12       4    1990        1.8440000       39.9234624        0.3690000       15.1068675       19.2500000        3.3349455      -99.0000000       95.6435457
     103      13       4    1990        1.8440000       39.5261356        0.3620000       14.9878952       22.6300000        3.3147418      -99.0000000       84.7325428
     104      14       4    1990        1.8440000       39.1327628        0.3480000       14.8699621       26.4500000        3.2758110      -99.0000000       76.1319993
     105      15       4    1990        1.7160000       38.7433048        0.3910000       14.7530587       24.1000000        3.2399946      -99.0000000       75.1097579
     106      16       4    1990        1.8440000       38.3577227        0.4210000       14.6371753       23.3600000        3.2452092      -99.0000000       75.0983365
     107      17       4    1990        2.1180000       37.9759780        0.4170000       14.5223025       19.8900000        3.3644592      -99.0000000       75.8230216
     108      18       4    1990        1.9780000       37.5980335        0.3650000       14.4084310       17.4200000        3.7212209      -99.0000000       76.5324754
     109      19       4    1990        1.9780000       37.2238557        0.3240000       14.2955513       15.7200000        4.1684679      -99.0000000       79.9022411
     110      20       4    1990        2.1180000       36.8534039        0.3580000       14.1836543       14.6700000        4.2449416      -99.0000000       79.7925610
     111      21       4    1990        2.1180000       36.4866370        0.3580000       14.0727308       13.6600000        3.9497714      -99.0000000       78.3113389
     112      22       4    1990        1.9780000       36.1235218        0.3110000       13.9627717       13.6600000        4.1049821      -99.0000000       77.6264193
     113      23       4    1990        1.8440000       35.7640157        0.2730000       13.8537681       12.7200000        4.1999266      -99.0000000       79.0817418
     114      24       4    1990        1.8440000       35.4080852        0.2980000       13.7457112       11.8200000        4.0375147      -99.0000000       80.6974858
     115      25       4    1990        1.8440000       35.0556965        0.2730000       13.6385921       10.9800000        4.0477786      -99.0000000       81.7415332
     116      26       4    1990        1.8440000       34.7068156        0.2980000       13.5324022       10.1800000        4.1877835      -99.0000000       83.7287885
     117      27       4    1990        1.8440000       34.3614170        0.2730000       13.4271329        9.8000000        4.3549244      -99.0000000       86.2415760
     118      28       4    1990        1.8440000       34.0194826        0.3040000       13.3227767        9.4300000        4.3591329      -99.0000000       86.4247484
     119      29       4    1990        2.1180000       33.6809859        0.3240000       13.2193260        9.0700000        4.2133491      -99.0000000       86.9629990
     120      30       4    1990        1.8440000       33.3458249        0.3950000       13.1167754        8.7200000        4.0873853      -99.0000000       85.7616331
     121       1       5    1990        2.1180000       33.0139839        0.3380000       13.0151282        8.3800000        4.0160397      -99.0000000       85.0094900
     122       2       5    1990        2.1180000       32.6854290        0.4020000       12.9143484        8.0500000        3.9199210      -99.0000000       84.4196397
     123       3       5    1990        2.4140000       32.3601391        0.3870000       12.8144302        7.7300000        3.8183054      -99.0000000       83.5573451
     124       4       5    1990        2.4140000       32.0380854        0.4640000       12.7153719        7.4200000        3.7532618      -99.0000000       82.7183037
     125       5       5    1990        3.0760000       31.7192364        0.4440000       12.6171673        7.1200000        3.7767624      -99.0000000       82.2168151
     126       6       5    1990        3.0760000       31.4035601        0.5280000       12.5198088        6.8300000        3.8916209      -99.0000000       82.3678864
     127       7       5    1990        2.7330000       31.0910252        0.6360000       12.4232889        6.5500000        3.9905989      -99.0000000       81.7009755
     128       8       5    1990        2.7330000       30.7816031        0.5800000       12.3276001        6.5500000        4.0995969      -99.0000000       80.9059058
     129       9       5    1990        2.7330000       30.4753052        0.6030000       12.2327403        6.2800000        4.2700695      -99.0000000       80.5135089
     130      10       5    1990        7.8930000       30.1725176        0.5230000       12.1387579        6.0200000        4.5008772      -99.0000000       81.6211675
     131      11       5    1990        6.7170000       29.8741841        0.6130000       12.0457933        5.5200000        4.8319287      -99.0000000       83.1984083
     132      12       5    1990        6.7170000       29.5793678        0.6220000       11.9535622        4.8300000        4.9783010      -99.0000000       84.3702115
     133      13       5    1990        4.0380000       29.2875167        0.5490000       11.8619748        5.0500000        4.8062341      -99.0000000       85.9020732
     134      14       5    1990        3.0760000       28.9982738        0.4480000       11.7711280        5.2800000        4.6202168      -99.0000000       86.5135250
     135      15       5    1990        3.8330000       28.7151307        0.4800000       11.6810526        5.2800000        4.7267789      -99.0000000       86.0690113
     136      16       5    1990        2.7330000       28.4311423        0.4890000       11.5917431        4.8300000        5.5926350      -99.0000000       86.6773077
     137      17       5    1990        2.4140000       28.1486152        0.4800000       11.5032131        4.4100000        5.7422423      -99.0000000       88.0412880
     138      18       5    1990        2.4140000       27.8737077        0.4290000       11.4154674        4.2100000        5.3375589      -99.0000000       89.2983075
     139      19       5    1990        2.7330000       27.6097367        0.3940000       11.3284461        4.6200000        5.1491358      -99.0000000       89.4461578
     140      20       5    1990        3.4420000       27.3386628        0.3760000       11.2421526        5.0500000        4.9500004      -99.0000000       91.2213172
     141      21       5    1990        2.7330000       27.0664133        0.4090000       11.1565916        6.0200000        4.8151738      -99.0000000       97.2588787
     142      22       5    1990        2.4140000       26.7968034        0.3800000       11.0717592        6.8300000        4.7612416      -99.0000000       95.7565098
     143      23       5    1990        2.1180000       26.5300216        0.4130000       10.9876495        7.7300000        5.0235483      -99.0000000       94.4547693
     144      24       5    1990        2.1180000       26.2659610        0.3870000       10.9042562        8.3800000        5.1500437      -99.0000000       96.5002541
     145      25       5    1990        1.8440000       26.0045560        0.3140000       10.8215728        8.3800000        5.0702485      -99.0000000       96.4115467
     146      26       5    1990        1.7160000       25.7457622        0.3280000       10.7395930        9.0700000        5.3081389      -99.0000000       94.6967899
     147      27       5    1990        1.7160000       25.4895457        0.7940000       10.6583103        9.8000000        5.4449888      -99.0000000       94.0657356
     148      28       5    1990        1.5930000       25.2358778        1.1180000       10.5777184        9.0700000        5.3850474      -99.0000000       92.9971840
     149      29       5    1990        1.5930000       24.9857094        1.0660000       10.4978249        7.4200000        5.3201540      -99.0000000       91.9962561
     150      30       5    1990        1.7160000       24.7448350        0.9160000       10.4186182        6.0200000        5.2567776      -99.0000000       91.1665521
     151      31       5    1990        1.7160000       24.5204339        0.8020000       10.3401055        4.8300000        5.2351623      -99.0000000       91.2772781
     152       1       6    1990        2.1180000       24.3297841        1.1920000       10.2624343        3.8300000        5.2054597      -99.0000000       92.5111495
     153       2       6    1990        3.2560000       24.2368554        1.1500000       10.1857678        3.0000000        5.0803993      -99.0000000       92.0010111
     154       3       6    1990        7.2910000       24.1290490        0.8840000       10.1098953        2.5800000        4.9697051      -99.0000000       90.9964835
     155       4       6    1990       12.1120000       23.9724232        0.6760000       10.0346785        2.2000000        4.9020398      -99.0000000       90.1204860
     156       5       6    1990        7.5890000       23.8221290        0.7850000        9.9608877        1.9700000        4.8594516      -99.0000000       89.3879955
     157       6       6    1990        4.2490000       23.6023176        1.1060000        9.8876550        1.8700000        4.8314824      -99.0000000       88.8719405
     158       7       6    1990        3.0760000       23.3806602        1.0720000        9.8143627        1.7600000        4.8120392      -99.0000000       89.3252552
     159       8       6    1990        2.4140000       23.1754387        1.0560000        9.7411454        1.8700000        4.8385672      -99.0000000       89.7896805
     160       9       6    1990        2.4140000       22.9622182        1.4290000        9.6683484        3.4800000        4.8745115      -99.0000000       89.5688862
     161      10       6    1990        2.2630000       22.7593043        1.1440000        9.5961287        4.0200000        4.8398368      -99.0000000       89.4596206
     162      11       6    1990        3.0760000       22.5792764        1.1120000        9.5245156        4.6200000        4.8123676      -99.0000000       88.6042203
     163      12       6    1990        5.6500000       22.4594812        0.8120000        9.4535093        5.0500000        4.7932278      -99.0000000       87.7959680
     164      13       6    1990        6.7170000       22.5665164        0.6040000        9.3831863        5.7700000        4.7789486      -99.0000000       87.0519678
     165      14       6    1990       18.4210000       23.1115891        0.5060000        9.3137339        6.2800000        4.7675082      -99.0000000       86.3467373
     166      15       6    1990        7.2910000       23.9912544        0.5140000        9.2451856        6.8300000        4.7577280      -99.0000000       85.6656442
     167      16       6    1990        5.9070000       24.5345790        0.5150000        9.1774249        7.1200000        4.7489209      -99.0000000       85.0004702
     168      17       6    1990       10.2260000       24.7261695        0.6230000        9.1106922        7.1200000        4.7406863      -99.0000000       84.3466040
     169      18       6    1990        8.5240000       25.3243052        0.5150000        9.0444428        6.8300000        4.7327905      -99.0000000       83.7014559
     170      19       6    1990       12.5120000       25.7140458        0.5140000        8.9782672        6.2800000        4.7250971      -99.0000000       83.0648135
     171      20       6    1990       13.7580000       25.8691435        0.5190000        8.9122855        6.0200000        4.7175267      -99.0000000       82.4838887
     172      21       6    1990        7.2910000       26.5454925        0.6810000        8.8477502        5.5200000        4.7100330      -99.0000000       82.1428415
     173      22       6    1990        5.6500000       27.7309681        0.6950000        8.7865156        5.2800000        4.7025888      -99.0000000       81.7492436
     174      23       6    1990        7.2910000       28.6600470        0.6030000        8.7246439        4.8300000        4.6951783      -99.0000000       81.1427417
     175      24       6    1990       16.4600000       29.1001257        0.5900000        8.6619337        4.4100000        4.6877922      -99.0000000       80.5223713
     176      25       6    1990        9.8710000       29.6410073        0.7730000        8.5998987        4.2100000        4.6804253      -99.0000000       79.8961842
     177      26       6    1990       18.4210000       30.5873517        0.8930000        8.5407807        4.0200000        4.6730744      -99.0000000       79.2837458
     178      27       6    1990       39.0200000       32.4363466        1.0470000        8.4898924        4.6200000        4.6657375      -99.0000000       78.6836088
     179      28       6    1990       45.6160000       36.1946237        2.0990000        8.4429052        5.0500000        4.6584136      -99.0000000       78.1009120
     180      29       6    1990       90.6480000       42.8621464        9.6900000        8.3912743        5.2800000        4.6511021      -99.0000000       77.5313264
     181      30       6    1990       39.0200000       45.8845752        5.5560000        8.3516123        5.0500000        4.6438026      -99.0000000       77.1121947
     182       1       7    1990       23.9020000       45.1806188        3.7270000        8.3268597        5.0500000        4.6365148      -99.0000000       76.9789575
     183       2       7    1990       25.1000000       43.6343185        6.7800000        8.2938130        5.7700000        4.6292387      -99.0000000       76.4691547
     184       3       7    1990       25.1000000       45.5037573       11.6140000        8.2763202        6.2800000        4.6268957      -99.0000000       75.8904417
     185       4       7    1990       30.2380000       46.1913455        6.6370000        8.3222888        6.8300000        4.6348325      -99.0000000       75.7483565
     186       5       7    1990       33.7380000       47.4248672        9.6820000        8.4077279        7.1200000        4.6290583      -99.0000000       75.4263042
     187       6       7    1990       23.9020000       48.5621853       33.6320000        8.4317470        7.1200000        4.6157888      -99.0000000       74.9040701
     188       7       7    1990       21.6090000       48.7428736       24.1830000        8.5718241        6.8300000        4.6044997      -99.0000000       74.4737736
     189       8       7    1990       50.9640000       50.8269305       18.8010000        8.9671885        6.2800000        4.5949142      -99.0000000       74.1428415
     190       9       7    1990       35.2020000       53.1952075       32.3450000        9.3265168        6.0200000        4.5863270      -99.0000000       73.7821977
     191      10       7    1990       60.6610000       54.9830835       22.6120000        9.5403147        6.2800000        4.5783268      -99.0000000       73.4070969
     192      11       7    1990      115.6470000       57.4138474       34.4510000        9.8298537        6.5500000        4.5706736      -99.0000000       73.2826896
     193      12       7    1990      105.5010000       59.6428139       13.3980000       10.2433304        7.1200000        4.5632276      -99.0000000       73.3191167
     194      13       7    1990       94.5680000       61.8522947       12.2220000       10.8508508        7.4200000        4.5619086      -99.0000000       73.2936785
     195      14       7    1990      139.2560000       66.1958547       23.0170000       11.6371496        7.7300000        4.5576519      -99.0000000       73.2838553
     196      15       7    1990      154.6700000       69.5131486       40.8210000       12.4079254        7.7300000        4.5476104      -99.0000000       73.2912163
     197      16       7    1990       90.6480000       71.5137847       31.1790000       12.6931977        8.0500000        4.5424011      -99.0000000       73.4121641
     198      17       7    1990       54.7240000       82.0193229       34.8680000       13.1001061        8.7200000        4.5361726      -99.0000000       73.2696652
     199      18       7    1990       64.8200000      108.0287144       38.1510000       14.1053639        8.7200000        4.5271728      -99.0000000       72.8943884
     200      19       7    1990      131.1000000      115.7462217       87.2870000       15.0020493        8.3800000        4.5186187      -99.0000000       72.3564354
     201      20       7    1990       72.4900000       99.1283271       46.3430000       15.6387811        8.0500000        4.5128153      -99.0000000       72.1697129
     202      21       7    1990      131.1000000       99.1053212       62.6590000       18.9348473        9.0700000        4.5075687      -99.0000000       72.3353210
     203      22       7    1990      217.3490000      113.4705650       68.6740000       29.9300044        9.8000000        4.4989161      -99.0000000       72.5487747
     204      23       7    1990      147.7020000      117.1529516      135.5980000       32.0830974       13.6600000        4.4909246      -99.0000000       72.2630746
     205      24       7    1990       94.5680000      112.6397707       78.7200000       30.0315017       12.7200000        4.4845409      -99.0000000       71.6741201
     206      25       7    1990       69.1410000      125.4876676       68.3930000       31.0950100       11.8200000        4.4769146      -99.0000000       71.0819818
     207      26       7    1990      248.7670000      152.0699905      106.6670000       39.4365982       10.1800000        4.4693197      -99.0000000       70.5191618
     208      27       7    1990      172.9210000      156.1056879      170.3310000       47.7004186        9.0700000        4.4619738      -99.0000000       69.9737783
     209      28       7    1990      215.1990000      135.8819440       83.5620000       44.2129605        8.7200000        4.4547779      -99.0000000       69.4465142
     210      29       7    1990      154.6700000      127.8366563      105.2640000       40.9580658        7.7300000        4.4476740      -99.0000000       68.9407249
     211      30       7    1990      180.5580000      130.6036826      143.2710000       41.3120935        6.8300000        4.4406284      -99.0000000       68.4231331
     212      31       7    1990      163.6460000      136.1141705       82.2320000       48.8579341        6.2800000        4.4336213      -99.0000000       67.9064083
     213       1       8    1990      248.7670000      137.7284960       85.2340000       60.0346024        6.2800000        4.4266413      -99.0000000       67.3954535
     214       2       8    1990      165.4770000      140.8356410      111.8690000       58.6780872        6.5500000        4.4196816      -99.0000000       66.9114547
     215       3       8    1990      142.6000000      157.7883848      128.9170000       70.6897188        7.1200000        4.4127382      -99.0000000       66.6467989
     216       4       8    1990      156.4420000      186.4683592      117.5350000       92.4394700        7.4200000        4.4058090      -99.0000000       66.9026718
     217       5       8    1990      244.1260000      190.2200267      150.1530000      102.0748944        7.7300000        4.3988925      -99.0000000       67.3343819
     218       6       8    1990      263.0000000      183.7172481       92.9400000       84.5761957        7.7300000        4.3927623      -99.0000000       67.3314480
     219       7       8    1990      188.3890000      195.4166246       79.2940000       82.3861339        8.0500000        4.3865127      -99.0000000       66.9712003
     220       8       8    1990      387.9440000      210.0035480      222.4810000      113.2609478        8.7200000        4.3792454      -99.0000000       66.4403068
     221       9       8    1990      184.4490000      188.4841659      142.0500000      127.4668721        8.7200000        4.3720959      -99.0000000       66.2657831
     222      10       8    1990      188.3890000      175.0124745      129.3780000      105.4544265        8.3800000        4.3664341      -99.0000000       66.2620840
     223      11       8    1990      163.6460000      180.2712378      129.2360000       92.5313228        8.0500000        4.3634409      -99.0000000       66.2410585
     224      12       8    1990      144.2890000      190.5146790      108.7440000       97.1711456        9.0700000        4.3553652      -99.0000000       66.1621163
     225      13       8    1990      239.5360000      195.5693818      184.6400000      111.4358521        9.8000000        4.3473094      -99.0000000       65.9592969
     226      14       8    1990      180.5580000      208.0153671      282.1530000      118.0380748       10.5700000        4.3397563      -99.0000000       65.6821608
     227      15       8    1990      178.6300000      211.2625496      262.5990000      114.3039253       11.3900000        4.3325195      -99.0000000       65.4384827
     228      16       8    1990      253.4600000      213.1490132      222.1930000      112.2666048       11.8200000        4.3258514      -99.0000000       65.7076898
     229      17       8    1990      169.1750000      211.0398543      221.2710000      106.4919213       13.1800000        4.3188980      -99.0000000       65.8674514
     230      18       8    1990      172.9210000      208.5267614      275.8460000      101.0139423       15.1900000        4.3141278      -99.0000000       65.7629360
     231      19       8    1990      263.0000000      206.9376839      295.0030000       98.3834761       16.8400000        4.3129588      -99.0000000       65.5424536
     232      20       8    1990      151.1630000      207.5925287      246.7020000      102.1944277       16.8400000        4.3019159      -99.0000000       65.2059701
     233      21       8    1990      147.7020000      208.1535020      173.2350000      100.1972090       19.2500000        4.2975707      -99.0000000       65.3502210
     234      22       8    1990      178.6300000      210.5322777      199.1600000       99.1040833       19.8900000        4.2996405      -99.0000000       65.5846064
     235      23       8    1990      104.0960000      213.7513943      149.6120000       99.4084632       21.2300000        4.2850961      -99.0000000       65.5936049
     236      24       8    1990      156.4420000      219.2761350      140.8380000      100.3559106       21.9200000        4.2768760      -99.0000000       65.3156120
     237      25       8    1990       83.0990000      223.0525085      220.9640000      101.5980118       20.5500000        4.2717790      -99.0000000       66.5098304
     238      26       8    1990       90.6480000      226.6249101      187.8040000      103.5099799       21.2300000        4.2648740      -99.0000000       68.9090264
     239      27       8    1990      149.4270000      233.3704913      259.2410000      109.0320002       19.8900000        4.2573907      -99.0000000       68.3705964
     240      28       8    1990       98.5860000      249.4785900      193.0300000      122.2077174       21.9200000        4.2500961      -99.0000000       67.7425609
     241      29       8    1990      137.6020000      263.9590951      136.9460000      135.0636387       20.5500000        4.2427014      -99.0000000       67.6008872
     242      30       8    1990       60.6610000      259.7720567      230.8320000      141.8998775       19.8900000        4.2356204      -99.0000000       67.3722366
     243      31       8    1990      171.0420000      252.1897502      211.3380000      132.6680210       21.2300000        4.2287267      -99.0000000       67.1395443
     244       1       9    1990      137.6020000      248.4405828      198.1720000      124.6334255       21.2300000        4.2219466      -99.0000000       67.5316542
     245       2       9    1990      277.6990000      244.3984055      244.1040000      127.5681938       20.5500000        4.2168415      -99.0000000       67.9407195
     246       3       9    1990      131.1000000      245.0658142      180.7890000      137.5876209       19.2500000        4.2114714      -99.0000000       67.3610980
     247       4       9    1990      223.8720000      247.8772945      148.0320000      134.6892216       18.0100000        4.2039222      -99.0000000       66.7739836
     248       5       9    1990      161.8270000      258.5662271      132.9930000      130.4696630       16.2700000        4.1967764      -99.0000000       66.3447656
     249       6       9    1990      167.3200000      272.1521727      245.1570000      129.6415208       15.7200000        4.1898704      -99.0000000       67.1826483
     250       7       9    1990      131.1000000      262.6696297      218.3580000      127.0793725       14.1600000        4.1831086      -99.0000000       76.4425668
     251       8       9    1990      171.0420000      262.6897241      124.4350000      125.5506688       13.6600000        4.1768615      -99.0000000       85.1680187
     252       9       9    1990      121.6920000      284.4224515      101.7410000      124.0951430       12.7200000        4.1708026      -99.0000000       77.2673696
     253      10       9    1990       94.5680000      303.2929150       95.2490000      123.2562062       11.8200000        4.1644026      -99.0000000       71.6509373
     254      11       9    1990       95.8970000      293.2785110      155.1480000      122.8786384       10.1800000        4.1575927      -99.0000000       70.2842036
     255      12       9    1990      112.6930000      299.9596143      132.2210000      125.3218782        9.0700000        4.1508262      -99.0000000       69.4017098
     256      13       9    1990      154.6700000      295.2975120      118.6760000      131.4035287        8.7200000        4.1441712      -99.0000000       68.6798266
     257      14       9    1990      126.3450000      285.5022989       78.6420000      130.0106362        7.7300000        4.1375854      -99.0000000       68.0504485
     258      15       9    1990       78.2790000      276.5801780       64.2310000      127.1651924        6.8300000        4.1310443      -99.0000000       67.4758705
     259      16       9    1990       78.2790000      272.2134353       42.6400000      125.0096988        6.2800000        4.1245335      -99.0000000       66.9344790
     260      17       9    1990      118.6470000      269.3306753       44.3550000      123.3219107        5.2800000        4.1180446      -99.0000000       66.4144745
     261      18       9    1990      151.1630000      269.3039379       39.3580000      122.4654835        4.6200000        4.1116608      -99.0000000       66.6349807
     262      19       9    1990      131.1000000      273.9779866       64.2250000      122.6734158        3.8300000        4.1051992      -99.0000000       66.7079913
     263      20       9    1990      174.8120000      274.8310465       89.9440000      122.3056862        3.3200000        4.0987296      -99.0000000       66.6227512
     264      21       9    1990      101.3190000      273.7813520       86.7050000      121.2495016        3.4800000        4.0947596      -99.0000000       66.3859616
     265      22       9    1990       85.5730000      274.0329734       76.5940000      120.5933200        3.8300000        4.0950702      -99.0000000       66.3451131
     266      23       9    1990      140.9220000      279.3156514      101.4230000      120.7079475        4.0200000        4.0886002      -99.0000000       66.0830001
     267      24       9    1990      165.4770000      284.6280438       75.3980000      120.6264224        3.8300000        4.0757857      -99.0000000       66.3852079
     268      25       9    1990       81.8780000      284.9282397       58.1200000      119.5305946        3.6600000        4.0777819      -99.0000000       66.1489246
     269      26       9    1990       78.2790000      286.7551168       54.5390000      118.3994301        3.1600000        4.0850659      -99.0000000       65.5592790
     270      27       9    1990       73.6270000      295.5916448       66.8030000      119.1965433        2.5800000        4.0868613      -99.0000000       65.0944422
     271      28       9    1990      158.2250000      298.9754161      127.4150000      121.0949188        2.3200000        4.0581096      -99.0000000       64.6856965
     272      29       9    1990      115.6470000      301.0146057       51.8180000      120.3870824        2.2000000        4.0489257      -99.0000000       64.1724027
     273      30       9    1990      165.4770000      301.2558805       61.1560000      119.2588922        2.0800000        4.0412304      -99.0000000       63.8605049
     274       1      10    1990      121.6920000      300.5734932       68.7110000      118.2533995        2.0800000        4.0347598      -99.0000000       64.2943454
     275       2      10    1990      118.6470000      300.7489020       54.7580000      117.1257233        2.0800000        4.0290533      -99.0000000       64.0009066
     276       3      10    1990       71.3630000      312.5268374       41.2320000      116.0277036        2.0800000        4.0224430      -99.0000000       63.0251194
     277       4      10    1990      101.3190000      317.2899123       42.5500000      115.1601501        1.9700000        4.0152604      -99.0000000       62.4557353
     278       5      10    1990       62.7200000      304.7146274       33.1060000      114.2395860        1.9700000        4.0084516      -99.0000000       61.9741853
     279       6      10    1990       54.7240000      292.7741440       26.6610000      113.2043433        1.9700000        4.0018650      -99.0000000       61.5047765
     280       7      10    1990       88.0890000      291.1567667       30.2580000      112.1935625        1.8700000        3.9954122      -99.0000000       61.0438223
     281       8      10    1990       59.6470000      294.4618122       48.3670000      111.2768591        1.8700000        3.9890414      -99.0000000       60.5892476
     282       9      10    1990       46.4840000      294.8604142       26.9170000      110.3297757        1.8700000        3.9827227      -99.0000000       60.1590311
     283      10      10    1990       40.6130000      290.7476346       21.8110000      109.3521604        1.7600000        3.9982147      -99.0000000       60.6018480
     284      11      10    1990       36.7010000      287.1102680       18.9530000      108.3828440        1.7600000        3.9834007      -99.0000000       60.2117607
     285      12      10    1990       35.9470000      283.8143985       17.0140000      107.4270211        1.7600000        3.9689085      -99.0000000       59.5920161
     286      13      10    1990       33.0200000      280.7526117       15.3420000      106.4836295        1.6700000        3.9616797      -99.0000000       59.1265479
     287      14      10    1990       31.6110000      277.9046382       14.1940000      105.5524329        1.6700000        3.9564625      -99.0000000       58.7022444
     288      15      10    1990       30.2380000      275.9894207       15.1400000      104.6418746        1.6700000        3.9534436      -99.0000000       58.3233568
     289      16      10    1990       31.6110000      274.4754147       13.2180000      103.7404569        1.5700000        3.9439438      -99.0000000       57.9025427
     290      17      10    1990       27.5990000      271.6423910       11.9130000      102.8375981        1.5700000        3.9374885      -99.0000000       57.8382831
     291      18      10    1990       25.1000000      269.3443303       10.0990000      101.9616134        1.5700000        3.9501458      -99.0000000       59.7629858
     292      19      10    1990       25.1000000      269.7036974        9.5110000      101.1224564        1.4800000        3.9860148      -99.0000000       62.0931261
     293      20      10    1990       23.9020000      285.3400831        9.1200000      100.2877074        1.4800000        3.9391907      -99.0000000       61.1626487
     294      21      10    1990       23.9020000      304.1515229        9.6700000       99.4863609        1.4000000        3.9261420      -99.0000000       61.2607497
     295      22      10    1990       25.1000000      280.9116825        9.2750000       98.6411562        1.4000000        3.9211820      -99.0000000       61.4948403
     296      23      10    1990       21.6090000      274.3626660        8.8890000       97.7804788        1.4000000        3.9633835      -99.0000000       63.7447973
     297      24      10    1990       20.5140000      270.9153363        8.3450000       96.9261915        1.4800000        3.9465488      -99.0000000       71.7593620
     298      25      10    1990       18.4210000      267.8321076        7.9260000       96.0815461        1.5700000        3.9343056      -99.0000000       76.3848927
     299      26      10    1990       17.4240000      264.9574931        7.7290000       95.2462432        1.6700000        3.9150029      -99.0000000       70.6136858
     300      27      10    1990       16.9380000      262.2083592        7.4150000       94.4196189        1.7600000        3.9306126      -99.0000000       71.4294554
     301      28      10    1990       16.4600000      259.5390555        6.8540000       93.6011761        1.8700000        3.9768666      -99.0000000       76.9445152
     302      29      10    1990       16.4600000      256.9254246        6.6710000       92.7905919        1.7600000        3.9389095      -99.0000000       81.4311211
     303      30      10    1990       15.5280000      254.3528014        6.5900000       91.9876566        1.5700000        3.9141449      -99.0000000       75.3815191
     304      31      10    1990       14.6270000      251.8129143        6.1730000       91.1922258        0.0000000        3.9132425      -99.0000000       72.2142269
     305       1      11    1990       14.1880000      249.3025387        5.9080000       90.4041910        3.6600000        3.9040287      -99.0000000       71.2144114
     306       2      11    1990       13.3350000      246.8193356        5.7550000       89.6234627        3.6600000        3.8875615      -99.0000000       70.4901916
     307       3      11    1990       12.9190000      244.3619561        5.5300000       88.8499618        3.4800000        3.8951329      -99.0000000       70.2463248
     308       4      11    1990       12.5120000      241.9295824        5.3090000       88.0836147        3.4800000        3.9251968      -99.0000000       72.0512652
     309       5      11    1990       12.1120000      239.5240859        5.2070000       87.3243511        3.3200000        3.9238424      -99.0000000       72.8837185
     310       6      11    1990       12.1120000      237.1442683        5.2650000       86.5721022        3.3200000        3.9318834      -99.0000000       73.4022743
     311       7      11    1990       11.7200000      234.7854160        5.1930000       85.8268005        3.3200000        3.9176180      -99.0000000       74.1050893
     312       8      11    1990       11.7200000      232.4604265        5.1790000       85.0883794        3.1600000        3.9662703      -99.0000000       76.9651735
     313       9      11    1990       10.9580000      230.1643146        5.1220000       84.3567729        3.1600000        3.9518829      -99.0000000       82.1752092
     314      10      11    1990       10.9580000      227.8753368        4.7850000       83.6319159        3.0000000        3.9114473      -99.0000000       78.0060232
     315      11      11    1990       10.5880000      225.6069806        4.6890000       82.9137437        3.0000000        3.8859315      -99.0000000       76.2049633
     316      12      11    1990       10.2260000      223.3614911        4.4340000       82.2021923        2.8600000        3.8733887      -99.0000000       75.3371624
     317      13      11    1990       10.2260000      221.1384857        4.2760000       81.4971982        2.8600000        3.8847131      -99.0000000       74.6109131
     318      14      11    1990        9.8710000      218.9376617        4.0970000       80.7986986        2.7100000        3.8954539      -99.0000000       73.9602452
     319      15      11    1990        9.5230000      216.7587612        4.3690000       80.1066313        2.5800000        3.9397279      -99.0000000       73.4912446
     320      16      11    1990        9.1830000      214.6015498        3.9590000       79.4209348        2.5800000        3.9976797      -99.0000000       73.3401407
     321      17      11    1990        9.1830000      212.4658053        3.7980000       78.7415480        2.4500000        3.9639986      -99.0000000       72.8067931
     322      18      11    1990        8.8500000      210.3513122        3.7130000       78.0684105        2.3200000        3.9160568      -99.0000000       72.2196141
     323      19      11    1990        8.5240000      208.2578591        3.7250000       77.4014624        2.3200000        3.8857861      -99.0000000       71.6372761
     324      20      11    1990        8.5240000      206.1852372        3.8220000       76.7406446        2.3200000        3.8656224      -99.0000000       71.0710230
     325      21      11    1990        8.5240000      204.1332399        3.5350000       76.0858984        2.2000000        3.8513542      -99.0000000       70.5153332
     326      22      11    1990        7.8930000      202.1016629        3.3260000       75.4371656        2.0800000        3.8405272      -99.0000000       69.9680849
     327      23      11    1990        7.8930000      200.0903033        3.1800000       74.7943887        1.9700000        3.8317105      -99.0000000       69.4277968
     328      24      11    1990        7.5890000      198.0989603        3.1910000       74.1575108        1.8700000        3.8240701      -99.0000000       68.8934037
     329      25      11    1990        7.2910000      196.1274351        2.9830000       73.5264755        1.8700000        3.8171197      -99.0000000       68.3643024
     330      26      11    1990        7.2910000      194.1755305        2.8240000       72.9012268        1.7600000        3.8105757      -99.0000000       67.8407142
     331      27      11    1990        7.2910000      192.2430515        2.8030000       72.2817096        1.7600000        3.8042727      -99.0000000       67.3228719
     332      28      11    1990        7.2910000      190.3298049        2.8130000       71.6678690        1.6700000        3.8063830      -99.0000000       66.8309884
     333      29      11    1990        7.0010000      188.4355992        2.8450000       71.0596507        1.5700000        3.8129796      -99.0000000       66.6398159
     334      30      11    1990        7.2910000      186.5602450        2.6700000       70.4570011        1.5700000        3.8129869      -99.0000000       66.3938624
     335       1      12    1990        7.0010000      184.7035547        2.6600000       69.8598669        1.5700000        3.8042087      -99.0000000       65.9616825
     336       2      12    1990        7.0010000      182.8653426        2.7820000       69.2681956        1.4800000        3.8085899      -99.0000000       65.4065961
     337       3      12    1990        6.7170000      181.0454247        2.7930000       68.6819349        1.4800000        3.8109769      -99.0000000       65.0502806
     338       4      12    1990        6.7170000      179.2436192        2.7000000       68.1010333        1.4000000        3.7982098      -99.0000000       64.4630131
     339       5      12    1990        6.7170000      177.4597456        2.5000000       67.5254395        1.4000000        3.7821066      -99.0000000       63.9533892
     340       6      12    1990        6.4400000      175.6936255        2.3840000       66.9551029        1.4000000        3.7712476      -99.0000000       63.4636182
     341       7      12    1990        6.1700000      173.9450822        2.1970000       66.3899734        1.3200000        3.7624576      -99.0000000       62.9797820
     342       8      12    1990        6.1700000      172.2139408        2.1610000       65.8300014        1.3200000        3.7548781      -99.0000000       62.5022058
     343       9      12    1990        5.9070000      170.5000282        2.3940000       65.2751376        1.4000000        3.7534355      -99.0000000       62.1991640
     344      10      12    1990        5.6500000      168.8031728        2.1980000       64.7253333        1.5700000        3.7753677      -99.0000000       62.1748672
     345      11      12    1990        5.6500000      167.1232049        2.0530000       64.1805404        1.4800000        3.9860362      -99.0000000       64.0931541
     346      12      12    1990        5.6500000      165.4599564        2.0350000       63.6407110        1.5700000        4.4285418      -99.0000000       70.4948099
     347      13      12    1990        5.6500000      163.8132610        2.0180000       63.1057980        1.4800000        4.7759611      -99.0000000       86.2725890
     348      14      12    1990        5.4000000      162.1829538        1.9140000       62.5757544        1.5700000        5.1808076      -99.0000000       82.9917105
     349      15      12    1990        5.4000000      160.5688718        1.8890000       62.0505339        1.7600000        5.4451423      -99.0000000       78.3802409
     350      16      12    1990        5.1570000      158.9708536        1.8140000       61.5300906        1.7600000        5.3586482      -99.0000000       74.9406992
     351      17      12    1990        5.1570000      157.3887392        1.6600000       61.0143791        1.6700000        5.2374149      -99.0000000       74.3325421
     352      18      12    1990        5.1570000      155.8223703        1.6360000       60.5033542        1.6700000        5.1587658      -99.0000000       73.7727082
     353      19      12    1990        5.1570000      154.2715904        1.6360000       59.9969714        1.6700000        4.9362105      -99.0000000       72.8242517
     354      20      12    1990        5.1570000      152.7362441        1.6360000       59.4951866        1.5700000        4.6855654      -99.0000000       71.9408693
     355      21      12    1990        5.1570000      151.2161780        1.6360000       58.9979561        1.5700000        4.5304797      -99.0000000       71.1156687
     356      22      12    1990        4.6900000      149.7112399        1.6360000       58.5052364        1.5700000        4.4356650      -99.0000000       70.4585525
     357      23      12    1990        4.6900000      148.2212793        1.6360000       58.0169849        1.5700000        4.3775872      -99.0000000       69.8566836
     358      24      12    1990        4.6900000      146.7461471        1.6360000       57.5331589        1.4800000        4.3409205      -99.0000000       69.2881635
     359      25      12    1990        4.6900000      145.2856958        1.6130000       57.0537165        1.4800000        4.3167367      -99.0000000       68.7405178
     360      26      12    1990        4.4660000      143.8397792        1.4840000       56.5786160        1.4000000        4.2998335      -99.0000000       68.2066411
     361      27      12    1990        4.4660000      142.4082527        1.4980000       56.1078162        1.4000000        4.2871791      -99.0000000       67.6824840
     362      28      12    1990        4.4660000      140.9909731        1.4540000       55.6412762        1.4000000        4.2770063      -99.0000000       67.1657341
     363      29      12    1990        4.4660000      139.5877986        1.4030000       55.1789557        1.4000000        4.2682850      -99.0000000       66.6550658
     364      30      12    1990        4.2490000      138.1985888        1.3960000       54.7208146        1.4000000        4.2604147      -99.0000000       66.1497125
     365      31      12    1990        4.2490000      136.8232047        1.3960000       54.2668133        1.3200000        4.2530451      -99.0000000       65.6492251
     366       1       1    1991        4.2490000      135.4615088        1.3960000       53.8169124        1.3200000        4.2794035        2.4730000       65.4141416
     367       2       1    1991        4.2490000      134.1133648        1.3810000       53.3710731        1.3200000        4.3541632        2.4380000       65.3470144
     368       3       1    1991        4.2490000      132.7786378        1.2970000       52.9292569        1.2400000        4.3636522        2.4040000       64.7491280
     369       4       1    1991        4.4660000      131.4571974        1.2970000       52.4914257        1.2400000        4.3761619        2.4730000       64.7162789
     370       5       1    1991        4.2490000      130.1489307        1.3600000       52.0575416        1.3200000        4.3784052        2.4730000       64.1117135
     371       6       1    1991        4.2490000      128.8536946        1.2420000       51.6275674        1.3200000        4.4183597        2.6140000       63.8708315
     372       7       1    1991        4.2490000      127.5713234        1.1810000       51.2014660        1.4800000        4.4752290        2.7610000       63.8543560
     373       8       1    1991        4.0380000      126.3017071        1.1750000       50.7792007        1.5700000        4.4786986       15.8690000       63.5931777
     374       9       1    1991        4.0380000      125.0447254        1.1750000       50.3607352        1.6700000        4.4125956        8.5740000       63.6412709
     375      10       1    1991        4.0380000      123.8002527        1.1750000       49.9460336        1.7600000        4.3563492        3.8360000       62.9154848
     376      11       1    1991        3.8330000      122.5681650        1.1550000       49.5350602        1.7600000        4.3206643       19.3970000       62.3565207
     377      12       1    1991        3.8330000      121.3483390        1.0470000       49.1277797        1.6700000        4.2970652       18.1720000       61.7785294
     378      13       1    1991        3.8330000      120.1406529        1.0590000       48.7241615        1.5700000        4.2805151       17.5780000       61.2795735
     379      14       1    1991        3.6350000      118.9449870        1.0280000       48.3241787        1.4800000        4.2680788       16.9960000       60.8011024
     380      15       1    1991        3.8330000      117.7612223        1.0220000       47.9277857        1.4800000        4.2580456       16.3140000       60.3339240
     381      16       1    1991        3.8330000      116.5892365        1.0160000       47.5349384        1.4000000        4.2597757       13.2580000       59.9195093
     382      17       1    1991        3.8330000      115.4289140        0.9740000       47.1456081        1.4000000        4.2574874        9.4270000       59.9612480
     383      18       1    1991        3.6350000      114.2801392        0.9270000       46.7597649        1.3200000        4.2451464        5.4180000       59.3080581
     384      19       1    1991        3.4420000      113.1427971        0.8870000       46.3773766        1.3200000        4.2351219        2.5430000       58.7314291
     385      20       1    1991        3.4420000      112.0167741        0.8700000       45.9984109        1.2400000        4.2265144        1.9850000       58.2862140
     386      21       1    1991        3.4420000      110.9019575        0.8140000       45.6228356        1.3200000        4.2187377        1.9250000       57.8491023
     387      22       1    1991        3.4420000      109.7982359        0.8590000       45.2506188        1.4800000        4.2114498        1.8950000       57.4181429
     388      23       1    1991        3.2560000      108.7054986        0.8140000       44.8817289        1.7600000        4.2044514        1.8950000       56.9922167
     389      24       1    1991        3.2560000      107.6236366        0.8700000       44.5161345        1.6700000        4.1976262        1.9550000       56.5706768
     390      25       1    1991        3.2560000      106.5525415        0.8590000       44.1538046        1.4800000        4.1909063        2.0160000       56.1531442
     391      26       1    1991        3.2560000      105.4921061        0.7410000       43.7947084        1.4000000        4.2121496        2.0770000       57.4113666
     392      27       1    1991        3.0760000      104.4422245        0.7720000       43.4388155        1.3200000        4.2236955        2.3700000       57.1035763
     393      28       1    1991        3.0760000      103.4027915        0.7200000       43.0860958        1.2400000        4.3855657        2.9890000       64.0164161
     394      29       1    1991        3.0760000      102.3737032        0.7090000       42.7365192        1.1600000        4.3673737        3.3120000       79.5914719
     395      30       1    1991        3.0760000      101.3548566        0.7090000       42.3900563        1.1600000        4.2968950        3.3960000       69.7608232
     396      31       1    1991        2.9010000      100.3461499        0.7090000       42.0466777        1.0900000        4.2524892        3.5680000       63.2511956
     397       1       2    1991        3.0760000       99.3474819        0.7040000       41.7063544        1.0300000        4.2235046        1.8660000       62.1420957
     398       2       2    1991        2.9010000       98.3587530        0.6700000       41.3690578        0.9600000        4.2038682        1.8950000       61.5088982
     399       3       2    1991        2.9010000       97.3798641        0.6360000       41.0347592        0.8400000        4.1896857        1.9550000       60.9559589
     400       4       2    1991        2.7330000       96.4107174        0.6310000       40.7034307        0.7400000        4.1953448        2.0160000       60.4471950
     401       5       2    1991        2.7330000       95.4512158        0.6310000       40.3750441        0.6400000        4.1937385        1.9850000       59.9643733
     402       6       2    1991        2.9010000       94.5012634        0.6220000       40.0495720        0.6000000        4.1779091        1.9850000       59.4974851
     403       7       2    1991        2.7330000       93.5607652        0.5620000       39.7269868        0.6000000        4.1659595        1.9550000       59.0409971
     404       8       2    1991        2.7330000       92.6296270        0.5310000       39.4072616        0.5500000        4.1562764        1.8950000       58.5918665
     405       9       2    1991        2.7330000       91.7077557        0.5530000       39.0903694        0.5500000        4.1479192        1.9550000       58.1500567
     406      10       2    1991        2.5710000       90.7950590        0.5570000       38.7762838        0.5500000        4.1441812        1.8660000       57.7136207
     407      11       2    1991        2.5710000       89.8914458        0.5570000       38.4649783        0.5100000        4.1392939        1.8950000       57.2790588
     408      12       2    1991        2.5710000       88.9968255        0.5570000       38.1564268        0.5100000        4.1307080        1.8950000       56.8489604
     409      13       2    1991        2.5710000       88.1111087        0.5570000       37.8506036        0.5100000        4.1228248        1.8950000       56.4229579
     410      14       2    1991        2.5710000       87.2342067        0.5530000       37.5474832        0.4800000        4.1155376        1.8950000       55.9998256
     411      15       2    1991        2.4140000       86.3660319        0.5230000       37.2470400        0.4800000        4.1086024        1.8950000       55.5803383
     412      16       2    1991        2.4140000       85.5064973        0.4970000       36.9492492        0.4800000        4.1056123        1.8950000       55.1650536
     413      17       2    1991        2.4140000       84.6555170        0.5140000       36.6540857        0.4800000        4.1615066        1.8950000       54.7566424
     414      18       2    1991        2.4140000       83.8130059        0.4930000       36.3615252        0.4100000        4.1324059        1.8950000       54.3504000
     415      19       2    1991        2.2630000       82.9788796        0.4890000       36.0715431        0.4100000        4.1120061        1.8950000       53.9444838
     416      20       2    1991        2.2630000       82.1530548        0.4970000       35.7841154        0.4100000        4.0974508        1.8950000       53.5421740
     417      21       2    1991        2.2630000       81.3354487        0.5310000       35.4992181        0.4100000        4.0862956        1.8950000       53.1442994
     418      22       2    1991        2.2630000       80.5259797        0.4410000       35.2168276        0.4100000        4.0771271        1.8950000       52.7503009
     419      23       2    1991        2.2630000       79.7245667        0.4250000       34.9369205        0.3800000        4.0691214        1.8950000       52.3598035
     420      24       2    1991        2.2630000       78.9311295        0.4250000       34.6594736        0.3800000        4.0617980        1.8950000       51.9726217
     421      25       2    1991        2.1180000       78.1455888        0.4250000       34.3844639        0.4400000        4.0548767        1.8950000       51.5879107
     422      26       2    1991        2.1180000       77.3678659        0.4250000       34.1118686        0.4100000        4.0481942        1.8370000       51.2061906
     423      27       2    1991        2.1180000       76.5978832        0.4250000       33.8416651        0.3800000        4.0416552        1.8370000       50.8281967
     424      28       2    1991        2.1180000       75.8355635        0.4250000       33.5738312        0.3500000        4.0352041        1.7800000       50.4532703
     425       1       3    1991        2.2630000       75.0808306        0.4250000       33.3083448        0.3200000        4.0288083        1.7800000       50.0813748
     426       2       3    1991        2.2630000       74.3336089        0.4250000       33.0451839        0.3200000        4.0224490        1.7520000       49.7126453
     427       3       3    1991        2.2630000       73.5938259        0.4170000       32.7843269        0.2900000        4.0161151        1.7240000       49.3468709
     428       4       3    1991        2.1180000       72.8614067        0.3720000       32.5257523        0.2900000        4.0098001        1.6960000       48.9842211
     429       5       3    1991        2.1180000       72.1362742        0.3650000       32.2694388        0.2700000        4.0035003        1.6420000       48.6248132
     430       6       3    1991        2.1180000       71.4183578        0.3650000       32.0153653        0.2700000        3.9979681        1.6150000       48.2683992
     431       7       3    1991        2.1180000       70.7075861        0.3650000       31.7635124        0.2900000        3.9924683        1.7800000       47.9154498
     432       8       3    1991        1.9780000       70.0039004        0.3660000       31.5138606        0.3200000        3.9857864        1.7800000       47.5652644
     433       9       3    1991        2.1180000       69.3072610        0.3720000       31.2663855        0.3800000        3.9792299        1.7240000       47.2175859
     434      10       3    1991        2.1180000       68.6175694        0.3660000       31.0210668        0.4100000        3.9732652        1.7800000       46.8730494
     435      11       3    1991        1.9780000       67.9346935        0.3650000       30.7778851        0.4800000        3.9677989        1.8660000       46.5319639
     436      12       3    1991        1.9780000       67.2585960        0.3650000       30.5368212        0.5500000        3.9618026        1.8950000       46.2589865
     437      13       3    1991        1.9780000       66.5892257        0.3650000       30.2978553        0.6400000        3.9577138        2.4040000       47.2579925
     438      14       3    1991        1.9780000       65.9265162        0.3650000       30.0609681        0.6900000        4.0267075        2.4730000       46.6043083
     439      15       3    1991        1.8440000       65.2704016        0.3650000       29.8261402        0.6900000        3.9681851        2.4040000       45.2961735
     440      16       3    1991        1.8440000       64.6208167        0.3650000       29.5933526        0.6400000        3.9536206        2.3700000       44.9225555
     441      17       3    1991        1.8440000       63.9776968        0.3650000       29.3625863        0.6000000        3.9425542        2.2040000       44.5910547
     442      18       3    1991        1.8440000       63.3409794        0.3650000       29.1338232        0.6000000        3.9335313        2.0160000       44.2656149
     443      19       3    1991        1.8440000       62.7106031        0.3650000       28.9070452        0.5500000        3.9257044        1.7240000       43.9441667
     444      20       3    1991        1.9780000       62.0864956        0.3650000       28.6822320        0.5500000        3.9185788        1.6690000       43.6261273
     445      21       3    1991        1.9780000       61.4685987        0.3580000       28.4593657        0.5100000        3.9118665        1.6690000       43.3111578
     446      22       3    1991        1.9780000       60.8568529        0.3240000       28.2384285        0.6000000        3.9053992        1.6690000       42.9990534
     447      23       3    1991        2.2630000       60.2512065        0.3510000       28.0194060        0.5500000        3.8990789        1.6150000       42.6896869
     448      24       3    1991        2.2630000       59.6517163        0.3240000       27.8022906        0.6400000        3.8928483        1.6150000       42.3829749
     449      25       3    1991        2.5710000       59.0585142        0.3580000       27.5870551        0.6900000        3.8873645        1.6150000       42.1275416
     450      26       3    1991        2.1180000       58.4708981        0.3800000       27.3736673        0.7900000        3.8824351        1.6150000       42.4677407
     451      27       3    1991        2.2630000       57.8889939        0.4640000       27.1621151        0.9600000        3.8767390        1.7240000       41.6056243
     452      28       3    1991        2.1180000       57.3128769        0.4320000       26.9523856        1.0300000        3.8994305        3.6560000       41.3137816
     453      29       3    1991        1.9780000       56.7424918        0.4250000       26.7444633        1.2400000        3.9628396        3.6120000       44.4946175
     454      30       3    1991        1.8440000       56.1777818        0.4250000       26.5383317        1.4800000        3.9223694        3.8360000       46.4056788
     455      31       3    1991        1.5930000       55.6186906        0.4250000       26.3339744        1.8700000        3.9014366        3.9280000       46.5307905
     456       1       4    1991        1.5930000       55.0651627        0.4170000       26.1313752        2.3200000        3.8850651        5.2500000       50.6652052
     457       2       4    1991        1.5930000       54.5171429        0.3720000       25.9305179        2.5800000        3.8754782       11.4650000       60.9899249
     458       3       4    1991        1.5930000       53.9745768        0.3650000       25.7313864        2.2000000        3.9825086       11.0200000       58.0448846
     459       4       4    1991        1.5930000       53.4374100        0.3720000       25.5339686        1.9700000        3.9972980        6.8190000       55.9410565
     460       5       4    1991        1.5930000       52.9055995        0.4170000       25.3382553        1.8700000        3.9851840        7.4220000       53.8315083
     461       6       4    1991        2.1180000       52.3792155        0.4100000       25.1442149        1.7600000        4.0456062        7.9130000       54.7988124
     462       7       4    1991        2.4140000       51.8582711        0.3310000       24.9518377        1.7600000        4.1553652        9.0330000       61.6840249
     463       8       4    1991        3.0760000       51.3422735        0.3810000       24.7611109        1.6700000        4.1393802       10.5850000       78.5696395
     464       9       4    1991        3.4420000       50.8313768        0.5230000       24.5720105        1.5700000        4.0918166        6.5610000       69.3319250
     465      10       4    1991        5.1570000       50.3262176        0.5060000       24.3845547        1.7600000        4.0665750        7.6300000       61.6887167
     466      11       4    1991       13.7580000       49.8275690        0.5400000       24.1987549        2.0800000        4.1557963       58.3310000       61.6254095
     467      12       4    1991        5.1570000       49.3354155        0.4970000       24.0145057        2.2000000        4.2457705       14.2680000       61.8459057
     468      13       4    1991        5.4000000       48.8522033        0.4800000       23.8317981        1.9700000        4.2259955       11.6460000       61.7069022
     469      14       4    1991        5.6500000       48.3666871        0.4400000       23.6506375        1.7600000        4.2272991        7.7710000       61.4206733
     470      15       4    1991        5.6500000       47.8852262        0.4640000       23.4710183        1.5700000        4.1656413        6.1850000       60.9230189
     471      16       4    1991        3.2560000       47.4091721        0.3800000       23.2929284        1.4000000        4.1055209        5.2500000       60.3509058
     472      17       4    1991        2.9010000       46.9450532        0.3720000       23.1163657        1.4000000        4.0934001        5.0850000       59.6377112
     473      18       4    1991        6.1700000       46.5100451        0.4170000       22.9413449        1.3200000        4.2573391        4.7140000       59.0589303
     474      19       4    1991        8.2050000       46.1029768        0.4410000       22.7678423        1.1600000        4.4320805        4.1160000       58.8311852
     475      20       4    1991        5.6500000       45.7386087        0.5310000       22.5958266        0.9600000        4.5398751        4.0220000       58.5858248
     476      21       4    1991        6.4400000       45.4362606        0.4970000       22.4252418        0.8400000        4.7018730        3.8360000       58.3952484
     477      22       4    1991        7.8930000       45.1324598        0.4800000       22.2560744        0.7400000        4.6949873        3.7010000       59.3308058
     478      23       4    1991        4.6900000       44.8222367        0.4400000       22.0883447        0.6400000        4.7283631        3.6560000       60.6841476
     479      24       4    1991        3.6350000       44.4785516        0.4800000       21.9220213        0.5500000        4.7012642        4.3100000       62.0118999
     480      25       4    1991        7.8930000       44.0577871        0.4800000       21.7570922        0.5100000        4.6247955        3.8360000       62.6804926
     481      26       4    1991        4.2490000       43.6229058        0.4320000       21.5935544        0.6000000        4.5733749        3.8360000       62.8989426
     482      27       4    1991        2.9010000       43.1787621        0.4170000       21.4313982        0.7900000        4.5173977        3.8360000       62.5031564
     483      28       4    1991        2.7330000       42.7786679        0.3870000       21.2706120        0.6900000        4.5329483        3.7460000       63.0652891
     484      29       4    1991        2.7330000       42.4172298        0.4810000       21.1111834        0.6400000        4.6041078        3.7460000       64.3009919
     485      30       4    1991        2.7330000       42.0028718        0.5310000       20.9531000        0.6400000        4.7533568        3.7460000       65.7186445
     486       1       5    1991        2.7330000       41.5798749        0.4410000       20.7963498        0.5100000        4.9400465        4.1160000       67.8731770
     487       2       5    1991        2.7330000       41.1629483        0.4320000       20.6409205        0.6400000        5.1323343        5.8830000       75.7443529
     488       3       5    1991        2.7330000       40.7517169        0.4720000       20.4868004        0.7900000        5.0446535        5.1950000       79.2908521
     489       4       5    1991        3.0760000       40.3528915        0.4660000       20.3339780        0.6900000        4.8989066        4.7140000       73.5520587
     490       5       5    1991        2.7330000       39.9910044        0.7140000       20.1824441        0.6400000        4.8447066        4.1160000       71.2288251
     491       6       5    1991        3.0760000       39.6996511        1.0630000       20.0321984        0.5500000        4.7017161        3.7910000       70.1208024
     492       7       5    1991        2.7330000       39.4784806        1.2980000       19.8832839        0.5100000        4.6340507        3.7460000       69.2935189
     493       8       5    1991        6.1700000       39.3503796        1.0420000       19.7360079        0.5500000        4.7530800        3.8360000       68.7839279
     494       9       5    1991        4.9200000       39.3358692        1.1230000       19.5913890        0.5500000        4.8594692        3.7460000       69.4327439
     495      10       5    1991        7.2910000       39.2022993        1.2350000       19.4486561        0.6400000        4.9373403        3.8820000       69.2480781
     496      11       5    1991        3.0760000       38.7670441        1.1100000       19.3053701        0.6900000        5.0639387        4.0220000       69.0542875
     497      12       5    1991        8.2050000       38.3439512        1.1490000       19.1626060        0.6900000        5.5014693        4.9770000       69.3900949
     498      13       5    1991        7.2910000       38.0642517        1.0720000       19.0209508        0.6400000        5.7158153        6.0630000       71.9754117
     499      14       5    1991        8.5240000       37.9124078        0.9740000       18.8804254        0.6900000        5.7533172        7.9130000       81.8467429
     500      15       5    1991        9.1830000       37.5210054        0.8810000       18.7410574        0.7900000        5.7368622        8.0570000      101.1920368
     501      16       5    1991       12.1120000       37.1274134        0.8090000       18.6028550        0.8400000        5.8140324        8.1300000       93.6760357
     502      17       5    1991        6.1700000       36.7468921        0.8040000       18.4658069        0.9000000        5.6828019        7.7000000       85.5157388
     503      18       5    1991        4.6900000       36.3754485        0.6510000       18.3299012        1.0300000        5.4138239        7.2850000       81.8109836
     504      19       5    1991       12.9190000       36.0312540        0.5850000       18.1951453        1.0300000        5.3605924        6.6890000       81.1106356
     505      20       5    1991       11.3350000       35.7076617        0.5010000       18.0615284        1.1600000        5.2976303        6.1850000       81.4065347
     506      21       5    1991       14.1880000       35.3913145        0.5060000       17.9290012        1.0900000        5.2059401        5.7640000       80.5407997
     507      22       5    1991       13.7580000       35.1901736        0.6320000       17.7975631        1.2400000        5.3189239        4.9240000       80.8865073
     508      23       5    1991        9.8710000       35.1652855        0.7410000       17.6672182        1.3200000        5.4455209        6.4340000       85.1762876
     509      24       5    1991       12.9190000       35.0588748        0.5950000       17.5379589        1.6700000        5.8974962        7.5600000       96.7144715
     510      25       5    1991       20.5140000       34.7194743        0.6790000       17.4097769        1.9700000        5.9947693       10.5850000      119.1891677
     511      26       5    1991       17.4240000       34.3449922        1.0320000       17.2826487        2.5800000        5.8017899       12.7700000      111.0270113
     512      27       5    1991        9.1830000       33.9896409        0.9450000       17.1565623        3.0000000        5.9460047       15.1090000      101.2602725
     513      28       5    1991       18.9320000       33.8200219        0.8980000       17.0315197        3.6600000        6.2405353       18.1720000       99.4030869
     514      29       5    1991       14.1880000       34.0961022        0.9390000       16.9075223        4.6200000        6.1890003       60.0810000       97.8886038
     515      30       5    1991        9.8710000       34.3459071        0.7940000       16.7845557        5.0500000        5.9177704       18.1720000       95.7724044
     516      31       5    1991       12.1120000       34.3697067        0.6600000       16.6626011        0.0000000        5.7348430       17.8140000       94.1408946
     517       1       6    1991       26.3320000       34.4453614        0.7200000       16.5416424        5.2800000        5.6908819       18.1720000       93.2242381
     518       2       6    1991       22.7390000       34.4069254        0.8590000       16.4216753        4.8300000        5.6428909       18.1720000       93.4783490
     519       3       6    1991       23.3160000       34.9654108        0.9040000       16.3026966        4.2100000        5.6181012       18.0520000       93.5464086
     520       4       6    1991       19.4510000       35.5010974        1.1000000       16.1846976        4.0200000        5.6694456       17.9330000       93.5304569
     521       5       6    1991       15.5280000       35.6866171        1.4410000       16.0676703        3.8300000        5.6601410       16.7670000       94.5454102
     522       6       6    1991       14.6270000       36.0022761        1.4400000       15.9516228        3.6600000        5.8667196       12.9640000       95.5305976
     523       7       6    1991       21.6090000       36.6532717        1.6460000       15.8365416        3.0000000        5.8861004       13.7570000       95.2479913
     524       8       6    1991       16.4600000       37.3977755        1.9860000       15.7223990        3.1600000        5.7715787       15.3240000       94.6194089
     525       9       6    1991       25.1000000       38.7960481        2.4740000       15.6092094        3.8300000        5.7033191       15.8690000       94.0677803
     526      10       6    1991       27.5990000       39.3161043        2.8880000       15.4969425        3.3200000        5.6168594       53.9770000       93.2001229
     527      11       6    1991       33.0200000       39.7565308        2.8240000       15.3856596        3.1600000        5.5700227       65.5260000       92.7653390
     528      12       6    1991       35.9470000       40.7051222        2.7420000       15.2754523        3.1600000        5.7545492       42.1460000       93.0642570
     529      13       6    1991       25.1000000       41.4414836        2.4140000       15.1669918        3.3200000        6.0287660       14.7900000       93.3436097
     530      14       6    1991       37.4650000       41.0825646        2.5800000       15.0624659        3.8300000        6.0516628       13.5560000       93.9807801
     531      15       6    1991       36.7010000       41.0916740        2.9410000       14.9593784        4.2100000        5.9489790       12.3890000       95.2411572
     532      16       6    1991       39.0200000       41.7504058        3.0080000       14.8538037        4.6200000        5.9773801       11.3750000       95.2242445
     533      17       6    1991       43.9110000       41.8085525        2.2790000       14.7477550        4.0200000        6.1253848        9.9130000       95.2184311
     534      18       6    1991       62.7200000       42.1496041        1.6500000       14.6433139        3.6600000        6.0396821        8.7250000       94.0109899
     535      19       6    1991       66.9600000       43.3434746        1.2850000       14.5426550        3.3200000        5.8813422        7.8420000       93.0581419
     536      20       6    1991       78.2790000       43.5354205        1.7030000       14.4449939        3.1600000        5.7853650        7.4910000       92.2353548
     537      21       6    1991       42.2430000       43.6438793        2.6710000       14.3465887        2.8600000        5.7257270        7.4910000       91.4897939
     538      22       6    1991       85.5730000       44.0263889        3.5300000       14.2492241        3.3200000        5.7014861        7.4220000       90.7904405
     539      23       6    1991       83.0990000       44.8122436        4.5940000       14.1550142        3.8300000        5.6953707        7.6300000       90.1195973
     540      24       6    1991       66.9600000       46.1129501        6.1520000       14.0691466        3.3200000        5.6827126        7.7710000       89.4960079
     541      25       6    1991       98.5860000       50.0899902        8.1190000       14.0016102        3.4800000        5.6601095        7.7000000       89.2008326
     542      26       6    1991      112.6930000       62.1837434       17.0310000       14.0164415        3.6600000        5.6396632        6.9500000       89.3460771
     543      27       6    1991      102.7020000       81.7170475       37.8230000       14.1497523        4.0200000        5.6828499        7.4910000       89.1830902
     544      28       6    1991      132.7080000       90.1404289       97.2600000       14.3491110        3.6600000        5.7234471        7.2850000       88.7188176
     545      29       6    1991       52.8250000       77.7219516      110.2210000       14.5194903        3.8300000        5.6922774        7.5600000       88.3960683
     546      30       6    1991      210.9380000       72.4026774      100.1920000       14.6715797        3.8300000        5.6620270        7.5600000       87.9521977
     547       1       7    1991      124.7830000       72.4121783       60.9520000       15.1225042        3.3200000        5.6360259        7.7710000       87.4805588
     548       2       7    1991      244.1260000       77.3586233       55.5390000       15.9616225        3.6600000        5.6180740        8.3500000       87.1764777
     549       3       7    1991      106.9170000       79.6737978       52.1970000       16.5130256        3.8300000        5.6160845        8.3500000       86.9226036
     550       4       7    1991       65.8850000       84.7560930       55.9550000       17.6235841        4.0200000        5.6117465        8.0570000       86.3553168
     551       5       7    1991       85.5730000       90.4351891       63.1140000       19.2767395        4.2100000        5.5922298        8.2030000       85.7034397
     552       6       7    1991      221.6850000       95.7896439       62.8990000       20.6789179        3.8300000        5.5772083        8.5740000       85.3908565
     553       7       7    1991      221.6850000      102.7681423       26.7670000       22.2695293        4.4100000        5.6483516        8.8010000       86.2224737
     554       8       7    1991      145.9900000      107.9478541       21.3770000       24.9844736        4.8300000        5.6777354        8.9550000       85.9746727
     555       9       7    1991      104.0960000      106.4240740       23.1520000       28.0393383        6.0200000        5.6273511        7.0830000       85.2338663
     556      10       7    1991      151.1630000      108.8424047       26.1160000       28.0252505        6.8300000        5.6055903        6.3710000       84.5288073
     557      11       7    1991      188.3890000      126.2326177       22.3120000       30.3032231        7.4200000        5.5871329        6.8190000       84.1854422
     558      12       7    1991      277.6990000      144.8495584       17.3570000       48.3003141        9.0700000        5.5650980        8.4990000       84.0512288
     559      13       7    1991      275.2160000      136.4226861       29.5550000       65.1115016        9.8000000        5.5486285        8.4990000       83.6342258
     560      14       7    1991      186.4130000      128.0486122      115.9330000       66.7941631       12.2600000        5.5354095        7.7000000       83.2206814
     561      15       7    1991      248.7670000      134.9634227      147.8920000       71.7976543       13.1800000        5.5394110        7.7710000       83.1135375
     562      16       7    1991      303.2470000      135.7375711       61.5500000       63.8432924       15.7200000        5.5360503        7.9130000       82.8178383
     563      17       7    1991      196.4160000      132.9624449       94.7460000       59.1543442       19.2500000        5.5193920        7.2170000       82.3463841
     564      18       7    1991      188.3890000      134.2457049       63.1470000       55.2072244       22.6300000        5.5060822       19.3970000       81.9592877
     565      19       7    1991      272.7470000      143.9960958       41.7260000       57.0537136       27.2700000        5.4947304       57.8370000       81.9575121
     566      20       7    1991      217.3490000      170.3025792       55.1730000       77.2425661       38.7500000        5.4845262       57.8370000       81.9085346
     567      21       7    1991      200.5030000      176.3917543       45.7390000       78.5201089       31.6800000        5.5177274       18.1720000       81.6776630
     568      22       7    1991      186.4130000      166.5745963       63.3110000       79.3611501       28.1100000        5.5698563       13.7570000       81.8527210
     569      23       7    1991      241.8250000      169.3686673       68.8860000       88.4982387       26.4500000        5.5469604       14.6840000       82.3069272
     570      24       7    1991      230.5090000      175.6462157       72.2360000       86.1493060       23.3600000        5.5109795       11.8290000       83.1815086
     571      25       7    1991      174.8120000      166.6594188       79.4280000       76.7537075       19.8900000        5.4862915       11.6460000       83.1069209
     572      26       7    1991      192.3780000      163.6624821      100.1170000       70.9907982       17.4200000        5.4782115       10.9320000       82.3872947
     573      27       7    1991      165.4770000      165.8294173      136.0120000       70.0924309       15.7200000        5.4791819       10.5000000       81.8761322
     574      28       7    1991      239.5360000      170.0831525      192.2060000       73.0198389       14.1600000        5.4675594       10.5000000       81.8500322
     575      29       7    1991      147.7020000      172.8303860      194.6410000       75.7175485       12.7200000        5.4547270       11.3750000       82.2136848
     576      30       7    1991      152.9100000      172.6797319      244.0510000       74.9850718       11.8200000        5.4418343       14.7900000       82.3149687
     577      31       7    1991      151.1630000      173.7578046      285.5900000       77.4782439       10.5700000        5.4294298       11.8290000       82.2335350
     578       1       8    1991      178.6300000      174.6480868      270.0350000       80.9246202       10.5700000        5.4352251       16.4270000       82.0435248
     579       2       8    1991      154.6700000      175.9415211      244.1980000       79.2725646        9.4300000        5.4517406       12.2000000       81.8916657
     580       3       8    1991      135.9590000      178.2166980      147.8750000       82.7537086        8.7200000        5.4707275       10.9320000       81.7800718
     581       4       8    1991      171.0420000      180.8028926      145.7350000       91.7865602        8.3800000        5.4543373        9.1890000       81.7186894
     582       5       8    1991      248.7670000      187.3554472      187.0960000       99.6003035        7.7300000        5.4260608       11.7370000       81.7160282
     583       6       8    1991      206.7270000      199.6280373      280.4220000      108.0404334        7.1200000        5.4060494       10.9320000       81.2186679
     584       7       8    1991      156.4420000      200.9289060      212.7090000      103.7002331        7.1200000        5.4041331        8.8010000       80.9937322
     585       8       8    1991      163.6460000      198.6304321      163.3880000       95.5632947        6.8300000        5.4104397        9.1110000       81.6333265
     586       9       8    1991      208.8260000      214.4224769      164.1050000      102.7940492        7.7300000        5.3902744       10.2460000       81.7424470
     587      10       8    1991      272.7470000      228.6238788      302.5010000      119.3332111        7.1200000        5.3740072       12.7700000       81.0961862
     588      11       8    1991      324.6410000      218.2249898      215.2710000      115.7443096        6.5500000        5.4903602       12.2940000       81.7147152
     589      12       8    1991      303.2470000      223.7990631      200.4910000      121.6829107        6.8300000        5.5180758       13.3570000       82.6442746
     590      13       8    1991      321.9200000      224.6065919      195.1490000      141.2445703        6.8300000        5.4527875       13.6560000       82.7024077
     591      14       8    1991      204.6400000      217.5964943      174.9210000      145.4211910        6.5500000        5.4438789        8.5740000       82.4638254
     592      15       8    1991      213.0620000      214.9198344      120.1440000      129.1042756        7.7300000        5.4317366        9.1110000       82.4784999
     593      16       8    1991      152.9100000      218.3146673       80.0470000      125.4055486        7.7300000        5.3962618        9.1110000       81.8606206
     594      17       8    1991      153.7890000      220.2079818      103.1690000      126.9168243        7.1200000        5.3720808        9.1110000       81.2164944
     595      18       8    1991      160.0200000      220.4279386      115.3460000      122.9827208        7.7300000        5.3544885        9.1110000       80.9433126
     596      19       8    1991      163.6460000      222.8613514       86.7190000      117.8415417        9.0700000        5.3425524       10.2460000       80.8590862
     597      20       8    1991      198.4530000      225.5446849      127.6330000      121.5713338        9.4300000        5.3468689       10.2460000       81.2859436
     598      21       8    1991      263.0000000      226.7384821      181.7030000      126.1090138        9.8000000        5.3460527        8.4990000       80.8964138
     599      22       8    1991      258.2040000      227.3911928      123.9200000      123.5618895        9.0700000        5.3440512        8.4990000       80.6352779
     600      23       8    1991      234.9970000      230.1035237      140.2540000      122.6197152       10.1800000        5.3409635        9.1890000       80.6407727
     601      24       8    1991      213.0620000      237.0588568      242.0530000      127.5532106       10.9800000        5.3243249        9.2680000       81.1221808
     602      25       8    1991      341.2510000      239.4918554      231.7840000      129.1142010       10.5700000        5.3110388       10.2460000       81.0226359
     603      26       8    1991      244.1260000      243.2213205      155.0330000      126.5262613        9.8000000        5.3372201       13.5560000       82.1524375
     604      27       8    1991      215.1990000      244.6551957      114.1510000      125.6536562        9.4300000        5.3878083       25.2440000       81.9164183
     605      28       8    1991      248.7670000      245.8556166      170.4340000      126.4489497       10.5700000        5.4016097       26.5910000       81.9352711
     606      29       8    1991      241.8250000      253.5005568      111.4400000      145.5611218       10.5700000        5.4333438       18.1720000       81.1223594
     607      30       8    1991      210.9380000      256.6801787       81.6890000      169.2168158        9.8000000        5.4325269       17.5780000       80.4228794
     608      31       8    1991      171.0420000      263.3048919      121.4010000      168.1024984        9.4300000        5.3989899       15.8690000       79.8311681
     609       1       9    1991      344.0670000      272.6754020      144.6720000      168.8754182       10.1800000        5.3857942       15.8690000       80.2728394
     610       2       9    1991      163.6460000      263.8554207      190.7400000      163.9343242       11.8200000        5.3971710        9.7490000       80.9371919
     611       3       9    1991      223.8720000      264.7126915      139.7860000      155.3575845       10.1800000        5.3570222       10.2460000       81.0020774
     612       4       9    1991      352.5960000      269.0049281      163.4780000      159.4439433        9.0700000        5.3231848       10.0790000       80.2791887
     613       5       9    1991      258.2040000      269.3306138      108.2920000      159.8576331        8.0500000        5.2999814        9.7490000       79.6374152
     614       6       9    1991      204.6400000      265.0482385      121.8490000      150.4051848        7.4200000        5.2830053        8.4990000       79.4033277
     615       7       9    1991      160.0200000      262.1528692       74.6340000      145.0859588        8.0500000        5.2696651        8.4990000       79.5710432
     616       8       9    1991      277.6990000      260.9157882       71.5960000      145.2828858        8.7200000        5.2633750        8.2030000       79.7447083
     617       9       9    1991      230.5090000      263.0373660      101.1950000      149.4923077        9.8000000        5.2703221        8.3500000       79.8678685
     618      10       9    1991      161.8270000      265.5846710       99.3610000      148.0098956        9.4300000        5.2600406        8.2030000       80.2464769
     619      11       9    1991      251.1070000      303.4357374       65.4690000      146.7561727        9.0700000        5.2448800        8.0570000       79.8357797
     620      12       9    1991      172.9210000      386.3468470       58.6610000      147.2751438        8.7200000        5.2326216        8.2030000       79.1286117
     621      13       9    1991      237.2600000      352.1991405       77.4480000      147.0245171        8.0500000        5.2220609        8.2030000       78.4959783
     622      14       9    1991      147.7020000      299.0240430       53.4540000      145.3690537        7.1200000        5.2141468        8.2030000       78.3537391
     623      15       9    1991      131.1000000      284.2503514       84.3300000      143.6152909        6.8300000        5.2109835        8.0570000       78.7477685
     624      16       9    1991      131.1000000      280.9915751       66.0380000      142.1440992        6.2800000        5.2051358        7.9130000       78.3405387
     625      17       9    1991       98.5860000      277.3821717       58.5280000      140.7104245        5.7700000        5.1940047        7.9130000       77.6944606
     626      18       9    1991      104.0960000      275.3089411       55.4860000      139.3529537        5.2800000        5.1836675        7.6300000       77.0845675
     627      19       9    1991       73.6270000      275.9952767       47.7060000      138.1537095        4.6200000        5.1742575        7.6300000       76.4970356
     628      20       9    1991       90.6480000      275.4814034       60.1250000      137.0196153        4.2100000        5.1653936        7.4910000       75.9239839
     629      21       9    1991       81.8780000      273.4699496       37.0030000      135.8359710        4.0200000        5.1568535        7.4910000       75.3608852
     630      22       9    1991      244.1260000      274.0670257       53.3930000      135.6517274        3.6600000        5.1485077        7.4220000       74.8052299
     631      23       9    1991       78.2790000      279.3785962       43.3600000      136.2500304        3.3200000        5.1402805        7.0830000       74.2555592
     632      24       9    1991       98.5860000      292.0085357       55.5260000      136.2348361        3.1600000        5.1321277        7.0830000       73.7682401
     633      25       9    1991      132.7080000      296.7194696       80.4760000      139.3716719        2.7100000        5.1240237        6.4340000       73.5838896
     634      26       9    1991      123.2320000      296.5979428       62.8720000      145.3750483        2.8600000        5.1317976        6.0630000       73.5256714
     635      27       9    1991       90.6480000      290.6864489       38.9910000      141.7806486        3.1600000        5.1478048        5.8230000       74.2209581
     636      28       9    1991      117.1420000      283.9309610       31.8580000      138.9088129        4.0200000        5.2115790        5.3620000       75.3619597
     637      29       9    1991       50.9640000      280.1241134       30.3770000      136.8836810        3.8300000        5.1772023        5.2500000       74.5968322
     638      30       9    1991       50.0490000      276.7155719       27.7150000      135.2650712        3.4800000        5.1421813        5.0310000       73.8936126
     639       1      10    1991       46.4840000      273.6230504       25.9030000      133.8627414        3.8300000        5.1197411        4.9240000       73.2646196
     640       2      10    1991       43.9110000      270.8952309       28.5440000      132.6271107        3.3200000        5.1042007        4.7140000       72.6819234
     641       3      10    1991       46.4840000      269.2031470       44.2200000      131.5420825        3.1600000        5.0905720        4.7140000       72.1242660
     642       4      10    1991       51.8900000      268.8848041       31.5650000      130.5050643        2.8600000        5.0790005        4.6100000       71.5814954
     643       5      10    1991       69.1410000      268.6647034       41.6120000      129.5102545        2.5800000        5.0689522        4.5090000       71.0495328
     644       6      10    1991       88.0890000      267.8726163       44.0240000      128.4688397        2.8600000        5.0597784        4.5090000       70.5252735
     645       7      10    1991      101.3190000      265.5010102       50.8640000      127.3708572        3.4800000        5.0511233        4.3590000       70.0071505
     646       8      10    1991       43.9110000      262.9001053       23.4410000      126.2618322        3.3200000        5.0445466        4.1160000       69.7261136
     647       9      10    1991       58.6420000      260.0664008       39.6920000      125.1647847        2.8600000        5.0446492        4.0220000       69.5930100
     648      10      10    1991       37.4650000      257.4460566       28.7830000      124.0827350        3.0000000        5.0452163        4.0220000       69.0267998
     649      11      10    1991       80.6680000      255.5951443       17.1790000      123.0142395        2.7100000        5.0467568        4.3590000       68.9663556
     650      12      10    1991       51.8900000      255.9611549       25.5890000      121.9709979        2.7100000        5.1160533        4.5090000       71.2475257
     651      13      10    1991       47.3610000      256.1415893       31.7400000      120.9375764        3.4800000        5.0893679        4.7140000       71.0064803
     652      14      10    1991       40.6130000      253.2026352       23.0840000      119.8985020        3.8300000        5.0714071        7.4910000       71.3452290
     653      15      10    1991       33.0200000      250.3257465       22.1300000      118.8700012        3.3200000        5.0757684        9.1890000       71.8212506
     654      16      10    1991       29.5650000      247.6413005       12.7250000      117.8523042        3.1600000        5.0574075        6.1850000       72.0444957
     655      17      10    1991       26.9610000      245.4718560       11.0470000      116.8447466        3.0000000        5.1618669        5.7640000       74.8640191
     656      18      10    1991       29.5650000      243.6715055       11.6010000      115.8468902        3.1600000        5.2190473        5.4750000       74.6953606
     657      19      10    1991       30.9200000      241.7135057       32.0680000      114.8584461        4.0200000        5.1834521        5.5900000       74.3249965
     658      20      10    1991       26.3320000      240.7252399       22.6900000      113.8800019        4.8300000        5.1240704        6.3090000       74.4829213
     659      21      10    1991       28.2460000      239.2802761       25.4990000      112.9128958        6.0200000        5.1220392        7.1500000       75.3094177
     660      22      10    1991       28.9010000      236.7279608       26.5890000      111.9514125        7.4200000        5.1865853        7.8420000       76.7451542
     661      23      10    1991       35.9470000      234.4191498       15.7820000      110.9985114        9.0700000        5.2851941        8.4990000       77.4197476
     662      24      10    1991       35.9470000      233.1915741       13.5660000      110.0545694        8.3800000        5.3347377        6.1850000       76.9986986
     663      25      10    1991       31.6110000      233.2957522       17.0540000      109.1194238        7.4200000        5.4010546        6.3710000       76.2038077
     664      26      10    1991       30.2380000      232.4121729       12.1230000      108.1929527        7.7300000        5.5468840        5.7640000       76.9137228
     665      27      10    1991       29.5650000      229.7852700        8.4290000      107.2749724        8.7200000        5.4753112        5.3620000       76.2073765
     666      28      10    1991       28.9010000      227.2487500       11.4710000      106.3654060        7.7300000        5.3597261        5.1400000       75.3878154
     667      29      10    1991       21.0570000      224.8524673       15.2120000      105.4641720        6.8300000        5.2935230        4.8710000       74.6699366
     668      30      10    1991       22.1700000      222.5426538        7.3440000      104.5711875        6.2800000        5.2237327        4.7140000       74.0386164
     669      31      10    1991       28.9010000      220.2896630        4.6300000      103.6863712        6.0200000        5.2173091        4.7140000       73.4701261
     670       1      11    1991       21.6090000      218.0772546        5.8820000      102.8096435        5.7700000        5.2268873        5.0310000       73.1090528
     671       2      11    1991       26.3320000      215.9555499       11.5380000      101.9409264        5.5200000        5.2320971        5.1950000       73.1038701
     672       3      11    1991       23.9020000      214.0667187        5.7530000      101.0801430        5.2800000        5.3311583        5.1400000       72.8303275
     673       4      11    1991       19.9780000      212.1785461        8.5950000      100.2272174        4.8300000        5.3504825        4.9770000       73.4697527
     674       5      11    1991       18.4210000      210.1675713       12.5570000       99.3820746        4.6200000        5.2710294        4.9240000       73.7988996
     675       6      11    1991       17.4240000      208.1411814        7.1370000       98.5446402        4.2100000        5.2132325        4.7660000       73.5236414
     676       7      11    1991       17.4240000      206.0495314        6.2790000       97.7148408        4.0200000        5.1757807        5.1400000       73.1522443
     677       8      11    1991       15.0730000      204.0253950        4.5030000       96.8926035        3.8300000        5.1505935        5.0850000       72.5187436
     678       9      11    1991       12.5120000      202.0842583        4.2310000       96.0778564        3.8300000        5.1498599        4.7140000       72.1562135
     679      10      11    1991       11.7200000      200.1124245        6.8710000       95.2705280        3.6600000        5.1764392        4.6100000       71.8252555
     680      11      11    1991        9.5230000      198.1185062        5.1510000       94.4705478        3.6600000        5.1566945        4.5090000       71.2086345
     681      12      11    1991        8.8500000      196.1405765        3.0030000       93.6778457        3.4800000        5.1567241        4.1640000       70.6363516
     682      13      11    1991        8.2050000      194.1854087        6.1320000       92.8923525        3.3200000        5.1525041        3.7460000       70.0851406
     683      14      11    1991        7.8930000      192.2512994        6.7380000       92.1139996        3.3200000        5.1261223        3.7010000       69.5491265
     684      15      11    1991        7.5890000      190.3372515        2.8570000       91.3427189        3.1600000        5.1074100        3.6560000       69.0240836
     685      16      11    1991        7.2910000      188.4426556        1.8010000       90.5784434        2.8600000        5.0931741        3.6120000       68.5070756
     686      17      11    1991        7.0010000      186.5671080        2.5100000       89.8211063        2.4500000        5.0815533        3.5680000       67.9964432
     687      18      11    1991        7.0010000      184.7103139        4.6770000       89.0706416        2.3200000        5.0714627        3.5680000       67.4912441
     688      19      11    1991        7.0010000      182.8720831        3.7920000       88.3269840        2.4500000        5.0627115        3.4820000       67.0248202
     689      20      11    1991        7.0010000      181.0522754        2.4070000       87.5900689        2.7100000        5.0881503        3.4820000       66.8995867
     690      21      11    1991        6.7170000      179.2525491        1.4410000       86.8598322        3.1600000        5.1436214        3.5680000       66.9888403
     691      22      11    1991        6.4400000      177.4702655        1.9350000       86.1362104        2.7100000        5.1467997        3.5250000       67.4565749
     692      23      11    1991        6.1700000      175.7040367        2.6310000       85.4191407        2.7100000        5.1107879        3.5250000       67.5948436
     693      24      11    1991        5.9070000      173.9554008        2.2030000       84.7085609        2.5800000        5.2545095        3.7460000       68.4107250
     694      25      11    1991        5.6500000      172.2241732        5.4660000       84.0044093        2.4500000        5.3224409        3.7460000       67.9440636
     695      26      11    1991        5.6500000      170.5101744        3.7910000       83.3066251        2.3200000        5.2872873        3.5680000       67.1972103
     696      27      11    1991        8.2050000      168.8132307        3.2030000       82.6151477        2.3200000        5.2928075        3.4820000       66.6534583
     697      28      11    1991        8.2050000      167.1331723        4.3630000       81.9299174        2.2000000        5.2324218        3.4820000       66.2092712
     698      29      11    1991        8.5240000      165.4698315        2.8260000       81.2508748        2.0800000        5.1692261        3.3120000       65.7003134
     699      30      11    1991        8.2050000      163.8230425        2.4310000       80.5779614        1.9700000        5.1391076        3.1480000       65.2401739
     700       1      12    1991        7.8930000      162.1926412        4.4090000       79.9111190        1.7600000        5.1565101        3.1480000       64.9773399
     701       2      12    1991        7.8930000      160.5784650        3.7300000       79.2502901        1.7600000        5.2041480        2.8740000       64.7775605
     702       3      12    1991        8.2050000      158.9804393        2.1250000       78.5954177        1.6700000        5.2331523        2.6140000       64.2902693
     703       4      12    1991        7.8930000      157.3986938        2.9260000       77.9464461        1.6700000        5.2233042        2.6140000       64.1139253
     704       5      12    1991        7.2910000      155.8327603        4.5820000       77.3033248        1.5700000        5.1647530        2.6870000       63.2767405
     705       6      12    1991        7.2910000      154.2823025        4.0270000       76.6660045        1.5700000        5.1262559        2.6870000       62.7777292
     706       7      12    1991        7.2910000      152.7487757        4.9300000       76.0344735        1.4800000        5.1004928        2.6140000       62.2975860
     707       8      12    1991        8.5240000      151.2304409        5.3530000       75.4086662        1.4800000        5.0821575        2.5430000       61.8300993
     708       9      12    1991        7.2910000      149.7255923        5.1000000       74.7884149        1.4800000        5.0681575        2.4730000       61.3714840
     709      10      12    1991        7.0010000      148.2355114        4.0150000       74.1737011        1.4000000        5.0574404        2.4040000       60.9263784
     710      11      12    1991        6.7170000      146.7602604        4.1470000       73.5644985        1.4000000        5.0474479        2.4040000       60.4962394
     711      12      12    1991        6.9150000      145.2996886        2.3850000       72.9607611        1.3200000        5.0381033        2.4040000       60.0580672
     712      13      12    1991        6.1700000      143.8536485        5.2460000       72.3624389        1.3200000        5.0319882        2.4040000       59.7060369
     713      14      12    1991        6.1700000      142.4219956        4.7360000       71.7694812        1.2400000        5.0322068        2.3360000       59.5015967
     714      15      12    1991        5.9070000      141.0045874        5.1670000       71.1818375        1.2400000        5.0214254        2.3360000       58.9819137
     715      16      12    1991        6.1700000      139.6012831        4.6500000       70.5994579        1.1600000        5.0108702        2.3360000       58.5444062
     716      17      12    1991        6.1700000      138.2119429        4.6750000       70.0222927        1.1600000        5.0014463        2.3360000       58.1171917
     717      18      12    1991        5.9070000      136.8364284        4.7350000       69.4502927        1.0900000        4.9926873        2.3360000       57.6946255
     718      19      12    1991        5.9070000      135.4746026        6.0090000       68.8834094        1.0900000        4.9853912        2.3030000       57.2764838
     719      20      12    1991        5.6500000      134.1263293        6.6230000       68.3215945        1.0900000        4.9778592        2.2040000       56.8675677
     720      21      12    1991        5.6500000      132.7914740        6.2520000       67.7648001        1.0300000        5.0060495        2.2040000       56.4911929
     721      22      12    1991        5.1570000      131.4699032        6.3000000       67.2129790        1.0300000        5.0212186        2.2040000       56.1686286
     722      23      12    1991        5.4000000      130.1614884        5.9090000       66.6660917        1.0300000        5.0077468        2.1400000       56.1014983
     723      24      12    1991        5.4000000      128.8661020        5.5600000       66.1240969        0.9600000        4.9865677        2.1400000       55.7186054
     724      25      12    1991        5.6500000      127.5835990        5.4110000       65.5869261        0.9600000        4.9675171        2.1400000       55.2051695
     725      26      12    1991        5.1570000      126.3138584        5.2090000       65.0545372        0.9600000        4.9534663        2.1400000       54.7955132
     726      27      12    1991        5.1570000      125.0567544        4.7470000       64.5268897        0.9600000        4.9420446        2.1400000       54.3963792
     727      28      12    1991        5.1570000      123.8121612        5.4430000       64.0039403        0.9000000        4.9321612        2.1400000       54.0031858
     728      29      12    1991        5.1570000      122.5799544        5.1520000       63.4856450        0.9000000        4.9231800        2.0770000       53.6146439
     729      30      12    1991        4.9200000      121.3600106        4.5680000       62.9719603        0.9000000        4.9147299        2.0770000       53.2300556
     730      31      12    1991        4.9200000      120.1522081        4.3020000       62.4628429        0.8400000        4.9065948        2.0770000       52.8502424
     731       1       1    1992        4.6900000      118.9564258        4.0970000       61.9582499        1.4150000        4.8986485        2.0770000       52.4736387
     732       2       1    1992        4.6900000      117.7725442        3.8960000       61.4581387        1.5700000        4.8908173        2.0770000       52.0991484
     733       3       1    1992        4.6900000      116.6004448        3.7010000       60.9624674        1.5700000        4.8830584        2.0770000       51.7282414
     734       4       1    1992        4.6900000      115.4400104        3.5340000       60.4711941        1.5700000        4.8753465        2.0160000       51.3598973
     735       5       1    1992        4.6900000      114.2911250        3.5110000       59.9842776        1.5700000        4.8676672        2.0160000       50.9945756
     736       6       1    1992        4.6900000      113.1536735        3.5110000       59.5016771        1.5700000        4.8600119        2.0160000       50.6326509
     737       7       1    1992        4.6900000      112.0275422        3.5110000       59.0233519        1.5700000        4.8523755        2.0160000       50.2739497
     738       8       1    1992        4.6900000      110.9126184        3.4870000       58.5492621        1.5700000        4.8447551        2.0770000       49.9176768
     739       9       1    1992        4.4660000      109.8087905        3.3490000       58.0793678        1.4800000        4.8371491        2.0770000       49.5643071
     740      10       1    1992        4.6900000      108.7159483        3.3030000       57.6136297        1.4800000        4.8295564        2.0460000       49.2138842
     741      11       1    1992        4.4660000      107.6339827        3.1690000       57.1520088        1.4800000        4.8219764        2.0160000       48.8663651
     742      12       1    1992        4.4660000      106.5627860        3.1460000       56.6944666        1.4800000        4.8144088        2.0160000       48.5217140
     743      13       1    1992        4.2490000      105.5022498        3.1350000       56.2409649        1.4800000        4.8068533        1.9550000       48.1798995
     744      14       1    1992        4.2490000      104.4522701        3.0800000       55.7914658        1.4800000        4.7993099        1.9550000       47.8408930
     745      15       1    1992        4.2490000      103.4127380        3.1130000       55.3459318        1.4800000        4.7917784        1.9550000       47.5046672
     746      16       1    1992        4.2490000      102.3835509        2.9940000       54.9043258        1.4800000        4.7842587        1.8370000       47.1711959
     747      17       1    1992        4.2490000      101.3646090        2.9720000       54.4666111        1.4000000        4.7767509        1.8370000       46.8404537
     748      18       1    1992        4.2490000      100.3558167        2.9720000       54.0327512        1.4000000        4.7692549        1.8080000       46.5124157
     749      19       1    1992        4.2490000       99.3570829        2.9510000       53.6027102        1.4000000        4.7617707        1.7800000       46.1870571
     750      20       1    1992        3.8330000       98.3683209        2.8030000       53.1764523        1.4000000        4.7542982        1.7800000       45.8643538
     751      21       1    1992        3.8330000       97.3893576        2.6700000       52.7539420        1.4000000        4.7468374        1.7240000       45.5442841
     752      22       1    1992        3.8330000       96.4201322        2.7000000       52.3351445        1.4000000        4.7393884        1.7240000       45.2268332
     753      23       1    1992        3.8330000       95.4605614        2.6490000       51.9200250        1.4000000        4.7319510        1.7240000       44.9119542
     754      24       1    1992        3.8330000       94.5105231        2.6290000       51.5085492        1.4000000        4.7245254        1.7240000       44.5996325
     755      25       1    1992        3.8330000       93.5699350        2.5690000       51.1006830        1.3200000        4.7171113        1.7240000       44.2898491
     756      26       1    1992        3.8330000       92.6387069        2.5490000       50.6963929        1.3200000        4.7097089        1.7520000       43.9825884
     757      27       1    1992        3.6350000       91.7167471        2.4900000       50.2956454        1.3200000        4.7026487        1.7800000       43.6779230
     758      28       1    1992        3.6350000       90.8039642        2.4810000       49.8984074        1.3200000        4.6954835        1.7800000       43.3757708
     759      29       1    1992        3.6350000       89.9002634        2.4810000       49.5046464        1.3200000        4.6879483        1.7800000       43.0759365
     760      30       1    1992        3.4420000       89.0055558        2.4810000       49.1143298        1.3200000        4.6804944        1.7800000       42.7785078
     761      31       1    1992        3.4420000       88.1197524        2.4810000       48.7274256        1.3200000        4.6730926        1.7800000       42.4834805
     762       1       2    1992        3.4420000       87.2427669        2.4710000       48.3439020        1.4000000        4.6657772        1.7800000       42.1908436
     763       2       2    1992        3.4420000       86.3745147        2.4130000       47.9637275        1.4000000        4.6584779        1.7800000       41.9006178
     764       3       2    1992        3.4420000       85.5149026        2.3940000       47.5868709        1.3200000        4.6511357        1.7800000       41.6129016
     765       4       2    1992        3.4420000       84.6638521        2.3360000       47.2133014        1.3200000        4.6438113        1.7800000       41.3371752
     766       5       2    1992        3.4420000       83.8212695        2.3270000       46.8429885        1.3200000        4.6365090        1.7800000       41.1421512
     767       6       2    1992        3.4420000       82.9870745        2.3270000       46.4759017        1.3200000        4.6292505        1.7240000       40.8272133
     768       7       2    1992        3.2560000       82.1611750        2.3270000       46.1120111        1.2400000        4.6219800        1.7240000       40.4844957
     769       8       2    1992        3.4420000       81.3434898        2.3080000       45.7512871        1.2400000        4.6147390        1.7240000       40.2079412
     770       9       2    1992        3.2560000       80.5339417        2.2060000       45.3937002        1.2400000        4.6075500        1.6960000       39.9336776
     771      10       2    1992        3.0760000       79.7324500        2.2340000       45.0392212        1.2400000        4.6003022        1.8370000       39.6615599
     772      11       2    1992        3.0760000       78.9389348        2.1880000       44.6878214        1.2400000        4.5930689        1.9550000       39.3915697
     773      12       2    1992        3.0760000       78.1533167        2.1610000       44.3394721        1.1600000        4.5858529        2.0160000       39.1237461
     774      13       2    1992        3.0760000       77.3755171        2.0530000       43.9941450        1.2400000        4.5786478        2.0770000       38.8580634
     775      14       2    1992        3.0760000       76.6054583        2.0350000       43.6518122        1.2400000        4.5714567        1.9850000       38.5945031
     776      15       2    1992        2.9010000       75.8430633        2.0180000       43.3124459        1.3200000        4.5642793        1.8950000       38.3330453
     777      16       2    1992        2.9010000       75.0882558        1.9400000       42.9760185        1.3200000        4.5571147        1.8660000       38.0736708
     778      17       2    1992        2.7330000       74.3409603        2.0530000       42.6425029        1.4000000        4.5499745        1.8370000       37.8163606
     779      18       2    1992        2.7330000       73.6011020        1.9230000       42.3118720        1.4000000        4.5429222        1.8950000       37.5611082
     780      19       2    1992        2.7330000       72.8686069        1.8970000       41.9840992        1.3200000        4.5358185        1.8950000       37.3078764
     781      20       2    1992        2.7330000       72.1434019        1.8970000       41.6591580        1.2400000        4.5286634        1.8370000       37.0566474
     782      21       2    1992        2.7330000       71.4254142        1.8970000       41.3370243        1.2400000        4.5215350        1.8370000       36.8074154
     783      22       2    1992        2.5710000       70.7145721        1.8970000       41.0176745        1.2400000        4.5144269        1.8370000       36.5601537
     784      23       2    1992        2.5710000       70.0108049        1.8890000       40.7010756        1.1600000        4.5073352        1.7800000       36.3148474
     785      24       2    1992        2.5710000       69.3140428        1.8300000       40.3872027        1.1600000        4.5002576        1.7800000       36.0714805
     786      25       2    1992        2.4140000       68.6242142        1.7720000       40.0760323        1.2400000        4.4931930        1.7800000       35.8300538
     787      26       2    1992        2.4140000       67.9412504        1.7640000       39.7675397        1.2400000        4.4861405        1.7800000       35.5905429
     788      27       2    1992        2.4140000       67.2650836        1.7640000       39.4617005        1.1600000        4.4790997        1.7800000       35.3528962
     789      28       2    1992        2.4140000       66.5956461        1.7640000       39.1584901        1.1600000        4.4720704        1.7240000       35.1171157
     790      29       2    1992        2.4140000       65.9328710        1.7640000       38.8578844        0.0000000        4.4650522        1.7800000       34.8831901
     791       1       3    1992        2.4140000       65.2766920        1.7640000       38.5598593        1.1600000        4.4580452        1.7240000       34.6511030
     792       2       3    1992        2.4140000       64.6270434        2.2730000       38.2643911        1.0900000        4.4510536        1.5620000       34.4208450
     793       3       3    1992        2.2630000       63.9838602        6.8250000       37.9714563        1.0900000        4.4440686        1.5620000       34.1923904
     794       4       3    1992        2.2630000       63.3470782       13.4250000       37.6810315        1.0900000        4.4370935        1.5100000       33.9657208
     795       5       3    1992        2.4140000       62.7166335       14.4360000       37.3930935        1.0300000        4.4301298        1.5100000       33.7408262
     796       6       3    1992        2.4140000       62.0924632       12.7560000       37.1076196        1.0300000        4.4231773        1.5360000       33.5176907
     797       7       3    1992        2.2630000       61.4745056        2.8580000       36.8245870        0.9600000        4.4162360        1.5620000       33.2962988
     798       8       3    1992        2.4140000       60.8627058        1.6210000       36.5439738        0.9600000        4.4093056        1.5620000       33.0766351
     799       9       3    1992        2.2630000       60.2569950        1.5140000       36.2657580        0.9000000        4.4023861        1.5360000       32.8586844
     800      10       3    1992        2.2630000       59.6573055        1.4100000       35.9899162        0.9000000        4.3954776        1.4600000       32.6424316
     801      11       3    1992        2.1180000       59.0635833        1.4100000       35.7164268        0.8400000        4.3885799        1.4100000       32.4278618
     802      12       3    1992        2.1180000       58.4757699        1.4980000       35.4452686        0.8400000        4.3816930        1.4100000       32.2149603
     803      13       3    1992        2.1180000       57.8938064        1.4980000       35.1764201        0.7900000        4.3748170        1.3620000       32.0037123
     804      14       3    1992        2.1180000       57.3176394        1.3960000       34.9098603        0.7400000        4.3679517        1.3620000       31.7941036
     805      15       3    1992        2.1180000       56.7472541        1.3040000       34.6455760        0.7400000        4.3610973        1.3620000       31.5861196
     806      16       3    1992        2.1180000       56.1826526        1.3390000       34.3835644        0.6900000        4.3542536        1.3140000       31.3797483
     807      17       3    1992        2.1180000       55.6238125        1.3880000       34.1238845        0.6900000        4.3474312        1.3140000       31.1749804
     808      18       3    1992        2.4140000       55.0714577        1.3810000       33.8668084        0.6900000        4.3406308        1.3140000       30.9718071
     809      19       3    1992        3.0760000       54.5248333        1.2830000       33.6118609        0.6900000        4.3353447        1.3140000       30.7702142
     810      20       3    1992        2.7330000       53.9827128        1.1820000       33.3588448        0.6400000        4.3270356        1.3620000       30.5701547
     811      21       3    1992        2.7330000       53.4460142        1.1490000       33.1077971        0.6400000        4.3202328        1.3620000       30.3716234
     812      22       3    1992        2.5710000       52.9142638        1.2620000       32.8588130        0.6400000        4.3134456        1.3620000       30.1746205
     813      23       3    1992        2.4140000       52.3876622        1.2830000       32.6119307        0.6400000        4.3066761        1.4100000       29.9791429
     814      24       3    1992        2.2630000       51.8663149        1.2560000       32.3671521        0.6400000        4.2999342        1.4100000       29.7851724
     815      25       3    1992        2.1180000       51.3501834        1.1040000       32.1244412        0.6000000        4.2932030        1.4100000       29.5926838
     816      26       3    1992        2.1180000       50.8391872        1.1100000       31.8837677        0.6000000        4.2864573        1.3620000       29.4016633
     817      27       3    1992        2.1180000       50.3332392        1.0780000       31.6451135        0.6000000        4.2797218        1.3620000       29.2121036
     818      28       3    1992        2.1180000       49.8323232        1.0720000       31.4084672        0.6000000        4.2730005        1.3140000       29.0239946
     819      29       3    1992        1.9780000       49.3364050        1.0590000       31.1738133        0.5500000        4.2662924        1.3140000       28.8373326
     820      30       3    1992        1.9780000       48.8454068        0.9860000       30.9411346        0.5100000        4.2855565        1.3620000       30.1934503
     821      31       3    1992        1.8440000       48.3592887        0.9740000       30.7104133        0.5100000        4.2605219        1.3620000       30.1305037
     822       1       4    1992        1.8440000       47.8780077        0.9860000       30.4816317        0.4800000        4.2464578        2.2700000       28.8514833
     823       2       4    1992        1.8440000       47.4015160        1.0470000       30.2547724        0.4800000        4.2397343        2.2700000       28.1675420
     824       3       4    1992        1.8440000       46.9297660        0.9740000       30.0298178        0.5100000        4.2330748        2.3360000       28.1352324
     825       4       4    1992        1.8440000       46.4627107        0.8920000       29.8067507        0.7400000        4.2265110        2.3360000       28.6170907
     826       5       4    1992        1.8440000       46.0003034        0.8750000       29.5855540        0.9000000        4.3104184        2.4040000       29.5587018
     827       6       4    1992        1.7160000       45.5424981        0.8360000       29.3662106        1.4000000        4.2205289        2.5430000       27.7369655
     828       7       4    1992        1.7160000       45.0892488        0.8150000       29.1487038        1.7600000        4.2086892        2.7610000       29.0301304
     829       8       4    1992        1.5930000       44.6405104        0.8980000       28.9330169        2.3200000        4.2307738        3.3960000       30.9965173
     830       9       4    1992        1.5930000       44.1962378        0.8310000       28.7191333        3.1600000        4.2485109        6.6890000       30.9220708
     831      10       4    1992        1.5930000       43.7563868        0.7250000       28.5070368        4.8300000        4.3102348        8.1300000       32.6796298
     832      11       4    1992        1.5930000       43.3209132        0.7200000       28.2967110        7.1200000        4.2474789       14.5800000       34.0908647
     833      12       4    1992        1.5930000       42.8897735        0.7720000       28.0881400        9.8000000        4.2187707        4.4590000       34.0294842
     834      13       4    1992        1.5930000       42.4629247        0.7300000       27.8813078        8.0500000        4.1970816        3.3120000       33.0845980
     835      14       4    1992        1.5930000       42.0403239        0.7930000       27.6761987        4.2100000        4.1834596        7.4220000       32.4410120
     836      15       4    1992        1.5930000       41.6219290        0.8930000       27.4727971        3.4800000        4.1727914        2.1400000       31.9867886
     837      16       4    1992        1.5930000       41.2077023        1.0670000       27.2710891        3.0000000        4.1638498        1.9550000       31.6399501
     838      17       4    1992        1.5930000       40.7976668        1.1880000       27.0710592        2.5800000        4.1559195        1.9550000       31.3546994
     839      18       4    1992        1.5930000       40.3918919        1.0910000       26.8726886        2.2000000        4.1500126        1.9550000       31.1129903
     840      19       4    1992        1.5930000       39.9909652        1.0980000       26.6759723        1.9700000        4.1454928        1.9250000       31.2226428
     841      20       4    1992        2.1180000       39.5981504        1.2160000       26.4808963        1.7600000        4.1392591        1.8950000       31.4730885
     842      21       4    1992        4.2490000       39.2173335        0.9940000       26.2874421        1.5700000        4.1328669        1.8950000       31.3335517
     843      22       4    1992        4.4660000       38.8455604        0.8260000       26.0955910        1.4800000        4.1400276        1.8950000       31.2541125
     844      23       4    1992        4.6900000       38.4610828        0.6460000       25.9053089        1.4000000        4.1283704        1.8370000       31.2649968
     845      24       4    1992        4.6900000       38.0997422        0.5760000       25.7170408        1.6700000        4.1180498        1.8950000       30.9778309
     846      25       4    1992       10.5880000       37.7910947        0.6120000       25.5316079        1.0900000        4.1094223        2.0160000       30.9715806
     847      26       4    1992       17.9190000       37.4449305        0.5660000       25.3471744        2.4500000        4.1016599        2.2700000       31.1424859
     848      27       4    1992        7.2910000       37.1108814        0.5660000       25.1642225        2.8600000        4.1120568        2.7980000       30.9967428
     849      28       4    1992        9.5230000       36.7892590        0.6310000       24.9840728        3.1600000        4.2313750        3.7460000       32.3432815
     850      29       4    1992        9.8710000       36.4357024        0.6950000       24.8053079        3.4800000        4.1911289        4.8710000       33.9295551
     851      30       4    1992        6.1700000       36.0814061        0.6700000       24.6266977        3.8300000        4.2355041        5.1400000       43.4895618
     852       1       5    1992        4.2490000       35.7220995        0.6360000       24.4487239        4.8300000        4.2641165       10.2460000       65.6997284
     853       2       5    1992        3.4420000       35.3650475        0.7540000       24.2720133        6.5500000        4.2269750       11.2860000       81.1284413
     854       3       5    1992        3.0760000       35.0123416        1.4900000       24.0967336        8.3800000        4.3329786       10.6710000       71.8481712
     855       4       5    1992        2.7330000       34.6635647        1.0060000       23.9228990       14.1600000        4.2851072        8.4240000       68.0690697
     856       5       5    1992        2.7330000       34.3184592        0.8090000       23.7504955        9.0700000        4.2200958        7.3530000       54.9815440
     857       6       5    1992        2.5710000       33.9768790        0.7870000       23.5795070        4.8300000        4.1974302        5.3620000       51.3298171
     858       7       5    1992        2.5710000       33.6390248        0.7830000       23.4099343        3.6600000        4.1670322        5.2500000       50.1969257
     859       8       5    1992        2.9010000       33.3094725        0.9450000       23.2418620        3.1600000        4.1410015        4.7140000       49.4386535
     860       9       5    1992        2.5710000       32.9991499        0.9980000       23.0755723        3.3200000        4.1310536        4.5590000       49.1425021
     861      10       5    1992        5.9070000       32.7393431        1.5770000       22.9128484        3.4800000        4.1191638        4.1160000       49.1441429
     862      11       5    1992       21.0570000       32.6542763        5.1910000       22.7574013        3.6600000        4.1073236        3.9280000       48.7301054
     863      12       5    1992       43.9110000       32.6648763        7.9570000       22.6052122        3.8300000        4.1180900        3.8820000       48.9944531
     864      13       5    1992       10.5880000       32.4508496        5.1850000       22.4467584        4.0200000        4.1275907        4.6100000       49.6489219
     865      14       5    1992        6.7170000       32.1545398        2.3680000       22.2865234        4.0200000        4.2007222        4.6100000       50.7265280
     866      15       5    1992        5.1570000       31.8149840        1.7880000       22.1272014        3.8300000        4.2686053        4.9770000       51.0865449
     867      16       5    1992        4.9200000       31.4840890        3.4270000       21.9692163        4.0200000        4.2529919        5.4750000       51.5230087
     868      17       5    1992        5.1570000       31.1838752        5.7920000       21.8126835        4.0200000        4.1964660        5.5900000       51.8394061
     869      18       5    1992        5.6500000       30.9207104        4.9120000       21.6575172        3.8300000        4.1537796        5.8230000       51.1431803
     870      19       5    1992        9.5230000       30.7530629        3.4090000       21.5036704        3.3200000        4.1262458        5.8230000       50.5261964
     871      20       5    1992        5.4000000       30.8763126        2.4620000       21.3523125        3.0000000        4.1097058        5.5900000       50.0248031
     872      21       5    1992       12.9190000       31.2978054        1.6010000       21.2036641        2.8600000        4.1062449        5.5900000       49.6089426
     873      22       5    1992        6.7170000       31.8117216        0.9880000       21.0544747        3.1600000        4.1132405        5.1400000       49.7881526
     874      23       5    1992        4.6900000       32.3419853        0.5970000       20.9059614        3.4800000        4.1178430        4.7140000       51.5131445
     875      24       5    1992        6.4400000       32.7133756        0.4930000       20.7584030        4.2100000        4.1108005        4.7140000       52.5385337
     876      25       5    1992        5.4000000       32.2588628        0.4480000       20.6116635        4.0200000        4.1474469        4.6620000       52.5557902
     877      26       5    1992        3.4420000       31.8107712        0.3800000       20.4660917        5.5200000        4.1506992        4.5590000       52.3681002
     878      27       5    1992        3.2560000       31.4237049        0.3870000       20.3217145        6.0200000        4.1378982        4.5090000       52.1373778
     879      28       5    1992        3.2560000       31.0732184        0.3690000       20.1785177        5.2800000        4.1136193        4.0690000       51.5002203
     880      29       5    1992        2.9010000       30.7439229        0.3650000       20.0364836        4.2100000        4.0902499        3.7460000       50.9974372
     881      30       5    1992        2.7330000       30.4281491        0.3580000       19.8956003        3.6600000        4.1047908        3.5680000       50.6484350
     882      31       5    1992        2.7330000       30.2386590        0.3170000       19.7558570        3.3200000        4.1521399        3.4820000       50.4139680
     883       1       6    1992        2.7330000       30.4015440        0.3100000       19.6172585        3.0000000        4.1229266        3.3960000       50.3009308
     884       2       6    1992        3.0760000       30.6848908        0.3550000       19.4797646        2.8600000        4.0929488        3.3960000       49.9870200
     885       3       6    1992        3.8330000       31.1767691        0.7450000       19.3433495        2.7100000        4.0728199        3.3960000       49.6322500
     886       4       6    1992        3.8330000       32.2343034        1.3120000       19.2080259        2.5800000        4.0666168        3.3120000       49.6715914
     887       5       6    1992        3.8330000       32.9400991        0.8780000       19.0737857        2.8600000        4.0590669        3.7460000       50.4504749
     888       6       6    1992        9.5230000       33.4480948        0.5860000       18.9406193        3.3200000        4.0469969        4.3100000       51.0563535
     889       7       6    1992       12.9190000       34.1475171        0.5230000       18.8087713        4.2100000        4.0509346        4.8710000       51.1899852
     890       8       6    1992       30.9200000       35.6279941        0.7880000       18.6787589        5.0500000        4.0587542        5.8230000       50.9889435
     891       9       6    1992       16.4600000       36.3894362        3.0970000       18.5500426        5.5200000        4.0506884        6.2470000       51.0065476
     892      10       6    1992       17.4240000       39.5558730        3.0690000       18.4219886        6.2800000        4.0773964        6.6890000       51.6596255
     893      11       6    1992       10.2260000       48.0033797        1.1060000       18.2948223        6.8300000        4.0976116        6.8190000       52.3460060
     894      12       6    1992       10.5880000       51.6990080        0.6230000       18.1693258        7.4200000        4.0787887        7.3530000       52.6958572
     895      13       6    1992       12.9190000       51.1739901        0.5660000       18.0456227        6.5500000        4.0498943        8.4990000       52.8300830
     896      14       6    1992       10.5880000       49.8145531        0.5940000       17.9231024        5.7700000        4.0412291        8.0570000       52.8829875
     897      15       6    1992       13.3350000       48.9486341        0.6260000       17.7999552        6.0200000        4.0649486       11.5550000       53.8439564
     898      16       6    1992       16.9380000       47.9213469        0.7670000       17.6776579        6.8300000        4.0990543       18.1720000       55.8234540
     899      17       6    1992       52.8250000       48.2162199        1.7600000       17.5570248        6.0200000        4.0804904       17.9330000       56.0518038
     900      18       6    1992       37.4650000       49.1171555        2.4300000       17.4371451        7.1200000        4.0525248       18.1720000       57.8770982
     901      19       6    1992       13.3350000       50.4092220        3.6610000       17.3184679        5.5200000        4.0302662       18.1720000       61.6254258
     902      20       6    1992       15.5280000       50.4077723        2.3740000       17.2010275        6.5500000        4.0133709       17.6960000       59.3374319
     903      21       6    1992       34.4650000       50.8773073        1.7920000       17.0845866        7.4200000        4.0873069        9.9960000       58.7734448
     904      22       6    1992       80.6680000       52.0670007        1.0070000       16.9691203        7.1200000        4.2101660       14.0620000       59.7077107
     905      23       6    1992       72.4900000       52.8670052        1.0120000       16.8544077        7.4200000        4.1838866       12.7700000       59.5422196
     906      24       6    1992       59.6470000       52.9399507        1.2350000       16.7393156        8.0500000        4.1164381       12.5790000       59.6063603
     907      25       6    1992       52.8250000       52.7378579        0.7070000       16.6249449        7.1200000        4.0828206       16.5400000       59.7561657
     908      26       6    1992       47.3610000       53.7975345        0.5850000       16.5141055        8.3800000        4.0700024       16.2020000       59.1654666
     909      27       6    1992       77.1000000       55.8798675        0.7220000       16.4135264        6.2800000        4.0628333       15.8690000       58.8299954
     910      28       6    1992       61.6860000       58.2316337        1.6090000       16.3565691        5.0500000        4.0778760       15.3240000       59.9736425
     911      29       6    1992       71.3630000       61.2300511        8.2760000       16.3705786        5.2800000        4.0860664       14.5800000       60.8743722
     912      30       6    1992       60.6610000       66.5584767       16.1590000       16.4495559        6.0200000        4.0503291       14.0620000       60.8153652
     913       1       7    1992       85.5730000       68.7756227       11.1210000       16.6136363        8.0500000        4.0331178        5.2500000       60.5528332
     914       2       7    1992      147.7020000       68.4348919       20.3300000       16.6757386       10.5700000        4.0389566       17.4610000       60.4573335
     915       3       7    1992      131.1000000       69.8788515       16.6670000       16.7224427       15.7200000        4.0319117       17.3440000       60.6229507
     916       4       7    1992      118.6470000       73.0080463       29.8700000       16.8122528       14.1600000        4.0335945       16.6530000       61.5193473
     917       5       7    1992      118.6470000       75.5161141       24.3250000       17.2713290       11.8200000        4.0745727       14.7900000       62.6115404
     918       6       7    1992       86.8260000       78.4629354       36.9620000       18.0939058       12.7200000        4.0781522       12.7700000       62.9950438
     919       7       7    1992      200.5030000       81.6603867       32.6510000       18.6117364       10.9800000        4.0492032       11.8290000       62.7346633
     920       8       7    1992      200.5030000       84.1414243       48.5920000       18.7371462        9.8000000        4.0225324       10.2460000       62.2096919
     921       9       7    1992      154.6700000       87.2259995       20.2330000       18.9839420        8.0500000        4.0029396       10.0790000       61.9929206
     922      10       7    1992      165.4770000       90.1855479       27.0770000       19.4776668        7.4200000        3.9901545        8.4990000       62.0175415
     923      11       7    1992      134.3280000       91.7936312       55.7510000       19.8344021        6.8300000        3.9898780       10.8450000       61.9627256
     924      12       7    1992       91.9440000       96.6356817       32.8730000       20.2327881        6.2800000        3.9787370       10.0790000       62.0198272
     925      13       7    1992       43.9110000      103.2266379       22.0200000       21.0258884        6.5500000        3.9680996       10.9320000       63.0343605
     926      14       7    1992       31.6110000      100.5882775       28.4800000       21.8914301        7.4200000        3.9593098       11.8290000       64.0305812
     927      15       7    1992      127.9190000      102.7945904       30.9320000       22.4335604        9.0700000        3.9555130       10.0790000       63.8805000
     928      16       7    1992       81.8780000      107.1264343       19.0960000       23.7911046       10.9800000        3.9533923       10.9320000       63.6248412
     929      17       7    1992       81.8780000      112.3836312       47.3100000       26.2487511       17.4200000        3.9442329       11.3750000       63.1399555
     930      18       7    1992      156.4420000      112.7269541       36.8310000       27.5664691       19.2500000        3.9375382       11.6460000       62.7785655
     931      19       7    1992       71.3630000      112.2816338       38.0810000       27.8728642       21.2300000        3.9436424       11.2860000       62.8477919
     932      20       7    1992       62.7200000      112.1348447       38.1170000       27.8845535       19.2500000        3.9357692       18.1720000       63.2350921
     933      21       7    1992      134.3280000      114.1117017       33.9090000       28.8822975       16.8400000        3.9248697       12.6740000       63.2771400
     934      22       7    1992      101.3190000      117.3790997       26.7630000       31.0656693       15.7200000        3.9241984       12.3890000       62.8682427
     935      23       7    1992      104.0960000      119.0246827       44.9570000       33.1326585       15.1900000        3.9318779       11.8290000       62.7333105
     936      24       7    1992      137.6020000      121.3734414       40.9030000       35.4224052       14.6700000        3.9182450       12.2940000       62.7891600
     937      25       7    1992       85.5730000      123.1087915       39.3200000       35.2937181       15.1900000        3.9066003       10.7580000       62.9231503
     938      26       7    1992      134.3280000      124.1269025       41.9290000       35.1715358       13.6600000        3.8994552        9.6680000       63.1540056
     939      27       7    1992      169.1750000      125.0651816       48.8720000       36.1367808       13.1800000        3.9026701       11.6460000       63.1587600
     940      28       7    1992      169.1750000      126.6745368      144.8460000       39.3677589       15.7200000        3.8992102       10.3300000       62.9734194
     941      29       7    1992      165.4770000      128.5376420      116.2390000       47.2600680       23.3600000        3.8875415       10.5000000       62.6074309
     942      30       7    1992      156.4420000      131.2312141       79.9370000       46.5625848       20.5500000        3.8777957       10.2460000       62.4587939
     943      31       7    1992      112.6930000      133.5640920       70.7200000       45.6430048       18.0100000        3.8806821       11.8290000       63.0978532
     944       1       8    1992      151.1630000      134.6146125       83.0690000       46.0278309       19.8900000        3.8794474       13.7570000       63.4023649
     945       2       8    1992      120.1640000      136.0149705      100.3440000       47.8359683       21.9200000        3.8671478       15.3240000       62.9088687
     946       3       8    1992      115.6470000      137.6974736       99.6360000       49.9286205       22.6300000        3.8574563       17.4610000       62.6016538
     947       4       8    1992      169.1750000      139.3213759      104.2130000       51.0160525       39.8500000        3.8492898       13.5560000       62.6100575
     948       5       8    1992      196.4160000      142.3407046      194.0580000       51.6130177       57.9900000        3.8420165       13.5560000       62.5846018
     949       6       8    1992      152.9100000      145.7446077      149.7930000       52.5770038       42.1300000        3.8368671       13.2580000       63.2426024
     950       7       8    1992      147.7020000      148.6673440      170.4520000       54.6435721       29.8600000        3.8405421       17.5780000       63.2445801
     951       8       8    1992      129.5040000      152.2641775      206.4070000       59.6146272       26.4500000        3.8370646       11.5550000       62.8352506
     952       9       8    1992      123.2320000      154.3963633      120.9250000       61.0680913       24.1000000        3.8287115       27.0490000       62.7081154
     953      10       8    1992      158.2250000      167.0681611      105.5460000       62.5195408       21.9200000        3.8241850       30.7290000       62.7264003
     954      11       8    1992      139.2560000      182.5471069      131.9830000       68.1944881       20.5500000        3.8151879       43.1660000       62.9229183
     955      12       8    1992      237.2600000      175.3593194      285.6000000       70.5392693       19.8900000        3.8068024       62.8970000       62.7680720
     956      13       8    1992      160.0200000      170.6427970      310.0160000       68.5921682       22.6300000        3.8023138       21.1960000       62.4051209
     957      14       8    1992      147.7020000      169.5642134      304.9010000       66.9065750       26.4500000        3.7951900       20.1560000       62.5317836
     958      15       8    1992      135.9590000      171.3578147      318.6970000       66.3964515       30.7600000        3.7879903       18.9010000       62.3151896
     959      16       8    1992      156.4420000      172.6107077      242.5940000       65.8988761       38.7500000        3.7813201       18.0520000       62.3861244
     960      17       8    1992      172.9210000      172.4604629      243.5300000       65.6813076       29.8600000        3.7749627       18.0520000       62.3046136
     961      18       8    1992      178.6300000      173.6950169      232.0840000       65.5890565       50.9000000        3.7687917       15.8690000       61.8436389
     962      19       8    1992      230.5090000      176.1367302      151.7510000       67.2830091       45.7300000        3.7632976       15.5400000       61.3868036
     963      20       8    1992      160.0200000      178.3284504      123.4830000       71.6063596       40.9800000        3.7582906       15.8690000       61.0164911
     964      21       8    1992      232.7470000      179.8219767      125.2010000       73.4324770       35.5800000        3.7549315       15.4320000       61.1248950
     965      22       8    1992      144.2890000      181.1992762      127.5090000       73.8922267       29.8600000        3.7539587       16.2020000       61.1307871
     966      23       8    1992      192.3780000      185.0976013      120.7170000       79.5053551       25.6500000        3.7468077       17.2280000       61.2802909
     967      24       8    1992      248.7670000      187.3966192      106.0740000       85.9818847       21.9200000        3.7387119       17.9330000       61.1745881
     968      25       8    1992      208.8260000      188.3434318      121.2120000       81.0764104       20.5500000        3.7315521       19.3970000       60.8257577
     969      26       8    1992      194.3910000      192.5472131       94.3270000       78.8688414       21.9200000        3.7249421       17.9330000       60.9910478
     970      27       8    1992      412.6170000      202.5805584       86.7420000       86.8175228       25.6500000        3.7186567       15.8690000       61.1028447
     971      28       8    1992      265.4170000      211.1206635      101.4420000      105.4899671       28.1100000        3.7128981       16.4270000       60.9625824
     972      29       8    1992      381.9150000      203.7270187      108.5100000      107.7093601       30.7600000        3.7086438       17.2280000       60.8982507
     973      30       8    1992      290.3080000      204.2779407      126.6450000      117.3812100       39.8500000        3.7026267       17.6960000       60.5861254
     974      31       8    1992      308.5150000      208.1663047      117.0140000      121.2528503       27.2700000        3.7177591       18.0520000       60.8651663
     975       1       9    1992      208.8260000      208.5241996       98.3810000      117.4637954       27.2700000        3.7075408       24.9510000       60.8772951
     976       2       9    1992      178.6300000      208.5987303       91.7400000      112.5075527       29.8600000        3.6993217       27.2030000       60.9885552
     977       3       9    1992      147.7020000      207.9930791       69.0720000      102.0319008       33.5900000        3.6961441       23.7980000       61.4474230
     978       4       9    1992      123.2320000      208.2182406       53.8450000       98.0347589       37.6700000        3.6843493       22.8180000       61.8021934
     979       5       9    1992      147.7020000      211.0038186       66.4480000       98.1975443       33.5900000        3.6758317       21.3280000       61.9383970
     980       6       9    1992      244.1260000      215.5957972       77.4550000       99.7527093       35.5800000        3.6684674       24.0830000       61.7632946
     981       7       9    1992      219.5110000      216.6239922       79.1400000      100.6015227       33.5900000        3.6617795       25.9870000       62.1858818
     982       8       9    1992      215.1990000      218.6585748       71.2290000      103.6065000       35.5800000        3.6554900       28.4540000       62.7627961
     983       9       9    1992      165.4770000      222.9141533       86.0810000      106.8514338       36.6200000        3.6532015       30.7290000       63.9527513
     984      10       9    1992      134.3280000      222.6416970       83.1550000      107.3976093       48.2600000        3.6547939       32.5920000       64.8834661
     985      11       9    1992      169.1750000      223.0423420       88.9580000      106.3141072       49.5700000        3.6588921       34.5250000       65.8252405
     986      12       9    1992      137.6020000      236.9275895       74.9500000      105.6752541       70.8800000        3.6472482       38.0270000       66.4696752
     987      13       9    1992       93.2510000      269.0614823       55.4050000      105.6222296      100.9500000        3.6367996       39.3710000       66.8112426
     988      14       9    1992      156.4420000      267.4803027       67.6060000      106.5075970       80.0000000        3.6388029       38.2180000       67.7169091
     989      15       9    1992      158.2250000      265.1636718       56.5060000      107.7531875       62.5900000        3.6327558       34.8840000       67.0507757
     990      16       9    1992      167.3200000      258.7550856       54.5940000      107.4599464       48.2600000        3.6217825       25.8370000       66.3328986
     991      17       9    1992      158.2250000      257.8436475      110.7440000      107.6439184       36.6200000        3.6136714       26.2880000       65.6531317
     992      18       9    1992      217.3490000      254.2548818       96.0120000      108.2107530       31.6800000        3.6065845       21.9980000       65.0503714
     993      19       9    1992      204.6400000      251.5081217      143.7530000      108.3096647       27.2700000        3.6000987       18.1720000       64.4930062
     994      20       9    1992      134.3280000      250.4292221      118.6090000      108.0569743       21.2300000        3.5939672       17.4610000       63.9627702
     995      21       9    1992      131.1000000      250.8015157       94.1060000      107.5244461       19.2500000        3.5880460       16.0910000       63.4494656
     996      22       9    1992       88.0890000      250.2089259       67.3540000      106.3579443       18.0100000        3.5822513       14.2680000       62.9474809
     997      23       9    1992       80.6680000      247.9606920       56.1720000      105.2380450       16.2700000        3.5765340       13.2580000       62.4543501
     998      24       9    1992       78.2790000      248.8200050       49.2520000      104.4991402       15.7200000        3.5708656       12.5790000       61.9683667
     999      25       9    1992      115.6470000      258.6625607       46.3720000      103.6841229       14.6700000        3.5652293       12.0140000       61.4857183
    1000      26       9    1992       97.2360000      268.7843932       44.5540000      102.7115261       14.1600000        3.5596155       11.4650000       61.0079318
    1001      27       9    1992      132.7080000      262.9506944       37.0090000      101.7652370       14.6700000        3.5540184       10.7580000       60.5419905
    1002      28       9    1992      105.5010000      261.7405695       33.4410000      100.8700609       14.1600000        3.5484347       10.0790000       60.0984654
    1003      29       9    1992       63.7650000      258.7479101       31.2550000       99.9838376       15.1900000        3.5430034        9.5070000       59.7107581
    1004      30       9    1992       79.4680000      255.5455193       30.2340000       99.2703625       16.8400000        3.5382069       13.1600000       59.8452145
    1005       1      10    1992       98.5860000      256.1719115       27.2990000       98.8565635       21.2300000        3.5340800        9.1110000       59.9497024
    1006       2      10    1992      135.9590000      258.8237433       26.9850000       98.2894947       21.9200000        3.5355093        8.8780000       60.3330267
    1007       3      10    1992      137.6020000      281.9287465       28.1390000       98.2410939       28.9700000        3.5310647        9.4270000       61.2854998
    1008       4      10    1992       86.8260000      313.2030424       44.8530000       98.7909786       29.8600000        3.5316634       10.2460000       64.1618058
    1009       5      10    1992      109.7820000      305.1654148       48.1110000       98.5054315       31.6800000        3.5219567       10.7580000       69.5972747
    1010       6      10    1992      106.9170000      301.4833714       32.2020000       98.0570559       31.6800000        3.5644360       12.3890000       73.3704950
    1011       7      10    1992      120.1640000      296.4268006       42.9270000       98.4606305       28.1100000        3.5254283       13.6560000       71.8102948
    1012       8      10    1992      106.9170000      296.1598298       45.6710000       98.6554668       25.6500000        3.5110809        9.7490000       66.8524443
    1013       9      10    1992       78.2790000      297.7018917       38.3530000       97.7359869       22.6300000        3.5012401        9.1110000       65.7314686
    1014      10      10    1992       81.8780000      298.6699480       35.6580000       97.4338424       19.8900000        3.4932195        8.8010000       65.2581245
    1015      11      10    1992      105.5010000      308.2097555       37.4230000       98.3325968       23.3600000        3.4862641        9.1110000       65.0216493
    1016      12      10    1992      112.6930000      315.9911602       36.2540000       98.6431180       23.3600000        3.4799336        9.5870000       65.2982777
    1017      13      10    1992      112.6930000      312.3296802       38.4900000       97.7791969       24.1000000        3.4740393        8.8010000       66.0943936
    1018      14      10    1992      151.1630000      297.5823752       40.2890000       96.6685424       23.3600000        3.4716606        8.4240000       66.8952819
    1019      15      10    1992       72.4900000      289.7325369       36.8810000       95.6810278       24.8700000        3.4753946        7.9130000       67.1953848
    1020      16      10    1992       84.3310000      288.5819147       44.5660000       95.4467621       19.2500000        3.4852966        7.3530000       67.9748072
    1021      17      10    1992       75.9320000      288.6936648       56.0040000       96.9211888       23.3600000        3.4650725        7.3530000       68.9052783
    1022      18      10    1992      114.1640000      297.7722788       61.9880000       98.6764721       31.6800000        3.4579806        7.0830000       74.4165052
    1023      19      10    1992       97.2360000      350.5877383       49.1210000       99.3545494       55.0700000        3.4645098        8.6490000       86.1070140
    1024      20      10    1992       95.8970000      366.8713039       50.8030000       99.4412331       42.1300000        3.4576230       10.8450000       95.7518475
    1025      21      10    1992       75.9320000      335.4585237       60.5440000       98.3756427       36.6200000        3.4471484       11.8290000       88.3347640
    1026      22      10    1992       58.6420000      317.7184737       57.9280000       97.1710989       31.6800000        3.4388237       11.7370000       80.6518618
    1027      23      10    1992      115.6470000      315.6266661       85.4610000       96.2105934       32.6200000        3.4515844       11.4650000       79.2240972
    1028      24      10    1992       50.0490000      318.6908998       90.5630000       95.3843655       28.1100000        3.5293416       11.3750000       82.7511057
    1029      25      10    1992       78.2790000      325.7812718       72.7300000       94.5214895       28.1100000        3.4902904       11.2860000       83.4972917
    1030      26      10    1992       78.2790000      318.4727648       77.0830000       93.6392065       25.6500000        3.4619690       10.7580000       81.0791136
    1031      27      10    1992       70.2470000      313.7082023       73.2500000       92.7846554       29.8600000        3.4426121       10.3300000       79.8109991
    1032      28      10    1992       50.0490000      308.0775096      118.2810000       91.9566938       29.8600000        3.4288108        9.4270000       78.9526539
    1033      29      10    1992       43.9110000      304.2922211       45.8390000       91.1484001       26.4500000        3.4184394        8.9550000       78.3884092
    1034      30      10    1992       39.0200000      300.8750917       30.6490000       90.3545056       19.8900000        3.4101175        8.4990000       77.6969490
    1035      31      10    1992       38.2380000      297.6709109       26.4540000       89.5717722       18.0100000        3.4030410        8.1300000       76.9951657
    1036       1      11    1992       37.4650000      294.9690323       24.0650000       88.7983349       17.4200000        3.3968933        7.9850000       76.3389377
    1037       2      11    1992       35.2020000      293.1316498       23.1710000       88.0501452       16.2700000        3.3931190        7.7710000       75.9297387
    1038       3      11    1992       35.9470000      291.6242978       21.5330000       87.3441634       15.1900000        3.4067436        7.4220000       76.2867392
    1039       4      11    1992       31.6110000      291.1046434       19.6620000       86.6755287       15.1900000        3.4724741        7.0830000       77.4260636
    1040       5      11    1992       31.6110000      290.4432885       18.9990000       86.0158322       14.6700000        3.4983726        7.0830000       79.2176069
    1041       6      11    1992       36.7010000      287.9684529       18.4080000       85.3003986       14.6700000        3.5474940        6.9500000       81.7175642
    1042       7      11    1992       31.6110000      285.6609472       17.9260000       84.5652899       14.1600000        3.5219582        6.8190000       81.0935625
    1043       8      11    1992       85.5730000      282.6900588       21.7630000       83.8349840       14.1600000        3.4711074        6.4970000       80.4215339
    1044       9      11    1992       31.6110000      280.6152976       19.6960000       83.1204820       13.6600000        3.4374301        6.1850000       79.4390406
    1045      10      11    1992       37.4650000      279.2720607       20.6000000       82.4327722       13.1800000        3.4188236        6.0630000       78.5968155
    1046      11      11    1992       46.4840000      277.4731216       21.5920000       81.7619553       13.6600000        3.4037671        6.0630000       77.8811638
    1047      12      11    1992       44.7590000      276.4083916       19.9820000       81.1027187       13.1800000        3.4066965        6.0630000       77.3218729
    1048      13      11    1992       45.6160000      274.5096688       19.1530000       80.4357664       12.7200000        3.4421365        5.6480000       77.8220466
    1049      14      11    1992       31.6110000      272.6224579       15.8910000       79.7526325       12.2600000        3.4831715        5.2500000       76.9427917
    1050      15      11    1992       27.5990000      269.6568301       14.3650000       79.0696829       11.8200000        3.5169459        5.2500000       77.2605091
    1051      16      11    1992       26.3320000      266.7871886       13.3990000       78.3930153       11.3900000        3.5425909        5.1400000       77.6607905
    1052      17      11    1992       24.4970000      264.0323633       12.6300000       77.7233272       10.9800000        3.5371766        5.0310000       77.8850245
    1053      18      11    1992       22.7390000      261.3516872       11.9060000       77.0603576       10.5700000        3.5231036        5.1400000       76.9186407
    1054      19      11    1992       21.6090000      258.7228073       11.2060000       76.4038027       10.1800000        3.4792344        5.3620000       76.1036448
    1055      20      11    1992       21.0570000      256.1334868       10.5680000       75.7534450        9.8000000        3.4443955        5.0850000       75.3811992
    1056      21      11    1992       21.0570000      253.5770132       10.1950000       75.1091377        9.4300000        3.4218623        4.8180000       74.7148992
    1057      22      11    1992       18.4210000      251.0496777        9.8700000       74.4707772        9.0700000        3.4065054        4.6100000       74.0825760
    1058      23      11    1992       18.4210000      248.5493954        9.5500000       73.8382838        8.7200000        3.3953357        4.3590000       73.4716429
    1059      24      11    1992       18.4210000      246.0749549        9.2360000       73.2115905        8.3800000        3.3866107        4.1160000       72.8780133
    1060      25      11    1992       17.4240000      243.6256109        8.9270000       72.5906371        8.0500000        3.3793149        3.9280000       72.2934232
    1061      26      11    1992       16.4600000      241.2008654        8.6610000       71.9753668        8.0500000        3.3728560        3.8360000       71.7145096
    1062      27      11    1992       16.9380000      238.8043546        8.5680000       71.3657837        7.7300000        3.3668888        3.8360000       71.1426562
    1063      28      11    1992       16.4600000      236.4678633        8.4020000       70.7629163        7.7300000        3.3612118        3.7460000       70.5802074
    1064      29      11    1992       16.4600000      234.1520675        9.2580000       70.1663837        7.7300000        3.3653596        3.7460000       70.1240817
    1065      30      11    1992       15.5280000      231.8368947        8.6820000       69.5740253        7.7300000        3.3837742        3.6560000       69.8125151
    1066       1      12    1992       19.4510000      229.5541156        8.1800000       68.9864536        7.4200000        3.3771576        3.6560000       69.0410822
    1067       2      12    1992       15.5280000      227.2713599        9.9560000       68.4041301        7.1200000        3.3719402        3.6560000       69.3075399
    1068       3      12    1992       14.6270000      225.0079877       22.2840000       67.8271078        6.8300000        3.3663362        3.6560000       68.4805077
    1069       4      12    1992       13.7580000      222.7679634        9.3460000       67.2553518        6.5500000        3.3748669        3.6560000       68.6864939
    1070       5      12    1992       13.7580000      220.5506365        6.9200000       66.6888119        8.0500000        3.4972644        3.8360000       68.7622302
    1071       6      12    1992       12.9190000      218.3555657        6.8560000       66.1274366        8.7200000        3.4782957        3.8360000       70.8216157
    1072       7      12    1992       12.9190000      216.1824231        7.7850000       65.5711760        8.7200000        3.4851200        4.0220000       71.6638209
    1073       8      12    1992       18.9320000      214.0309396        7.5010000       65.0199809        8.3800000        3.4459827        4.1640000       71.1156544
    1074       9      12    1992       12.5120000      211.9008769        7.1400000       64.4738031        8.0500000        3.4085225        3.7460000       70.2523298
    1075      10      12    1992       10.9580000      209.7920123        6.5260000       63.9325949        7.7300000        3.4089013        3.7460000       69.4793243
    1076      11      12    1992       11.3350000      207.7041317        5.9700000       63.3963092        7.7300000        3.4655401        3.5680000       68.9761756
    1077      12      12    1992       10.5880000      205.6370258        5.8620000       62.8648992        7.4200000        3.4526948        3.5680000       68.9307171
    1078      13      12    1992       10.5880000      203.5904885        5.6490000       62.3383187        7.4200000        3.4312388        3.4820000       68.2738755
    1079      14      12    1992       10.5880000      201.5643159        5.4110000       61.8165217        7.4200000        3.4736772        3.4820000       67.9094408
    1080      15      12    1992       12.9190000      199.5583062        5.2080000       61.2994629        7.1200000        3.5998818        3.3960000       69.3957782
    1081      16      12    1992       12.1120000      197.5723016        5.1640000       60.7870972        6.8300000        3.6121459        3.3960000       69.5258848
    1082      17      12    1992       10.5880000      195.6061387        5.0640000       60.2793800        6.5500000        3.6755739        3.3120000       69.9121878
    1083      18      12    1992        9.5230000      193.6594357        5.0370000       59.7762671        6.5500000        3.9003261        3.3120000       69.9192629
    1084      19      12    1992        9.1830000      191.7320968        5.3680000       59.2777148        6.2800000        4.1245730        3.3120000       69.5669507
    1085      20      12    1992        9.1830000      189.8239380        4.9110000       58.7836798        6.2800000        4.0500241        3.3960000       71.4489077
    1086      21      12    1992        8.8500000      187.9347687        4.7160000       58.2941191        6.2800000        3.8435540        3.3960000       70.2690690
    1087      22      12    1992        8.5240000      186.0644001        4.5140000       57.8089903        6.0200000        3.7148743        3.3960000       69.5440914
    1088      23      12    1992        8.5240000      184.2126455        4.3280000       57.3282514        6.0200000        3.6374762        3.2300000       68.7485364
    1089      24      12    1992        8.2050000      182.3793196        4.2760000       56.8518605        6.0200000        3.5958836        3.2300000       68.0823887
    1090      25      12    1992        7.2910000      180.5642391        4.1090000       56.3797766        6.8300000        3.5757946        3.2300000       67.5141509
    1091      26      12    1992        7.2910000      178.7672227        3.9710000       55.9119587        6.5500000        3.5743758        3.1480000       66.9811300
    1092      27      12    1992        7.2910000      176.9883948        3.7370000       55.4483918        6.5500000        3.5718237        3.1080000       66.5552820
    1093      28      12    1992        7.2910000      175.2287463        3.9040000       54.9891405        6.2800000        3.5553451        3.0680000       66.1599061
    1094      29      12    1992        7.2910000      173.4896496        5.3220000       54.5342094        6.0200000        3.5379052        3.1480000       65.4184250
    1095      30      12    1992        8.5240000      171.7703908        6.2080000       54.0834960        5.5200000        3.5236868        3.1480000       64.8900991
    1096      31      12    1992        7.2910000      170.0630213        5.2710000       53.6367646        5.5200000        3.5131031        3.2300000       64.3745335
    1097       1       1    1993        7.2910000      168.3704966        4.6100000       53.1938196        5.1450000        3.5046424        2.2700000       63.8681427
    1098       2       1    1993        7.0010000      166.6947858        4.0470000       52.7547722        5.0500000        3.4974231        2.2700000       63.3756614
    1099       3       1    1993        6.7170000      165.0357992        3.7980000       52.3196567        4.8300000        3.4909316        2.2040000       62.8842646
    1100       4       1    1993        6.7170000      163.3933401        3.6170000       51.8884514        5.0500000        3.4848682        2.2040000       62.3947972
    1101       5       1    1993        6.7170000      161.7672304        3.5110000       51.4611227        4.6200000        3.4790580        2.2040000       61.9106124
    1102       6       1    1993        6.4400000      160.1573022        3.4180000       51.0376347        4.6200000        3.4733992        2.4040000       61.4373812
    1103       7       1    1993        6.7170000      158.5633929        3.3150000       50.6179513        4.6200000        3.4678322        2.2040000       61.5945449
    1104       8       1    1993        6.1700000      156.9853432        3.1580000       50.2020368        4.6200000        3.6910482        2.1090000       62.6896692
    1105       9       1    1993        6.1700000      155.4229958        3.0590000       49.7898560        4.8300000        3.8855917        2.1720000       60.9052111
    1106      10       1    1993        5.6500000      153.8767069        2.9620000       49.3814482        4.4100000        3.8149839        2.5080000       60.3157386
    1107      11       1    1993        5.6500000      152.3459858        2.8240000       48.9770351        4.4100000        3.7907588        2.7610000       60.0129302
    1108      12       1    1993        5.9070000      150.8299127        2.8240000       48.5767874        4.8300000        4.4076017       24.5150000       61.3365455
    1109      13       1    1993        5.6500000      149.3288917        2.9620000       48.1796033        5.2800000        5.0209553        5.1400000       62.1635003
    1110      14       1    1993        5.6500000      147.8427650        3.0150000       47.7856475        5.2800000        4.8227639        4.7140000       62.0610103
    1111      15       1    1993        5.4000000      146.3714124        2.8140000       47.3951465        5.2800000        4.4080218        4.4590000       61.0643419
    1112      16       1    1993        5.4000000      144.9146993        2.6490000       47.0081250        7.4200000        4.1639122        4.2120000       60.3632657
    1113      17       1    1993        5.1570000      143.4724810        2.5490000       46.6245615        9.0700000        4.0191763        4.0220000       60.1388235
    1114      18       1    1993        5.1570000      142.0446141        2.4030000       46.2444251        8.3800000        3.9323319        3.8820000       59.9236691
    1115      19       1    1993        5.1570000      140.6309562        2.2710000       45.8676839        7.7300000        3.8792204        3.8360000       59.9514843
    1116      20       1    1993        4.9200000      139.2313665        2.2520000       45.4943059        7.1200000        3.8457697        5.8230000       59.6551559
    1117      21       1    1993        4.9200000      137.8457051        2.2340000       45.1242598        8.0500000        3.8237816        4.2120000       59.2267224
    1118      22       1    1993        4.9200000      136.4738338        2.1240000       44.7575142        9.4300000        3.8084789        4.7140000       58.7359880
    1119      23       1    1993        4.6900000      135.1156154        2.1060000       44.3940384        8.7200000        3.8002287        5.1950000       58.2789204
    1120      24       1    1993        4.6900000      133.7709141        2.0890000       44.0338015        7.7300000        3.7927245        5.2500000       57.7792765
    1121      25       1    1993        4.6900000      132.4395955        1.9830000       43.6767734        6.8300000        3.8133354        5.1400000       57.5379814
    1122      26       1    1993        4.6900000      131.1215263        1.9660000       43.3229238        8.3800000        3.8203278        5.1400000       57.3789330
    1123      27       1    1993        4.6900000      129.8165749        1.9660000       42.9722228       10.1800000        3.7989420        5.1400000       57.0418459
    1124      28       1    1993        4.6900000      128.5246106        1.9570000       42.6246409        8.0500000        3.7838419        5.1400000       56.5707725
    1125      29       1    1993        4.4660000      127.2455042        1.8890000       42.2801488        6.5500000        3.7725747        4.9770000       56.1085026
    1126      30       1    1993        4.4660000      125.9791278        1.7730000       41.9387175        6.0200000        3.7635463        4.8710000       55.6682355
    1127      31       1    1993        4.2490000      124.7253546        1.7080000       41.6003182        5.2800000        3.7558272        5.0850000       55.2420089
    1128       1       2    1993        4.2490000      123.4840593        1.6920000       41.2649223        5.0500000        3.7488755        2.6870000       54.8288357
    1129       2       2    1993        4.2490000      122.2551176        1.6440000       40.9325018        4.8300000        3.7423755        2.6140000       54.4363581
    1130       3       2    1993        4.2490000      121.0384066        1.6360000       40.6030287        4.6200000        3.7361426        2.5430000       54.0373270
    1131       4       2    1993        4.2490000      119.8338046        1.6360000       40.2764752        4.4100000        3.7300695        2.5430000       53.6508759
    1132       5       2    1993        4.2490000      118.6411911        1.6280000       39.9528141        4.4100000        3.7240934        2.6500000       53.3033198
    1133       6       2    1993        4.0380000      117.4604468        1.5740000       39.6320181        4.8300000        3.7181778        2.6140000       53.1613544
    1134       7       2    1993        3.8330000      116.2914535        1.5210000       39.3140604        7.4200000        3.7123012        2.6870000       53.5648753
    1135       8       2    1993        3.8330000      115.1340942        1.4980000       38.9989144        6.5500000        3.7106313        2.5780000       53.6696547
    1136       9       2    1993        3.8330000      113.9882533        1.4030000       38.6865537        6.8300000        3.7285187        2.6870000       53.7144721
    1137      10       2    1993        3.8330000      112.8538161        1.3460000       38.3769523        6.5500000        3.7886720        2.7610000       54.4186497
    1138      11       2    1993        3.8330000      111.7306690        1.3310000       38.0700843        6.5500000        3.7671174        2.7610000       54.7685195
    1139      12       2    1993        3.8330000      110.6186997        1.2900000       37.7659240       10.9800000        3.7369043        2.7610000       54.3961318
    1140      13       2    1993        3.8330000      109.5177971        1.2830000       37.4644461        8.3800000        3.7324075        2.9510000       54.3301308
    1141      14       2    1993        3.8330000      108.4278508        1.2900000       37.1656256        7.4200000        3.8159471        3.3120000       54.3332986
    1142      15       2    1993        4.0380000      107.3487520        1.3310000       36.8694375        6.8300000        3.7909109        3.4390000       53.7979117
    1143      16       2    1993        3.8330000      106.2803926        1.3380000       36.5758573        6.0200000        3.7509889        3.7460000       53.3217236
    1144      17       2    1993        3.8330000      105.2226657        1.3310000       36.2848629        5.5200000        3.7252969        4.3100000       52.8853355
    1145      18       2    1993        3.8330000      104.1754656        1.2830000       35.9964321        5.0500000        3.7079030        4.0690000       52.4669737
    1146      19       2    1993        3.6350000      103.1386875        1.2350000       35.7105335        4.8300000        3.6953503        4.0690000       52.0647701
    1147      20       2    1993        3.4420000      102.1122276        1.2210000       35.4271444        4.6200000        3.6856239        3.6560000       51.6729455
    1148      21       2    1993        3.4420000      101.0959833        1.1680000       35.1462427        4.4100000        3.6775494        3.2710000       51.2885836
    1149      22       2    1993        3.4420000      100.0899095        1.0780000       34.8678058        4.2100000        3.6704420        2.5430000       50.9100761
    1150      23       2    1993        3.4420000       99.0945995        1.0280000       34.5918174        4.0200000        3.6639025        2.4040000       50.5350932
    1151      24       2    1993        3.4420000       98.1102898        1.0160000       34.3182600        4.0200000        3.6592924        2.4040000       50.1684069
    1152      25       2    1993        3.4420000       97.1340939        0.9800000       34.0470901        4.2100000        3.6635188        2.3360000       49.8992415
    1153      26       2    1993        3.4420000       96.1674149        0.9740000       33.7782881        4.8300000        3.6601698        2.2700000       49.5396239
    1154      27       2    1993        3.2560000       95.2103553        0.9680000       33.5118363        4.4100000        3.6500109        2.2700000       49.1187992
    1155      28       2    1993        3.0760000       94.2628172        0.9270000       33.2477141        4.0200000        3.6423923        2.2040000       48.7584443
    1156       1       3    1993        3.0760000       93.3247050        0.8810000       32.9859000        3.8300000        3.6455465        2.3360000       48.4060176
    1157       2       3    1993        2.7330000       92.3959256        0.8360000       32.7263728        3.8300000        3.6424221        2.3360000       48.0562094
    1158       3       3    1993        2.7330000       91.4763868        0.7880000       32.4691112        4.0200000        3.6315334        2.3360000       47.7050836
    1159       4       3    1993        2.7330000       90.5659973        0.7100000       32.2140942        3.6600000        3.6228176        2.4730000       47.3572729
    1160       5       3    1993        2.7330000       89.6646667        0.6360000       31.9613009        3.4800000        3.6153726        2.4040000       47.0128747
    1161       6       3    1993        2.7330000       88.7723054        0.5980000       31.7107107        3.3200000        3.6086724        2.4040000       46.6716515
    1162       7       3    1993        2.7330000       87.8888243        0.5940000       31.4623031        3.1600000        3.6025450        2.1400000       46.3334502
    1163       8       3    1993        2.5710000       87.0141354        0.5940000       31.2160578        3.1600000        3.5972261        2.2040000       45.9981717
    1164       9       3    1993        2.5710000       86.1481513        0.5940000       30.9719547        3.0000000        3.5939967        1.9850000       45.6662578
    1165      10       3    1993        2.7330000       85.2907855        0.5940000       30.7299740        3.0000000        3.5885702        2.0160000       45.3368487
    1166      11       3    1993        2.7330000       84.4419522        0.5940000       30.4900959        2.8600000        3.5817403        1.9550000       45.0099122
    1167      12       3    1993        2.5710000       83.6015681        0.5940000       30.2523009        2.8600000        3.5755699        1.9550000       44.6857425
    1168      13       3    1993        2.7330000       82.7695718        0.5940000       30.0165697        2.8600000        3.5695454        1.9550000       44.3642996
    1169      14       3    1993        2.7330000       81.9459088        0.5940000       29.7828834        2.7100000        3.5636626        1.9250000       44.0455470
    1170      15       3    1993        2.7330000       81.1304626        0.6830000       29.5512237        2.7100000        3.5579061        1.8950000       43.7294537
    1171      16       3    1993        3.0760000       80.3231062        1.2030000       29.3215712        2.7100000        3.5522270        1.8950000       43.4159915
    1172      17       3    1993        3.0760000       79.5237530        0.8470000       29.0939075        2.5800000        3.5465968        1.8370000       43.1051345
    1173      18       3    1993        2.7330000       78.7323256        0.6700000       28.8682129        2.5800000        3.5411263        1.8080000       42.7969851
    1174      19       3    1993        2.7330000       77.9487696        0.5710000       28.6444711        2.5800000        3.5369927        1.7520000       42.4916103
    1175      20       3    1993        2.7330000       77.1730132        0.5570000       28.4226659        2.4500000        3.5324924        1.8370000       42.1890033
    1176      21       3    1993        2.7330000       76.4049966        0.5570000       28.2027797        2.4500000        3.5273709        1.8660000       42.1530290
    1177      22       3    1993        2.7330000       75.6448620        0.5570000       27.9847968        2.7100000        3.5226173        1.9850000       41.6871415
    1178      23       3    1993        3.0760000       74.8927673        0.5570000       27.7686905        2.5800000        3.5192428        1.8950000       41.3013666
    1179      24       3    1993        3.0760000       74.1481041        0.5570000       27.5544446        2.4500000        3.5200826        2.0770000       41.0114690
    1180      25       3    1993        4.4660000       73.4112071        0.5570000       27.3420486        2.4500000        3.5089319        1.9850000       40.7182532
    1181      26       3    1993        6.7170000       72.6819649        0.5620000       27.1314905        2.3200000        3.5020524        1.8370000       40.4284966
    1182      27       3    1993        4.6900000       71.9594858        0.6080000       26.9227719        2.3200000        3.4955916        1.8660000       40.1418434
    1183      28       3    1993        5.1570000       71.2444600        0.7980000       26.7159465        2.2000000        3.4894865        1.7800000       39.8577684
    1184      29       3    1993        3.6350000       70.5370581        1.2320000       26.5110398        2.2000000        3.4840471        1.7240000       39.5763411
    1185      30       3    1993        3.4420000       69.8365529        1.1000000       26.3079778        2.0800000        3.4802695        1.7520000       39.2979374
    1186      31       3    1993        3.4420000       69.1427323        0.8000000       26.1066529        2.0800000        3.4748675        1.7800000       39.0213456
    1187       1       4    1993        3.8330000       68.4566329        0.8150000       25.9069852        1.9700000        3.4689971        2.1400000       38.7465803
    1188       2       4    1993        3.8330000       67.7787914        1.0720000       25.7093804        1.9700000        3.4636383        1.6690000       38.4745141
    1189       3       4    1993        4.4660000       67.1077856        1.5700000       25.5133087        1.8700000        3.4576870        1.6150000       38.2045534
    1190       4       4    1993        4.2490000       66.4405713        1.3520000       25.3186995        1.8700000        3.4518977        1.5620000       37.9365596
    1191       5       4    1993        3.0760000       65.7792451        0.8370000       25.1255696        1.7600000        3.4462688        1.5360000       37.6709353
    1192       6       4    1993        2.7330000       65.1245525        0.6130000       24.9340240        1.7600000        3.4407370        1.5100000       37.4078928
    1193       7       4    1993        2.7330000       64.4764091        0.5530000       24.7441722        1.6700000        3.4383428        1.5620000       37.1468958
    1194       8       4    1993        2.7330000       63.8363067        0.4970000       24.5563485        1.6700000        3.4376146        1.6150000       36.8884288
    1195       9       4    1993        4.2490000       63.2087211        0.5390000       24.3711781        1.6700000        3.4289512        1.5620000       36.7704690
    1196      10       4    1993        6.7170000       62.5928165        0.8450000       24.1895367        1.5700000        3.4237307        1.5620000       36.3777740
    1197      11       4    1993        8.8500000       61.9999616        0.7670000       24.0123107        1.5700000        3.4171568        1.4600000       36.1245791
    1198      12       4    1993        9.8710000       61.4207120        0.7690000       23.8376034        1.4800000        3.4110148        1.4600000       35.8734663
    1199      13       4    1993        5.6500000       60.8224873        1.0810000       23.6603352        1.4800000        3.4051970        1.4600000       35.6250034
    1200      14       4    1993        4.2490000       60.2171080        0.9630000       23.4818293        1.4000000        3.3998363        1.5360000       35.4385736
    1201      15       4    1993        3.8330000       59.6164798        0.9280000       23.3041692        1.4000000        3.3945258        1.6150000       35.8994752
    1202      16       4    1993        3.8330000       59.0247477        0.6910000       23.1279780        1.4800000        3.3896795        1.5620000       35.4754216
    1203      17       4    1993        3.4420000       58.4529682        0.5900000       22.9534037        1.6700000        3.3855127        1.6150000       34.9473995
    1204      18       4    1993        7.8930000       57.9223456        0.7050000       22.7803825        1.9700000        3.4077068        1.9850000       35.6083821
    1205      19       4    1993        4.9200000       57.3584805        0.8150000       22.6087663        2.4500000        3.3898684        1.9850000       34.5403055
    1206      20       4    1993        4.2490000       56.7849986        0.7670000       22.4385867        3.3200000        3.3801269        1.8950000       34.1473922
    1207      21       4    1993        3.4420000       56.2183851        0.5720000       22.2698461        3.3200000        3.3721772        1.7800000       33.7667966
    1208      22       4    1993        3.0760000       55.6587108        0.5690000       22.1025520        3.3200000        3.3665523        1.8950000       33.5240649
    1209      23       4    1993        4.2490000       55.1063234        1.2910000       21.9372668        3.1600000        3.3610290        1.9250000       33.2953010
    1210      24       4    1993        7.2910000       54.5606675        1.5600000       21.7747319        3.1600000        3.3686865        1.8950000       34.0021894
    1211      25       4    1993        4.2490000       54.0331312        1.2670000       21.6131163        3.6600000        3.3778454        1.9250000       34.6669749
    1212      26       4    1993        4.2490000       53.5775244        0.8520000       21.4546358        4.4100000        3.4170186        1.9850000       35.5372404
    1213      27       4    1993        9.8710000       53.1678060        0.7580000       21.3010650        4.6200000        3.4196491        3.3120000       36.6472021
    1214      28       4    1993        9.5230000       52.7752953        1.8050000       21.1478068        5.0500000        3.3957388        2.8360000       35.7616184
    1215      29       4    1993        5.1570000       52.2579478        1.2170000       20.9915607        5.0500000        3.3739712        2.7240000       34.9108357
    1216      30       4    1993        4.0380000       51.7268856        0.6750000       20.8350805        4.8300000        3.3596058        4.2120000       34.8889109
    1217       1       5    1993        3.6350000       51.2062118        0.5020000       20.6797142        5.0500000        3.3615026        2.9120000       36.3224908
    1218       2       5    1993        3.4420000       50.6936412        0.4600000       20.5256864        6.2800000        3.3699441        3.1080000       36.9999963
    1219       3       5    1993        3.0760000       50.1876840        0.4560000       20.3729973        8.3800000        3.4640258        4.4590000       37.1753990
    1220       4       5    1993        2.9010000       49.6875296        0.4520000       20.2216167       10.1800000        3.4506124        8.4990000       39.4949352
    1221       5       5    1993        2.7330000       49.1927327        0.4280000       20.0715184       11.8200000        3.5864540        6.4340000       58.7959173
    1222       6       5    1993        2.7330000       48.7032552        0.4210000       19.9226828       13.6600000        3.7554660       16.9960000       82.2869324
    1223       7       5    1993        2.7330000       48.2213894        0.3980000       19.7751167       14.1600000        3.7100004       10.9320000       77.3422597
    1224       8       5    1993        2.7330000       47.7471165        0.3940000       19.6288118       11.8200000        3.6003279        9.2680000       66.9291083
    1225       9       5    1993        2.7330000       47.2734996        0.3940000       19.4837017       14.1600000        3.5303588       10.5000000       64.7055022
    1226      10       5    1993        2.5710000       46.8029924        0.3940000       19.3397885       15.1900000        3.4770971       10.9320000       62.1358422
    1227      11       5    1993        2.5710000       46.3383333        0.3980000       19.1971196       13.1800000        3.4567920       10.5000000       55.2266632
    1228      12       5    1993        2.5710000       45.8949502        0.4290000       19.0562706       10.9800000        3.5129227        8.8780000       55.1762401
    1229      13       5    1993        2.7330000       45.5679176        0.4890000       18.9195788       11.3900000        3.5627238        7.7710000       57.7402181
    1230      14       5    1993        2.7330000       45.4052323        0.5530000       18.7908452       13.6600000        3.6152398       13.7570000       66.2204744
    1231      15       5    1993        2.5710000       45.4360642        0.7680000       18.6872100       13.1800000        3.6806173       20.0280000       63.7140287
    1232      16       5    1993        2.5710000       45.5263953        2.0820000       18.6207920       12.2600000        3.7886440       13.4560000       60.0217850
    1233      17       5    1993        3.0760000       45.6088717        2.8950000       18.5399700       11.3900000        3.8743731       10.9320000       58.8028762
    1234      18       5    1993        2.4140000       45.8496599        5.9670000       18.4606594       10.9800000        3.8785811       10.2460000       60.0661349
    1235      19       5    1993        2.7330000       46.4720481        4.2350000       18.3715239       10.5700000        3.7813826        8.0570000       60.3742833
    1236      20       5    1993        4.4660000       47.9430129        3.9590000       18.3068581       10.1800000        3.6736894        7.5600000       59.8822152
    1237      21       5    1993        5.1570000       49.0110078        5.0300000       18.2740477       11.3900000        3.6080695        7.7710000       59.2601080
    1238      22       5    1993        7.8930000       49.0242980        3.7380000       18.2306414       10.5700000        3.6339736        9.6680000       60.0264854
    1239      23       5    1993       11.7200000       49.6881279        7.0810000       18.2055633       10.9800000        3.7068647       12.1070000       60.7843316
    1240      24       5    1993       11.7200000       50.3810979        4.4320000       18.0942720       11.8200000        3.6565419       12.9640000       60.2935165
    1241      25       5    1993       25.7120000       50.5315054        2.5620000       17.9530421       12.2600000        3.6036814       15.6500000       59.5683343
    1242      26       5    1993       39.0200000       50.6269743        2.3860000       17.8451439       13.6600000        3.5718075       17.5780000       58.9353667
    1243      27       5    1993       49.1430000       70.5183368        1.9510000       17.8116214       10.9800000        3.5515684       16.9960000       58.4015128
    1244      28       5    1993       15.5280000      118.3441034        1.8840000       17.8609197        9.0700000        3.5362183       16.2020000       57.9259096
    1245      29       5    1993       19.4510000       94.0220915        2.6620000       18.2771526        8.3800000        3.5245778       16.5400000       57.5076239
    1246      30       5    1993       17.9190000       83.4327895        3.6830000       18.8045616        7.7300000        3.5154943       16.8820000       57.4538712
    1247      31       5    1993       17.4240000       77.0589172        4.3870000       19.0281253        7.4200000        3.5079054       15.6500000       57.6375613
    1248       1       6    1993       23.3160000       77.4178777        6.2100000       19.1516731        8.3800000        3.5011917       14.0620000       57.3062869
    1249       2       6    1993       24.4970000       79.1290021        4.7830000       19.1261114       10.1800000        3.4949922       15.2160000       57.7686332
    1250       3       6    1993       46.4840000       80.5630897        5.3780000       19.2802240       13.6600000        3.4896708       15.2160000       58.3088390
    1251       4       6    1993       44.7590000       85.2165587        8.3880000       19.8690518       14.1600000        3.4896285       15.7590000       57.9968331
    1252       5       6    1993      101.3190000       90.5504903       10.1470000       21.3382816       12.7200000        3.4891536       16.5400000       57.9104199
    1253       6       6    1993       72.4900000       90.7676221        6.6570000       22.3748159       14.1600000        3.4803066       15.7590000       58.5715559
    1254       7       6    1993       85.5730000       93.6542370       16.1010000       22.8465226       17.4200000        3.4862858       13.1600000       59.8522855
    1255       8       6    1993      140.9220000       97.4229888       15.4010000       23.5271430       15.1900000        3.5060920       13.5560000       59.5977229
    1256       9       6    1993      131.1000000       99.8124847       17.2060000       24.0488965       16.2700000        3.4921389       12.8670000       59.2926930
    1257      10       6    1993      111.2320000      100.8177194       17.9160000       24.0458229       19.8900000        3.4854146       12.0140000       60.0815358
    1258      11       6    1993       81.8780000      104.5532851       15.6040000       24.0139213       18.6200000        3.4780275       11.7370000       60.4739432
    1259      12       6    1993      106.9170000      111.1110138       16.6780000       24.1085056       19.2500000        3.4650376       11.2860000       60.0088679
    1260      13       6    1993       77.1000000      112.1465042       11.1910000       23.9664329       19.8900000        3.5199400       10.5850000       60.9550532
    1261      14       6    1993       41.4230000      113.2543591        8.8020000       23.6818426       20.5500000        3.5437520        8.4990000       61.5023904
    1262      15       6    1993       83.0990000      115.9770227       11.6280000       23.5373110       15.7200000        3.5083209        9.5870000       61.1706573
    1263      16       6    1993       80.6680000      115.5340532        9.2730000       23.4003282       12.7200000        3.4834375        9.4270000       60.5627111
    1264      17       6    1993       45.6160000      116.8677071        8.3230000       23.3434280       10.9800000        3.4657077        9.3470000       60.0261884
    1265      18       6    1993       50.9640000      123.9098092        4.8470000       23.8756429       10.1800000        3.4597006        9.3470000       59.5440988
    1266      19       6    1993       72.4900000      124.7458821        2.8790000       25.1362432        9.8000000        3.4530735        8.8780000       59.1359430
    1267      20       6    1993       58.6420000      124.1074579        2.7730000       26.0504532        9.4300000        3.4424804        8.8010000       58.8097498
    1268      21       6    1993       95.8970000      126.9098373        3.1700000       26.4771065        8.7200000        3.4337455        8.4990000       58.4224942
    1269      22       6    1993       58.6420000      128.6292131        3.4010000       26.5170440        8.3800000        3.4410561        7.0830000       58.0161125
    1270      23       6    1993       56.6640000      127.9471837        4.6370000       26.1326380        7.7300000        3.4584720        5.5320000       57.6351136
    1271      24       6    1993       40.6130000      127.8919177        5.6150000       25.9155482        7.1200000        3.4419556        5.0310000       57.2497377
    1272      25       6    1993       90.6480000      128.9226558        3.4220000       26.0853900        7.1200000        3.4281862        5.0310000       57.1028624
    1273      26       6    1993      101.3190000      130.0411442        4.0910000       26.6525313        8.7200000        3.4177817        4.8180000       57.3624503
    1274      27       6    1993       77.1000000      132.5570337       11.0220000       27.0699733        9.4300000        3.4094876        4.8180000       57.1318111
    1275      28       6    1993       78.2790000      134.3418470       10.3300000       27.1067065        9.4300000        3.4024277        5.1400000       56.6510721
    1276      29       6    1993       56.6640000      135.9882580       22.3890000       27.4712790        9.0700000        3.3960911       10.4150000       56.2173360
    1277      30       6    1993      111.2320000      139.1815347       42.8820000       28.4605564        8.7200000        3.3901799       10.4150000       55.8307244
    1278       1       7    1993      223.8720000      142.5256875       80.0000000       29.3912464        9.8000000        3.3845203        5.0310000       55.5050945
    1279       2       7    1993      180.5580000      144.9086083       44.3810000       30.1892010       10.5700000        3.3832618        5.1950000       55.3287554
    1280       3       7    1993      151.1630000      148.1620927       79.9370000       31.3161967       11.3900000        3.3807327        5.4750000       55.4025341
    1281       4       7    1993       57.6480000      154.2141486       89.6950000       32.6607582       12.7200000        3.3730988        5.4750000       55.1328705
    1282       5       7    1993        8.5240000      156.5406457       54.8810000       33.0229899       13.6600000        3.3664471        5.7640000       54.8805079
    1283       6       7    1993       58.6420000      156.2441846       43.0760000       33.1328010       15.1900000        3.3603718        4.9240000       54.5292839
    1284       7       7    1993      104.0960000      158.3986496       64.1890000       33.8456916       16.8400000        3.3546361        5.4750000       54.2156804
    1285       8       7    1993      115.6470000      160.6730890       71.6270000       34.9432204       17.4200000        3.3491020        4.7140000       53.8529592
    1286       9       7    1993      147.7020000      162.5150927       54.8300000       35.8307907       15.7200000        3.3436889        4.9240000       53.4619427
    1287      10       7    1993       93.2510000      164.3772171       46.2510000       36.3936793       14.1600000        3.3383499        4.7140000       53.1019753
    1288      11       7    1993      152.9100000      167.5442196       46.6080000       38.3139753       12.2600000        3.3330575        4.6100000       52.9707454
    1289      12       7    1993      117.1420000      171.6078963       39.3550000       42.9310214       10.1800000        3.3279572        4.7140000       52.8731563
    1290      13       7    1993      244.1260000      173.5771565       56.5000000       47.5916641       13.1800000        3.3258270        4.5590000       52.5849169
    1291      14       7    1993      234.9970000      174.1611233       56.8950000       49.7341822       15.7200000        3.3211471        4.8710000       52.2859139
    1292      15       7    1993      234.9970000      175.8378127       58.6840000       53.5129729       11.8200000        3.3149311        4.9770000       51.9683284
    1293      16       7    1993      270.2910000      175.0939438       61.4440000       51.0848454        9.4300000        3.3089884        4.7140000       51.6274647
    1294      17       7    1993      292.8690000      174.9536467       58.6350000       50.6325867        9.0700000        3.3033636        4.8180000       51.2862696
    1295      18       7    1993      308.5150000      175.4695627       61.2430000       50.9609297        8.7200000        3.2979275        4.8710000       50.9559312
    1296      19       7    1993      330.1240000      175.7381479       57.8210000       51.4421737        8.7200000        3.2926050        4.8180000       50.6854326
    1297      20       7    1993      196.4160000      178.3223589       74.7350000       52.9578969        9.4300000        3.2876253        4.7140000       50.2882598
    1298      21       7    1993      253.4600000      184.6268574      107.6540000       55.4193699       10.1800000        3.2839334        4.6100000       50.0994815
    1299      22       7    1993      255.8250000      195.0881710      156.5840000       58.8630912       10.9800000        3.2788699        4.7140000       50.1205504
    1300      23       7    1993      263.0000000      201.3036523      105.6650000       62.4477910       13.1800000        3.2731377        4.5590000       49.7687817
    1301      24       7    1993      226.0720000      208.7218947       93.5290000       74.0480657       15.7200000        3.2676590        4.4090000       49.4310144
    1302      25       7    1993      260.5950000      218.3604433      109.3870000      108.6879404       14.1600000        3.2623314        5.4750000       49.0720599
    1303      26       7    1993      292.8690000      217.3696686      220.9290000      136.8717615       12.2600000        3.2570953        4.7140000       48.7248805
    1304      27       7    1993      139.2560000      218.3537699      131.1350000      132.1754626       11.8200000        3.2519161        4.4590000       48.3880031
    1305      28       7    1993      152.9100000      228.6332723       95.6920000      119.3714820       11.8200000        3.2467732        4.2120000       48.1623865
    1306      29       7    1993      152.9100000      244.8993851      129.3530000      106.7883372       15.1900000        3.2416550        4.0220000       48.0630658
    1307      30       7    1993      152.9100000      237.0292492      153.7520000      102.8910564       19.2500000        3.2365545        3.9280000       47.6926308
    1308      31       7    1993      152.9100000      232.0567555      159.1700000      103.7628198       15.7200000        3.2314675        3.7460000       47.3576837
    1309       1       8    1993      152.9100000      228.7644250      192.7840000       94.1196759       15.7200000        3.2263919        5.1400000       47.0528768
    1310       2       8    1993      152.9100000      231.3802819      202.1190000       91.5070992       13.6600000        3.2213262        5.3060000       46.8025247
    1311       3       8    1993      152.9100000      240.9996847      180.1230000      109.3959147       15.1900000        3.2162695        5.0310000       46.6906232
    1312       4       8    1993      152.9100000      257.1697498      173.3610000      140.6189100       19.2500000        3.2112214        5.3060000       46.5516049
    1313       5       8    1993      152.9100000      258.5891362      146.3140000      142.3804982       14.6700000        3.2061816        5.2500000       46.2997614
    1314       6       8    1993      165.4770000      248.8291691      150.3420000      131.1496778       13.6600000        3.2011616        4.9770000       46.0668030
    1315       7       8    1993      174.8120000      253.2817131      222.4350000      133.5009780       16.8400000        3.1964648        4.7140000       45.8788929
    1316       8       8    1993      178.6300000      258.8206330      191.3550000      144.9594853       15.7200000        3.1914081        5.0310000       45.6510418
    1317       9       8    1993      151.1630000      249.6401051      146.1660000      126.1522516       15.1900000        3.1863143        4.2120000       45.3302332
    1318      10       8    1993      151.1630000      247.7037472      136.0890000      114.1157400       14.6700000        3.1812641        3.9280000       45.0124784
    1319      11       8    1993      174.8120000      251.9795182      135.0480000      110.5391054       14.1600000        3.1762427        3.9280000       44.6986218
    1320      12       8    1993      190.3770000      258.6868916      133.0940000      111.4047206       11.8200000        3.1712413        3.7460000       44.3899063
    1321      13       8    1993      165.4770000      270.8703353      121.4370000      113.4598182       10.1800000        3.1662548        3.5680000       44.1082856
    1322      14       8    1993      180.5580000      279.7815539      126.9600000      119.7451309        9.0700000        3.1612803        3.6560000       43.9803567
    1323      15       8    1993      180.5580000      277.8538054      101.0500000      128.8259481       10.9800000        3.1563161        3.8360000       43.8617578
    1324      16       8    1993      174.8120000      270.1873321      103.1850000      137.0549625       13.6600000        3.1515541        3.9280000       43.7072970
    1325      17       8    1993      171.0420000      268.5448433      103.7050000      144.7166021       18.6200000        3.1465885        3.8360000       43.7510617
    1326      18       8    1993      182.4970000      267.7238570      117.1900000      136.5367874       15.7200000        3.1415999        3.5680000       43.7306671
    1327      19       8    1993      174.8120000      268.0550582      112.3260000      129.5290254       13.6600000        3.1366403        3.4390000       43.5578749
    1328      20       8    1993      176.7150000      270.2017025      130.2750000      126.3258778       12.2600000        3.1317008        3.2300000       43.2383308
    1329      21       8    1993      171.0420000      272.8997796      113.3990000      125.8653529       21.9200000        3.1267763        3.3960000       43.0155615
    1330      22       8    1993      180.5580000      273.7858792      115.8920000      131.4787449       19.8900000        3.1218636        3.7460000       43.1366816
    1331      23       8    1993      313.8370000      275.0070040      120.1270000      140.1643012       18.0100000        3.1169612        3.9280000       43.3671708
    1332      24       8    1993      188.3890000      275.1376145      130.6480000      138.1148430       16.2700000        3.1120678        4.0690000       43.3880757
    1333      25       8    1993      285.2250000      276.6494006      152.5890000      139.1374667       14.6700000        3.1071830        3.6560000       43.0060311
    1334      26       8    1993      184.4490000      280.0571748      143.6640000      151.9583304       12.7200000        3.1023063        3.3960000       42.6747502
    1335      27       8    1993      161.8270000      285.4092356      143.4220000      175.1852781       10.9800000        3.0974376        3.3960000       42.3636359
    1336      28       8    1993      172.9210000      284.7089306      128.9470000      180.0161598       12.2600000        3.0925766        3.2300000       42.0635265
    1337      29       8    1993      174.8120000      287.9404560      120.4430000      166.6092147       11.8200000        3.0877234        3.4390000       41.7703072
    1338      30       8    1993      180.5580000      292.9538263      114.3630000      155.9871792       10.9800000        3.0828779        3.5680000       41.4817718
    1339      31       8    1993      188.3890000      291.8555398      136.2610000      149.9570370       11.3900000        3.0780400        3.3120000       41.2313347
    1340       1       9    1993      169.1750000      292.7676789      150.8610000      148.2114069       11.8200000        3.0732194        3.3960000       41.3623404
    1341       2       9    1993      174.8120000      294.3648878      246.2250000      150.6750925       11.3900000        3.0683967        3.3960000       41.4550722
    1342       3       9    1993      154.6700000      295.2777348      204.2660000      152.2112793       10.5700000        3.0635789        3.8360000       41.2869733
    1343       4       9    1993      311.1690000      298.3158528      110.0900000      154.3959413       13.6600000        3.0587771        4.2120000       41.0740294
    1344       5       9    1993      381.9150000      301.4498334       97.1280000      161.5457213       16.8400000        3.0540782        4.9770000       41.4654824
    1345       6       9    1993      234.9970000      300.3016111       95.9080000      162.5802559       16.8400000        3.0493178        6.2470000       42.4630918
    1346       7       9    1993      158.2250000      299.6133179      144.2060000      163.3974908       17.4200000        3.0444930        5.1400000       43.1585458
    1347       8       9    1993      174.8120000      304.0521858      156.0460000      161.2240513       15.1900000        3.0397672        7.7710000       42.7883431
    1348       9       9    1993      171.0420000      312.5698895      142.0290000      165.8820949       13.6600000        3.0351615        4.4590000       42.4051336
    1349      10       9    1993      165.4770000      309.2825231      141.3470000      165.2895567       12.2600000        3.0303264        4.3100000       42.0580839
    1350      11       9    1993      161.8270000      309.7530613      144.1600000      163.2534615       10.9800000        3.0255135        4.2120000       41.7375738
    1351      12       9    1993      147.7020000      312.3709424      129.8960000      164.2624765       10.5700000        3.0207321        3.7010000       41.4322061
    1352      13       9    1993      149.4270000      312.2271631      117.8280000      161.5409131        9.4300000        3.0159722        3.5680000       41.1358753
    1353      14       9    1993      163.6460000      312.3195955      111.5190000      159.2213513        9.0700000        3.0112279        3.2300000       40.8720659
    1354      15       9    1993      152.9100000      309.3305930      103.0580000      157.5219993        9.4300000        3.0064958        3.1080000       40.8873306
    1355      16       9    1993      147.7020000      308.4308199       72.1010000      156.2783885        9.8000000        3.0017739        3.3960000       41.1359383
    1356      17       9    1993      149.4270000      385.1591390       59.2320000      155.3486187       10.1800000        2.9970610        3.1890000       41.3359096
    1357      18       9    1993      134.3280000      469.9207309       52.0730000      154.3851939        9.4300000        2.9923565        2.9890000       41.5585454
    1358      19       9    1993       98.5860000      392.4461544       46.0660000      153.4668913        8.7200000        2.9876600        2.8360000       41.6838747
    1359      20       9    1993       89.3630000      353.8717387       44.5270000      152.1517669        8.3800000        2.9829711        2.6870000       41.3121595
    1360      21       9    1993      114.1640000      345.7026634       43.7110000      151.1201976        8.0500000        2.9782897        2.6140000       40.9767208
    1361      22       9    1993       98.5860000      347.1633411       38.6800000      151.3923474        7.4200000        2.9736159        2.5430000       40.6664160
    1362      23       9    1993      147.7020000      345.3829684       56.4080000      151.7378270        6.8300000        2.9689494        2.4730000       40.3688625
    1363      24       9    1993      106.9170000      343.0561548       93.2900000      150.7802340        6.5500000        2.9642903        2.4730000       40.0790512
    1364      25       9    1993      105.5010000      346.0974580       54.9890000      149.4664980        6.2800000        2.9596385        2.4040000       39.7943286
    1365      26       9    1993       74.7740000      343.9400578       44.6440000      148.2443899        6.8300000        2.9549940        2.3700000       39.5132942
    1366      27       9    1993      105.5010000      344.0941944       55.5910000      147.4689519        7.7300000        2.9503568        2.3360000       39.2360144
    1367      28       9    1993      123.2320000      352.3651773       83.3220000      147.5275497        7.4200000        2.9457269        2.2700000       38.9808181
    1368      29       9    1993      126.3450000      352.6398770       98.9780000      147.5609996       13.1800000        2.9411043        2.2040000       38.8774936
    1369      30       9    1993      151.1630000      346.2827535       74.8910000      147.9749499       12.2600000        2.9365111        2.2040000       39.2502304
    1370       1      10    1993      180.5580000      359.2109748       77.5410000      151.0206558       10.1800000        2.9319559        2.2700000       39.7287062
    1371       2      10    1993      151.1630000      359.8810410       85.8090000      153.6214080        9.0700000        2.9273355        2.3360000       39.5205333
    1372       3      10    1993      135.9590000      354.8293009       66.6200000      155.2928514        8.0500000        2.9227544        2.3360000       39.1454054
    1373       4      10    1993      134.3280000      362.8343042       68.2030000      159.2031860        7.4200000        2.9181926        2.3360000       38.8905904
    1374       5      10    1993      137.6020000      362.7912059       75.6840000      159.7984155        7.1200000        2.9135991        2.4040000       38.5473998
    1375       6      10    1993      158.2250000      353.2038803       54.2720000      155.4071700        6.8300000        2.9090259        2.2370000       38.2675942
    1376       7      10    1993      115.6470000      350.5815714       43.8400000      152.9824118        6.5500000        2.9044695        2.0160000       37.9940096
    1377       8      10    1993      156.4420000      365.3975281       46.5900000      151.6235678        6.2800000        2.8999048        2.0770000       37.7448527
    1378       9      10    1993      200.5030000      406.8625485       53.1680000      150.4315636        6.0200000        2.8953430        2.0770000       37.5339871
    1379      10      10    1993      186.4130000      426.8741207       43.6920000      149.1009261        5.7700000        2.8907971        2.0160000       37.2818899
    1380      11      10    1993      144.2890000      381.2196857       41.1990000      147.6182714        5.7700000        2.8862614        2.0160000       37.0427142
    1381      12      10    1993       85.5730000      362.6082181       33.5540000      146.1650672        6.5500000        2.8817282        1.9550000       36.9264688
    1382      13      10    1993       64.8200000      360.7882855       29.6580000      144.7982895        5.7700000        2.8772367        1.9550000       36.7972526
    1383      14      10    1993       55.6890000      357.6289222       27.2310000      143.4862636        5.7700000        2.8727364        1.8950000       36.6729528
    1384      15      10    1993       48.2470000      353.3267239       24.7490000      142.1987935        5.2800000        2.8682126        1.8950000       36.6441258
    1385      16      10    1993       46.4840000      349.3224347       23.0780000      140.9363677        5.5200000        2.8637332        1.9550000       36.9309867
    1386      17      10    1993       43.9110000      345.5548932       21.8950000      139.6943877        5.5200000        2.8592467        2.0160000       36.7950943
    1387      18      10    1993       40.6130000      341.9586693       22.3260000      138.4690304        5.2800000        2.8547439        1.8950000       36.4533749
    1388      19      10    1993       37.4650000      338.4714072       21.5600000      137.2578756        5.2800000        2.8502541        1.8370000       36.1801284
    1389      20      10    1993       34.4650000      335.3808483       20.5380000      136.0776839        5.5200000        2.8457754        1.8370000       35.9305221
    1390      21      10    1993       35.2020000      333.4018257       20.4190000      134.9743962        5.7700000        2.8413063        1.8950000       35.6967999
    1391      22      10    1993       35.9470000      332.2270873       21.1460000      133.8932599        5.2800000        2.8368456        1.8950000       35.4457818
    1392      23      10    1993       58.6420000      331.2295843       24.9610000      132.9151817        5.0500000        2.8323927        1.8950000       35.1954938
    1393      24      10    1993       47.3610000      330.7564973       27.9200000      132.3214869        4.8300000        2.8279472        1.8370000       34.9479977
    1394      25      10    1993       40.6130000      329.4381081       28.4120000      131.8085389        4.6200000        2.8235090        1.8370000       34.7078134
    1395      26      10    1993       39.8120000      330.1374887       30.4660000      131.0800997        4.4100000        2.8190779        1.8370000       34.4855997
    1396      27      10    1993       75.9320000      342.0077337       27.2150000      130.4074672        4.4100000        2.8146568        1.7240000       34.2575517
    1397      28      10    1993       71.3630000      352.0806219       34.4330000      130.0902476        4.4100000        2.8102396        1.6960000       34.0181514
    1398      29      10    1993      101.3190000      357.1719317       27.5620000      130.2121049        4.6200000        2.8058564        1.6690000       33.7922577
    1399      30      10    1993       59.6470000      359.0905414       23.2440000      129.2897591        4.8300000        2.8014766        1.6690000       34.3063669
    1400      31      10    1993       57.6480000      341.5189026       20.9300000      128.0192862        0.0000000        2.8152267        1.6150000       33.7132379
    1401       1      11    1993       40.6130000      335.6108900       19.2590000      126.7655748        4.6200000        2.8198956        1.6150000       34.1865464
    1402       2      11    1993       38.2380000      331.6333528       17.8820000      125.5737320        4.4100000        2.7963335        1.6150000       33.7573873
    1403       3      11    1993       37.4650000      328.1234057       16.6110000      124.4313222        4.2100000        2.8118781        1.7240000       33.9131565
    1404       4      11    1993       32.3110000      324.6949847       15.5680000      123.3229338        4.0200000        2.7864574        1.7800000       34.5956701
    1405       5      11    1993       30.2380000      321.5650465       14.7590000      122.2384313        4.2100000        2.7821371        1.7800000       35.0278231
    1406       6      11    1993       31.6110000      319.0581062       15.0130000      121.1717141        4.8300000        2.7753392        1.7240000       35.2247464
    1407       7      11    1993       35.9470000      316.7085165       19.3460000      120.1184458        5.5200000        2.7672817        1.6690000       35.3481782
    1408       8      11    1993       30.9200000      313.4499536       16.2400000      119.0766866        6.0200000        2.7652257        1.6690000       36.1836171
    1409       9      11    1993       27.5990000      310.2230014       13.7610000      118.0456224        5.7700000        2.8107523        1.6690000       36.0907119
    1410      10      11    1993       25.1000000      307.0780187       12.8370000      117.0246820        5.2800000        2.7607597        1.7520000       35.7197146
    1411      11      11    1993       25.1000000      303.9914801       12.2870000      116.0134937        5.0500000        2.7533803        1.7520000       36.0499693
    1412      12      11    1993       23.9020000      300.9501944       11.8830000      115.0118143        4.8300000        2.7478263        1.7240000       36.7764102
    1413      13      11    1993       22.7390000      297.9468915       11.3780000      114.0194738        4.6200000        2.7426844        1.7240000       36.3485600
    1414      14      11    1993       24.4970000      294.9775300       10.8840000      113.0363423        4.4100000        2.7380579        1.6690000       36.0427961
    1415      15      11    1993       22.1700000      292.0398199       10.5260000      112.0623115        4.2100000        2.7335984        1.6150000       35.8668556
    1416      16      11    1993       19.4510000      289.1324157       10.2770000      111.0972844        4.0200000        2.7292719        1.6150000       35.6680771
    1417      17      11    1993       18.4210000      286.2550748       10.4430000      110.1411703        3.8300000        2.7248908        1.5620000       35.2511127
    1418      18      11    1993       17.9190000      283.4109391       10.3820000      109.1938819        3.6600000        2.7205428        1.5620000       34.9933502
    1419      19      11    1993       16.4600000      280.5931893       11.0770000      108.2553339        3.6600000        2.7162316        1.5100000       34.7342995
    1420      20      11    1993       16.9380000      277.8004082       10.1790000      107.3254424        3.4800000        2.7119446        1.5100000       34.4792736
    1421      21      11    1993       16.4600000      275.0355698        9.0260000      106.4041245        3.4800000        2.7076745        1.4600000       34.2273461
    1422      22      11    1993       15.5280000      272.2983189        8.5120000      105.4912981        3.3200000        2.7034171        1.4600000       33.9801007
    1423      23      11    1993       17.4240000      269.5883402        8.3080000      104.5868820        3.3200000        2.6991699        1.4600000       33.7368683
    1424      24      11    1993       16.4600000      266.9060850        8.1060000      103.6907956        3.1600000        2.6949313        1.4100000       33.4921231
    1425      25      11    1993       14.6270000      264.2506921        8.4780000      102.8029594        3.1600000        2.6907006        1.3620000       33.2493139
    1426      26      11    1993       14.6270000      261.6208358        9.3990000      101.9232942        3.0000000        2.6864772        1.3620000       33.0083991
    1427      27      11    1993       15.0730000      259.0171379        7.9330000      101.0517219        3.0000000        2.6823011        1.3140000       32.7700190
    1428      28      11    1993       15.5280000      256.4393526        7.2250000      100.1881651        3.0000000        2.6781377        1.2680000       32.8419183
    1429      29      11    1993       12.1120000      253.8872200        6.9530000       99.3325470        2.8600000        2.6851709        1.2680000       32.9805742
    1430      30      11    1993       12.1120000      251.3604843        6.8700000       98.4847916        2.8600000        2.6828073        1.4600000       32.9181045
    1431       1      12    1993       11.7200000      248.8588930        6.5730000       97.6448237        3.0000000        2.6804886        1.4100000       32.7544327
    1432       2      12    1993       12.1120000      246.3821964        6.4920000       96.8125688        3.1600000        2.6681771        1.4100000       32.1794471
    1433       3      12    1993       10.9580000      243.9301470        6.2680000       95.9879532        3.1600000        2.6592940        1.4100000       31.9936629
    1434       4      12    1993       10.5880000      241.5025001        6.0160000       95.1709037        3.0000000        2.6538658        1.5100000       31.8187734
    1435       5      12    1993        9.8710000      239.0990131        5.7850000       94.3613481        3.0000000        2.6812818        2.7610000       32.3147221
    1436       6      12    1993        9.8710000      236.7194457        5.6640000       93.5592146        3.0000000        2.6762551        4.9770000       32.1038417
    1437       7      12    1993        9.5230000      234.3635600        5.6340000       92.7644324        2.8600000        2.6518124        7.2850000       32.6396773
    1438       8      12    1993        9.1830000      232.0311204        5.5150000       91.9769312        2.8600000        2.6524783        6.2470000       33.0476025
    1439       9      12    1993        8.5240000      229.7218937        5.3230000       91.1966415        2.8600000        2.6394044        5.5320000       33.2640134
    1440      10      12    1993        9.1830000      227.4356488        5.2650000       90.4234943        3.0000000        2.6317629        3.9750000       32.8855733
    1441      11      12    1993        8.5240000      225.1721572        5.0650000       89.6574214        3.0000000        2.6270196        3.7460000       32.5945803
    1442      12      12    1993        7.8930000      222.9311923        4.8400000       88.8983554        2.8600000        2.6225392        2.8360000       32.3308865
    1443      13      12    1993        8.2050000      220.7125299        4.6620000       88.1462292        3.0000000        2.6182149        2.7610000       32.1617010
    1444      14      12    1993        7.8930000      218.5159482        4.7020000       87.4009768        3.0000000        2.6141110        2.5430000       32.5228287
    1445      15      12    1993        7.8930000      216.3412274        4.6340000       86.6625325        2.8600000        2.6102644        2.0160000       32.5568679
    1446      16      12    1993        7.8930000      214.1881498        4.6210000       85.9308313        2.8600000        2.6060158        1.9550000       32.2318924
    1447      17      12    1993        7.8930000      212.0568161        4.6070000       85.2058089        2.7100000        2.6018073        1.9250000       31.9740171
    1448      18      12    1993        8.2050000      209.9468129        4.5270000       84.4874017        2.7100000        2.5976549        1.7240000       31.7285300
    1449      19      12    1993        7.8930000      207.8574279        4.5000000       83.7755465        2.5800000        2.5935379        1.5620000       31.4899654
    1450      20      12    1993        7.8930000      205.7887975        4.3940000       83.0701810        2.5800000        2.5894443        1.4600000       31.2558796
    1451      21      12    1993        7.2910000      203.7407507        4.2240000       82.3712433        2.4500000        2.5853670        1.4350000       31.0249754
    1452      22      12    1993        7.2910000      201.7130835        4.1730000       81.6786722        2.7100000        2.5813018        1.4100000       30.7965844
    1453      23      12    1993        6.7170000      199.7055938        4.0210000       80.9924069        2.7100000        2.5772463        1.4100000       30.5703665
    1454      24      12    1993        6.7170000      197.7180814        3.9830000       80.3123875        2.7100000        2.5731992        1.3620000       30.3461504
    1455      25      12    1993        6.7170000      195.7503480        3.8960000       79.6385545        2.5800000        2.5691596        1.3140000       30.1238679
    1456      26      12    1993        6.4400000      193.8021971        3.7850000       78.9708490        2.5800000        2.5651269        1.3140000       29.9034405
    1457      27      12    1993        6.4400000      191.8734342        3.6290000       78.3092126        2.5800000        2.5611010        1.2680000       29.6848503
    1458      28      12    1993        6.4400000      189.9638664        3.6050000       77.6535877        2.5800000        2.5570817        1.2680000       29.4680867
    1459      29      12    1993        6.4400000      188.0733028        3.5810000       77.0039171        2.4500000        2.5530687        1.2680000       29.2531345
    1460      30      12    1993        5.9070000      186.2015544        3.4520000       76.3601441        2.4500000        2.5490622        1.2680000       29.0399796
    1461      31      12    1993        5.6500000      184.3484340        3.4530000       75.7222127        2.4500000        2.5450620        1.2230000       28.8286078
    1462       1       1    1994        5.6500000      182.5137562        3.2250000       75.0900673        1.9700000        2.5410681        1.1780000       28.6190049
    1463       2       1    1994        5.6500000      180.6973375        3.3040000       74.4636529        1.7600000        2.5370804        1.2230000       28.4111561
    1464       3       1    1994        5.6500000      178.8989962        2.9200000       73.8429151        1.7600000        2.5330991        1.2230000       28.2050463
    1465       4       1    1994        5.4000000      177.1185523        3.1030000       73.2278000        1.6700000        2.5291240        1.2230000       28.0006605
    1466       5       1    1994        5.4000000      175.3558279        3.0920000       72.6182542        1.6700000        2.5251551        1.1780000       27.7979833
    1467       6       1    1994        5.1570000      173.6106465        2.7620000       72.0142247        1.6700000        2.5211925        1.1780000       27.5969995
    1468       7       1    1994        5.1570000      171.8828335        2.6490000       71.4156593        1.6700000        2.5172692        1.2230000       27.3977374
    1469       8       1    1994        5.1570000      170.1722161        2.6390000       70.8225061        1.5700000        2.5133379        1.2230000       27.2001485
    1470       9       1    1994        5.1570000      168.4786232        2.6190000       70.2347136        1.5700000        2.5093784        1.2680000       27.0041586
    1471      10       1    1994        5.4000000      166.8018852        2.5100000       69.6522312        1.5700000        2.5054315        1.2680000       26.8097906
    1472      11       1    1994        5.1570000      165.1418346        2.5390000       69.0750084        1.5700000        2.5014946        1.3140000       26.6170405
    1473      12       1    1994        5.1570000      163.4983052        2.4900000       68.5029953        1.4800000        2.4975660        1.3620000       26.4258961
    1474      13       1    1994        5.1570000      161.8711325        2.4810000       67.9361425        1.4800000        2.4936449        1.3140000       26.2363417
    1475      14       1    1994        5.1570000      160.2601542        2.4810000       67.3744082        1.4800000        2.4897307        1.2910000       26.0483624
    1476      15       1    1994        4.9200000      158.6652152        2.4610000       66.8177482        1.4800000        2.4858230        1.2680000       25.8619433
    1477      16       1    1994        4.6900000      157.0861733        2.3840000       66.2660993        1.4800000        2.4819217        1.2230000       25.6770775
    1478      17       1    1994        4.6900000      155.5228789        2.5600000       65.7194199        1.4000000        2.4780267        1.2230000       25.4937399
    1479      18       1    1994        4.6900000      153.9751115        2.3840000       65.1776533        1.4000000        2.4741379        1.2230000       25.3119188
    1480      19       1    1994        4.6900000      152.4427207        2.4420000       64.6407551        1.4000000        2.4702553        1.2230000       25.1315981
    1481      20       1    1994        4.6900000      150.9255784        2.3270000       64.1086830        1.4000000        2.4663788        1.1780000       24.9527680
    1482      21       1    1994        4.6900000      149.4235343        2.1880000       63.5813924        1.3200000        2.4625083        1.1780000       24.7754149
    1483      22       1    1994        4.4660000      147.9364382        2.1060000       63.0588384        1.3200000        2.4586440        1.1780000       24.5995252
    1484      23       1    1994        4.2490000      146.4641416        2.0440000       62.5409764        1.3200000        2.4547857        1.1780000       24.4250856
    1485      24       1    1994        4.2490000      145.0064974        2.0180000       62.0277621        1.2400000        2.4509335        1.1780000       24.2520829
    1486      25       1    1994        4.2490000      143.5633598        1.8980000       61.5191517        1.2400000        2.4470874        1.0930000       24.0805043
    1487      26       1    1994        4.2490000      142.1345845        1.7810000       61.0151016        1.2400000        2.4432472        1.0510000       23.9103366
    1488      27       1    1994        4.2490000      140.7200286        1.7480000       60.5155688        1.2400000        2.4394131        1.0510000       23.7415669
    1489      28       1    1994        4.0380000      139.3195507        1.6520000       60.0205107        1.1600000        2.4355850        1.0110000       23.5741826
    1490      29       1    1994        4.0380000      137.9330106        1.6360000       59.5298851        1.1600000        2.4317630        0.9720000       23.4081713
    1491      30       1    1994        3.8330000      136.5602697        1.6360000       59.0436500        1.1600000        2.4279469        0.9330000       23.2435205
    1492      31       1    1994        3.8330000      135.2011906        1.6360000       58.5617642        1.1600000        2.4241368        0.9330000       23.0802180
    1493       1       2    1994        3.8330000      133.8556373        1.6210000       58.0841865        1.0900000        2.4203327        0.9330000       22.9182515
    1494       2       2    1994        3.8330000      132.5234753        1.5360000       57.6108764        1.0900000        2.4165346        0.9330000       22.7576090
    1495       3       2    1994        3.8330000      131.2045713        1.5590000       57.1417935        1.0900000        2.4127424        0.8960000       22.5982785
    1496       4       2    1994        3.6350000      129.8987933        1.5130000       56.6768982        1.0300000        2.4089561        0.8960000       22.4402482
    1497       5       2    1994        3.6350000      128.6060107        1.4390000       56.2161508        1.0300000        2.4051759        0.8960000       22.2835064
    1498       6       2    1994        3.4420000      127.3260942        1.3180000       55.7595124        1.0300000        2.4014015        0.8960000       22.1280415
    1499       7       2    1994        3.4420000      126.0589157        1.3810000       55.3069443        1.0300000        2.3976331        0.8590000       21.9738419
    1500       8       2    1994        3.4420000      124.8043485        1.3880000       54.8584081        0.9600000        2.3938705        0.8590000       21.8208962
    1501       9       2    1994        3.4420000      123.5622669        1.3390000       54.4138658        0.9600000        2.3901139        0.8960000       21.6691942
    1502      10       2    1994        3.4420000      122.3325469        1.2830000       53.9732800        0.9000000        2.3863632        0.8960000       21.5187259
    1503      11       2    1994        3.4420000      121.1150653        1.2420000       53.5366133        0.9000000        2.3826236        0.9330000       21.8188496
    1504      12       2    1994        3.4420000      119.9097004        1.2900000       53.1038290        0.8400000        2.3995294        0.9330000       22.4195304
    1505      13       2    1994        3.2560000      118.7163316        1.3740000       52.6748904        0.8400000        2.3860160        0.8960000       21.2694754
    1506      14       2    1994        3.2560000      117.5348394        1.3530000       52.2497616        0.8400000        2.3755656        1.0720000       21.1754438
    1507      15       2    1994        3.2560000      116.3651057        1.3810000       51.8284066        0.9000000        2.3677374        1.1560000       20.9273781
    1508      16       2    1994        3.0760000      115.2070135        1.3390000       51.4107900        0.9000000        2.3640131        1.2680000       20.6474629
    1509      17       2    1994        3.0760000      114.0604469        1.2900000       50.9968768        0.9600000        2.3602983        1.2680000       20.5015474
    1510      18       2    1994        3.0760000      112.9252911        1.2830000       50.5866321        1.0900000        2.3565914        1.2230000       20.3604833
    1511      19       2    1994        3.0760000      111.8014328        1.2900000       50.1800216        1.0900000        2.3528915        1.2230000       20.2205896
    1512      20       2    1994        3.0760000      110.6887621        1.3240000       49.7770111        1.0900000        2.3491982        1.1780000       20.0818218
    1513      21       2    1994        3.0760000      109.5871733        1.2760000       49.3775668        1.0300000        2.3455111        1.1350000       19.9441689
    1514      22       2    1994        3.0760000      108.4965462        1.1880000       48.9816553        0.9600000        2.3418300        1.0510000       19.8076208
    1515      23       2    1994        3.0760000      107.4167672        1.1750000       48.5892436        0.9000000        2.3381549        1.0110000       19.6721763
    1516      24       2    1994        2.9010000      106.3477319        1.1620000       48.2002990        0.9000000        2.3344934        1.0110000       19.5847067
    1517      25       2    1994        3.0760000      105.2893532        1.0970000       47.8147934        0.9600000        2.3330414        1.0110000       19.4795994
    1518      26       2    1994        3.4420000      104.2415968        1.1490000       47.4326963        0.9000000        2.3275808        1.0110000       19.2723460
    1519      27       2    1994        4.0380000      103.2042659        1.0780000       47.0539685        0.8400000        2.3235391        0.9720000       19.1411795
    1520      28       2    1994        3.8330000      102.1773077        1.0350000       46.6785845        0.9000000        2.3198945        0.9330000       19.0110588
    1521       1       3    1994        3.4420000      101.1606020        1.0590000       46.3065006        0.7400000        2.3162478        0.9330000       18.8819808
    1522       2       3    1994        3.0760000      100.1539291        1.0220000       45.9376885        0.6900000        2.3126091        1.0510000       18.7539274
    1523       3       3    1994        3.0760000       99.1573060        0.9680000       45.5721214        0.6900000        2.3089859        1.0510000       18.7987114
    1524       4       3    1994        3.0760000       98.1708924        0.8870000       45.2097702        0.7400000        2.3126735        0.9910000       19.2239155
    1525       5       3    1994        2.7330000       97.1940029        0.8310000       44.8506034        0.9000000        2.3018019        1.0510000       18.4095142
    1526       6       3    1994        2.7330000       96.2267155        0.7610000       44.4945920        0.8400000        2.2981696        1.0930000       18.2539596
    1527       7       3    1994        2.7330000       95.2690517        0.7450000       44.1417066        0.7900000        2.2945515        1.1350000       18.1293523
    1528       8       3    1994        2.7330000       94.3209175        0.7050000       43.7919183        0.7400000        2.2909438        1.2680000       18.0072419
    1529       9       3    1994        2.7330000       93.3822180        0.6410000       43.4451982        0.6900000        2.2873448        1.3140000       17.8861314
    1530      10       3    1994        2.7330000       92.4528595        0.6310000       43.1015177        0.6400000        2.2837530        1.1780000       17.7659930
    1531      11       3    1994        2.4140000       91.5327494        0.6360000       42.7608484        0.6000000        2.2801681        1.2680000       17.6468040
    1532      12       3    1994        2.4140000       90.6217958        0.6500000       42.4231624        0.6400000        2.2765891        1.2680000       17.5285790
    1533      13       3    1994        2.2630000       89.7199077        0.5710000       42.0884317        0.7400000        2.2730200        1.3140000       17.4113113
    1534      14       3    1994        2.2630000       88.8269957        0.5570000       41.7566288        0.9600000        2.2694573        1.4100000       17.2949439
    1535      15       3    1994        2.2630000       87.9429710        0.5620000       41.4277266        1.4800000        2.2659035        1.5360000       17.1795073
    1536      16       3    1994        2.2630000       87.0677431        0.5850000       41.1016979        1.4000000        2.2623690        1.5620000       17.7343181
    1537      17       3    1994        2.2630000       86.2012252        0.5620000       40.7785160        1.2400000        2.2588254        2.9120000       17.6603958
    1538      18       3    1994        2.2630000       85.3433310        0.5570000       40.4581544        1.9700000        2.2552790        4.9240000       17.1582774
    1539      19       3    1994        2.4140000       84.4939747        0.5570000       40.1405868        2.2000000        2.2524484        4.7140000       16.8767817
    1540      20       3    1994        2.4140000       83.6530714        0.5490000       39.8257874        2.2000000        2.2482534        1.9550000       16.6270326
    1541      21       3    1994        2.4140000       82.8205368        0.4970000       39.5137303        2.4500000        2.2447030        2.0160000       16.5167238
    1542      22       3    1994        2.4140000       81.9962879        0.4890000       39.2043900        2.5800000        2.2411674        2.1090000       16.4073405
    1543      23       3    1994        2.2630000       81.1802420        0.4800000       38.8977414        2.5800000        2.2376612        1.6960000       16.5274550
    1544      24       3    1994        2.1180000       80.3723176        0.4320000       38.5937593        2.8600000        2.2341874        1.4850000       16.6959715
    1545      25       3    1994        2.1180000       79.5724339        0.4250000       38.2924191        2.8600000        2.2321427        1.4850000       16.1828378
    1546      26       3    1994        2.1180000       78.7805108        0.4250000       37.9936962        3.1600000        2.2619940       10.0790000       19.2562654
    1547      27       3    1994        1.9780000       77.9964691        0.4280000       37.6975664        3.0000000        2.2252417       11.8290000       17.4320650
    1548      28       3    1994        1.9780000       77.2202303        0.4480000       37.4040055        3.0000000        2.2329238       36.3420000       19.4405850
    1549      29       3    1994        1.9780000       76.4517169        0.4280000       37.1129898        3.0000000        2.2172640       29.4160000       20.5756490
    1550      30       3    1994        1.9780000       75.6908519        0.4170000       36.8244956        2.4500000        2.2136226        7.0830000       19.3199602
    1551      31       3    1994        1.9780000       74.9375598        0.3720000       36.5384996        2.2000000        2.2100543        6.0630000       19.0088605
    1552       1       4    1994        1.9780000       74.1917654        0.3650000       36.2549787        1.7600000        2.2065310        1.7240000       18.7952412
    1553       2       4    1994        1.9780000       73.4533924        0.3650000       35.9739099        1.5700000        2.2030362        1.7240000       18.6202233
    1554       3       4    1994        2.1180000       72.7223685        0.3650000       35.6952707        1.4000000        2.1996458        1.7240000       18.4697280
    1555       4       4    1994        2.1180000       71.9986230        0.3650000       35.4190384        1.4000000        2.1964753        1.7240000       18.3334213
    1556       5       4    1994        2.1180000       71.2820787        0.3650000       35.1451911        1.3200000        2.1928634        1.7240000       18.2627616
    1557       6       4    1994        1.9780000       70.5726637        0.3650000       34.8737065        1.3200000        2.1894744        1.6960000       18.2675981
    1558       7       4    1994        1.9780000       69.8703087        0.3650000       34.6045624        1.3200000        2.1860327        1.6150000       17.9664728
    1559       8       4    1994        1.9780000       69.1749435        0.3650000       34.3377373        1.2400000        2.1826550        1.6150000       18.4020287
    1560       9       4    1994        1.9780000       68.4864988        0.3650000       34.0732100        1.2400000        2.1793248        1.6150000       18.0480038
    1561      10       4    1994        1.9780000       67.8049056        0.3650000       33.8109591        1.2400000        2.1759433        1.6690000       17.7861681
    1562      11       4    1994        1.9780000       67.1300957        0.3580000       33.5509638        1.2400000        2.1726183        1.7240000       17.7133191
    1563      12       4    1994        1.9780000       66.4620016        0.3240000       33.2932031        1.2400000        2.1766472        1.6690000       17.5751575
    1564      13       4    1994        1.9780000       65.8005566        0.3510000       33.0376565        1.1600000        2.2037374        1.4600000       17.3820726
    1565      14       4    1994        1.9780000       65.1457728        0.3170000       32.7843119        1.1600000        2.1784697        1.3380000       18.1003532
    1566      15       4    1994        1.9780000       64.4979564        0.3100000       32.5331559        1.2400000        2.1657779        2.0460000       18.0944703
    1567      16       4    1994        2.2630000       63.8562818        0.3170000       32.2841408        1.4800000        2.1576081        2.0770000       17.9259916
    1568      17       4    1994        2.7330000       63.2207979        0.3650000       32.0372517        1.8700000        2.1537787        2.2040000       17.9699662
    1569      18       4    1994        2.7330000       62.5916225        0.4130000       31.7924744        2.4500000        2.1501824        2.2700000       18.2155761
    1570      19       4    1994        2.7330000       61.9687045        0.3940000       31.5497908        3.0000000        2.1588762        2.2040000       19.7898459
    1571      20       4    1994        2.7330000       61.3519836        0.3620000       31.3091821        3.8300000        2.1499144        1.8370000       20.6772272
    1572      21       4    1994        2.5710000       60.7413987        0.3170000       31.0706292        5.2800000        2.1525819        1.9550000       24.4860063
    1573      22       4    1994        2.1180000       60.1368891        0.3100000       30.8341135        5.2800000        2.1438447        2.3030000       30.0973415
    1574      23       4    1994        1.8440000       59.5383949        0.3100000       30.5996162        4.7250000        2.1366400        2.4040000       35.3587650
    1575      24       4    1994        1.7160000       58.9458563        0.3100000       30.3671188        6.0350000        2.1349366        2.4730000       38.6643011
    1576      25       4    1994        1.7160000       58.3592144        0.3040000       30.1366031        5.8950000        2.1485437        3.9750000       42.9286648
    1577      26       4    1994        1.8440000       57.7784151        0.2730000       29.9080511        7.5850000        2.1423241      150.2960000       48.6339746
    1578      27       4    1994        1.8440000       57.2034206        0.2980000       29.6814474       12.4900000        2.1288601       59.0770000       45.9009764
    1579      28       4    1994        1.8440000       56.6341530        0.2760000       29.4567793       10.5800000        2.1235295       61.6070000       42.7819019
    1580      29       4    1994        2.1180000       56.0705233        0.3530000       29.2340184       13.1900000        2.1199643       51.4190000       40.0913517
    1581      30       4    1994        2.4140000       55.5125188        0.5280000       29.0131452       15.1950000        2.1153818       51.4190000       37.5599073
    1582       1       5    1994        4.4660000       54.9604095        0.5490000       28.7941567       14.4150000        2.3523918       42.1460000       47.6890865
    1583       2       5    1994        7.8930000       54.4166985        0.4890000       28.5770554       13.9100000        2.3096834       41.7430000       60.4119692
    1584       3       5    1994        9.8710000       53.8819821        0.5940000       28.3618252       11.8200000        2.2807351       40.7440000       63.2273392
    1585       4       5    1994        9.8710000       53.3481413        1.6350000       28.1483902       12.4900000        2.2418727       45.2510000       64.2844784
    1586       5       5    1994        6.7170000       52.8305502        1.3620000       27.9368493       11.4000000        2.2082114       42.1460000       54.5512756
    1587       6       5    1994        8.2050000       52.3533598        3.4560000       27.7273528       15.1900000        2.1898618       40.5460000       55.6960093
    1588       7       5    1994        7.8930000       51.9350888        1.6810000       27.5196871       12.2700000        2.1711772        8.4990000       59.1357038
    1589       8       5    1994       15.0730000       51.6412103        0.9260000       27.3136364       10.0000000        2.1542969       18.1720000       56.7298608
    1590       9       5    1994       12.1120000       51.3298673        1.1650000       27.1091728        8.2150000        2.1431961       17.9330000       54.8824010
    1591      10       5    1994       11.3350000       51.1459144        0.9070000       26.9066703        6.6900000        2.1401778       17.2280000       53.9827990
    1592      11       5    1994       39.0200000       51.5412590        0.7200000       26.7063667        7.4200000        2.1437859       16.8820000       53.4672713
    1593      12       5    1994       11.3350000       51.8149784        0.8610000       26.5072273       10.5800000        2.1552877       16.7670000       54.3688592
    1594      13       5    1994       11.7200000       51.7965737        2.2710000       26.3095319       13.6700000        2.1494412       17.4610000       55.1231364
    1595      14       5    1994        5.1570000       51.1559057        1.4070000       26.1133922       16.0150000        2.1367308       29.4160000       55.0674376
    1596      15       5    1994        4.2490000       50.8018698        0.9990000       25.9189282       11.4000000        2.1768387       44.2010000       56.5288182
    1597      16       5    1994        4.2490000       50.7218713        1.1170000       25.7265691       10.8100000        2.2361902       54.9260000       59.2488289
    1598      17       5    1994        4.4660000       50.6626491        1.0170000       25.5361775       20.2400000        2.2154900       19.5220000       60.0565767
    1599      18       5    1994        4.2490000       51.5373116        1.0910000       25.3483421       18.6550000        2.1876569       18.1720000       59.6399062
    1600      19       5    1994        3.8330000       52.8352032        1.0290000       25.1632735       18.9350000        2.1660272       18.1720000       58.7115417
    1601      20       5    1994        3.8330000       53.0105309        0.9800000       24.9773178       17.7150000        2.1804296       17.6960000       58.0722392
    1602      21       5    1994        3.4420000       52.3215986        0.9620000       24.7922616       18.6200000        2.2346971       17.6960000       58.6960971
    1603      22       5    1994        3.0760000       51.6792022        0.8700000       24.6087207       19.5700000        2.2614440       17.6960000       61.2781943
    1604      23       5    1994        3.0760000       51.5156836        0.6970000       24.4267651       28.1200000        2.2643413       17.9330000       67.4774722
    1605      24       5    1994        3.0760000       52.7726473        0.4820000       24.2466863       21.9550000        2.2322314       18.1720000       81.2308532
    1606      25       5    1994        3.0760000       55.6540961        0.4620000       24.0681358       14.1600000        2.2149751       17.9330000       76.2847959
    1607      26       5    1994        3.0760000       63.8230087        0.6710000       23.8908190       13.6600000        2.2102016       18.1720000       71.2178253
    1608      27       5    1994        2.9010000       73.8244048        0.7000000       23.7150409       13.6700000        2.1829751       17.5780000       68.6915216
    1609      28       5    1994        3.4420000       66.1681817        0.6500000       23.5407549       16.2800000        2.1748551       17.6960000       69.7398805
    1610      29       5    1994        4.0380000       60.6680555        0.6750000       23.3678681       14.9300000        2.1882286       17.6960000       72.5434977
    1611      30       5    1994        3.8330000       60.2485743        0.5320000       23.1966480       15.1950000        2.1883660       18.1720000       72.4648260
    1612      31       5    1994        3.8330000       63.8737999        0.4360000       23.0272058       12.0400000        2.1708438       17.8140000       70.5538063
    1613       1       6    1994        7.0010000       72.5370848        0.5740000       22.8600886       10.1850000        2.1585677       16.0910000       69.5895243
    1614       2       6    1994        6.7170000       81.6740977        1.5980000       22.6950600        8.0500000        2.1826460       18.1720000       69.2210483
    1615       3       6    1994        7.2910000       85.7827335        1.4130000       22.5356346        7.5750000        2.1860786       17.5780000       69.5828693
    1616       4       6    1994       12.9190000       89.3484471        2.7960000       22.3987530        7.1200000        2.1682016       15.8690000       68.9792003
    1617       5       6    1994       47.3610000       89.8152363       10.2670000       22.2819633        6.6900000        2.1554485       14.1650000       68.5144094
    1618       6       6    1994       37.4650000       87.9585114        5.7000000       22.1917572        6.4150000        2.1460959       12.4830000       69.0175798
    1619       7       6    1994       28.9010000       86.6283862        7.9080000       22.1237898        7.5850000        2.1401398       11.9210000       69.6623030
    1620       8       6    1994       31.6110000       88.6083748       10.4970000       22.0305734       10.3750000        2.1457683       15.2160000       70.7960049
    1621       9       6    1994       46.4840000       94.3737974       10.2680000       21.9739581       11.1850000        2.1480189       15.4320000       72.7077072
    1622      10       6    1994       39.8120000       90.2747187       14.7660000       21.9137430       11.4000000        2.1434640       16.4270000       72.7462887
    1623      11       6    1994       23.9020000       89.9343421        5.0730000       21.9429122       16.0450000        2.1391091       16.7670000       72.4562962
    1624      12       6    1994       28.9010000       93.5216882        7.7860000       22.3809451       16.8400000        2.1327769       16.9960000       72.5030728
    1625      13       6    1994       42.2430000       96.9512966       24.4610000       22.8707107       17.1300000        2.1262129       17.2280000       72.5086035
    1626      14       6    1994       39.0200000      105.9428694       15.5870000       23.1165047       19.5700000        2.1207090       18.1720000       73.2778271
    1627      15       6    1994       42.2430000      111.7172149       11.6700000       23.4417456       16.5550000        2.1161167       18.1720000       75.7046243
    1628      16       6    1994       33.7380000      108.0455761       18.0360000       23.7423373       18.0200000        2.1120583       17.8140000       76.0943174
    1629      17       6    1994       31.6110000      106.3389509       16.2770000       23.7514543       22.9950000        2.1133791       16.9960000       76.0471951
    1630      18       6    1994       30.9200000      106.7427303       14.3460000       23.6766024       20.2200000        2.1139541       17.2280000       75.7273093
    1631      19       6    1994       27.5990000      108.5832153        5.8450000       23.5535669       17.1300000        2.1075999       15.8690000       75.4979913
    1632      20       6    1994       36.7010000      110.7652891        3.7290000       23.5088112       14.4150000        2.1024801       15.6500000       75.7481840
    1633      21       6    1994       64.8200000      113.8211947        9.9750000       23.6012982       14.1600000        2.0981234       15.0020000       75.9557581
    1634      22       6    1994       63.7650000      116.2097954       25.7720000       23.6523472       13.6600000        2.0979980       14.0620000       76.0951515
    1635      23       6    1994       89.3630000      115.8186633       23.9650000       24.0778083       12.9500000        2.0943363       13.8580000       75.3336886
    1636      24       6    1994       71.3630000      117.6415213       40.3540000       25.1909602       13.9100000        2.0896898       13.3570000       74.6057258
    1637      25       6    1994      140.9220000      120.8163629       26.2990000       26.7060061       15.7200000        2.0856171       13.3570000       74.0627675
    1638      26       6    1994      147.7020000      126.1021439       51.9100000       28.7599131       15.7200000        2.0818813       13.3570000       73.8766224
    1639      27       6    1994      167.3200000      129.4982176       41.3450000       31.3720364       14.9400000        2.0786976       13.3570000       73.3035579
    1640      28       6    1994      161.8270000      134.0160299       31.4760000       41.0498589       12.2850000        2.0752778       13.2580000       72.7981096
    1641      29       6    1994      192.3780000      141.9261280       54.4640000       49.7205810       27.2800000        2.0718237       13.6560000       72.6279304
    1642      30       6    1994      144.2890000      152.5423900       86.4720000       47.7073909       23.3600000        2.0684572       14.1650000       72.3862763
    1643       1       7    1994       84.3310000      158.4133431       33.3420000       51.0299526       12.0400000        2.0730363       17.6960000       72.9700825
    1644       2       7    1994      123.2320000      161.5545912       21.0630000       52.0793171       17.4250000        2.0832571       17.5780000       74.0571880
    1645       3       7    1994      198.4530000      156.6850709       22.5190000       50.0900780       29.4150000        2.0916269       17.6960000       75.1494781
    1646       4       7    1994      174.8120000      153.5895337       21.3270000       48.7603011       16.5550000        2.1096505       18.1720000       75.4127779
    1647       5       7    1994      174.8120000      154.8036208       41.7070000       48.9216334       15.1950000        2.0884262       18.6560000       75.1995699
    1648       6       7    1994      186.4130000      156.6666358      159.3710000       53.0132900       29.4350000        2.0749966       17.6960000       74.6673074
    1649       7       7    1994      228.2840000      159.9482468       87.5140000       75.7509989       24.4850000        2.0658200       17.4610000       74.2684133
    1650       8       7    1994      167.3200000      163.5113955      132.6100000       98.0151192       22.2750000        2.0591252       16.7670000       73.8820031
    1651       9       7    1994      176.7150000      169.5165479       84.6890000       95.7437933       19.9000000        2.0538798       17.2280000       73.7201451
    1652      10       7    1994      178.6300000      169.1354748       62.4840000       91.7871140       16.2800000        2.0494818       18.1720000       73.4116333
    1653      11       7    1994      127.9190000      170.6191800       48.3710000       79.6593482       14.4150000        2.0455802       18.7780000       72.9736944
    1654      12       7    1994      132.7080000      173.8544566       62.9380000       78.5269345       12.0400000        2.0419701       16.7670000       73.2971296
    1655      13       7    1994      117.1420000      174.1932591      129.4130000       86.1987810       11.1850000        2.0398797       15.6500000       73.7975897
    1656      14       7    1994      124.7830000      172.8160901      139.3800000       80.5771950       10.1800000        2.0414251       15.3240000       73.6328582
    1657      15       7    1994      118.6470000      172.8730060       87.0450000       76.2840457       10.7750000        2.0509262       15.7590000       73.7300719
    1658      16       7    1994      135.9590000      172.9652190       82.7160000       75.6238989       12.2700000        2.0480183       15.8690000       73.3453999
    1659      17       7    1994      137.6020000      173.9368814       73.5830000       76.4553390       14.4150000        2.0375898       15.8690000       73.2077884
    1660      18       7    1994      101.3190000      174.1247222      106.5460000       77.9022144       17.7150000        2.0361357       18.0520000       73.4935516
    1661      19       7    1994       91.9440000      175.3744385       67.3050000       79.3632323       22.2750000        2.0437241       18.4130000       74.0834118
    1662      20       7    1994      132.7080000      177.8287479       81.5090000       80.0028347       26.8800000        2.0610764       27.8240000       74.3718679
    1663      21       7    1994      135.9590000      179.0919803       56.6040000       80.8041967       32.6350000        2.0726296       24.0830000       75.1129227
    1664      22       7    1994      149.4270000      178.5496602       68.0280000       81.0489001       53.6650000        2.0644253       27.5130000       75.5657215
    1665      23       7    1994      147.7020000      179.6480951       48.2560000       81.0496348       40.9900000        2.0543015       28.1380000       75.2394692
    1666      24       7    1994      151.1630000      183.3448016      116.9120000       82.5958884       37.1450000        2.0391141       28.4540000       74.5446993
    1667      25       7    1994      132.7080000      185.1932498      106.0930000       85.6299764       35.1050000        2.0291309       28.6130000       73.8783956
    1668      26       7    1994      156.4420000      185.0723208      101.6710000       86.0120582       24.4850000        2.0219906       27.8240000       73.4197441
    1669      27       7    1994      161.8270000      185.5300630      108.1040000       85.8247673       21.9200000        2.0165100       25.8370000       73.2835466
    1670      28       7    1994      152.9100000      188.1066985       98.2320000       89.2593907       20.2200000        2.0119995       19.3970000       72.8703260
    1671      29       7    1994      147.7020000      192.2905975       99.1430000       98.1811327       19.2500000        2.0080568       16.4270000       72.3554875
    1672      30       7    1994      192.3780000      194.0347357      156.2360000       97.0649125       22.9950000        2.0044475       17.2280000       71.9459313
    1673      31       7    1994      134.3280000      192.6401394      126.4550000       93.3587307       32.2200000        2.0010346       20.6720000       71.7197782
    1674       1       8    1994      137.6020000      193.4559761      136.1620000       93.1052986       50.2600000        1.9981482       24.0830000       71.4690792
    1675       2       8    1994      165.4770000      194.3934057      155.4370000       94.3048488       65.0300000        1.9949765       25.5390000       71.0762322
    1676       3       8    1994      124.7830000      194.7868916      196.3520000       93.7430624       64.4350000        1.9916528       20.0280000       70.5602167
    1677       4       8    1994      139.2560000      196.4420043      231.0330000       93.0164295       34.6200000        1.9884148       15.6500000       70.0405652
    1678       5       8    1994      169.1750000      197.1846392      201.1060000       93.3534301       28.5650000        1.9852287       14.2680000       69.4712611
    1679       6       8    1994      156.4420000      197.8537710      188.3100000       94.2862454       28.5400000        1.9839317       14.5800000       69.0460339
    1680       7       8    1994      134.3280000      197.3576941      151.9730000       94.4403016       29.8600000        1.9818438       15.0020000       69.1652623
    1681       8       8    1994      161.8270000      197.6337503      239.2500000       95.2467418       26.0500000        1.9778154       16.7670000       69.2023485
    1682       9       8    1994      147.7020000      202.9306462      201.7160000      105.4399358       25.6500000        1.9741758       16.0910000       68.9655182
    1683      10       8    1994      176.7150000      216.8833766      180.2850000      135.6118839       24.4850000        1.9707652       16.4270000       69.2356426
    1684      11       8    1994      308.5150000      225.2172674      263.3610000      143.4483395       23.3600000        1.9674901       22.6800000       70.0371112
    1685      12       8    1994      277.6990000      224.3225405      267.3090000      128.0751277       26.8600000        1.9647090       27.8240000       70.2973225
    1686      13       8    1994      198.4530000      229.3086939      206.8960000      118.3956048       34.1000000        1.9616038       27.8240000       69.8578404
    1687      14       8    1994      280.1940000      236.9142830      183.1180000      120.5032882       52.9550000        1.9598076       12.7700000       69.8841298
    1688      15       8    1994      196.4160000      252.9234821      251.1810000      129.1961916       52.9550000        1.9597102       12.2940000       70.0295271
    1689      16       8    1994      163.6460000      248.1420663      228.8080000      130.2990087       79.4050000        1.9580412       26.1370000       70.9769160
    1690      17       8    1994      169.1750000      232.8187998      197.8870000      125.9163218       64.2000000        1.9544037       17.9330000       71.5823944
    1691      18       8    1994      174.8120000      231.9457824      227.6760000      122.2099255       50.9150000        1.9500203       21.3280000       71.8834540
    1692      19       8    1994      188.3890000      236.7807148      164.2510000      128.8211203       50.2350000        1.9479256       28.6130000       72.3934779
    1693      20       8    1994      156.4420000      236.2532706      140.1060000      131.5970755       48.9150000        1.9469980       28.1380000       72.5394753
    1694      21       8    1994      151.1630000      235.1879234      209.6580000      128.8204568       55.0800000        1.9430936       26.2880000       72.1216239
    1695      22       8    1994      192.3780000      236.0034306      179.5070000      129.1675070       60.3450000        1.9394265       19.3970000       72.1183003
    1696      23       8    1994      147.7020000      239.3753487      129.8050000      141.6415546       67.4850000        1.9355158       21.4610000       71.7245964
    1697      24       8    1994      198.4530000      247.3173809      121.5480000      153.5293960       61.0400000        1.9318147       24.8050000       71.0295256
    1698      25       8    1994      165.4770000      259.1020214      122.6990000      156.9658555       61.0400000        1.9283871       27.0490000       70.4093332
    1699      26       8    1994      202.5650000      260.4868871      158.1280000      156.0437715       57.2500000        1.9257267       24.5150000       69.8531470
    1700      27       8    1994      208.8260000      257.2835060      226.3460000      149.2137123       46.9950000        1.9225645       23.3750000       69.4184347
    1701      28       8    1994      123.2320000      264.0765179      202.6220000      146.9814025       39.3250000        1.9192921       23.3750000       69.2395823
    1702      29       8    1994      144.2890000      283.3931266      221.9330000      159.5278334       37.1450000        1.9161311       19.3970000       69.3680691
    1703      30       8    1994      114.1640000      278.5874650      223.0060000      170.7103584       38.7500000        1.9130372       19.3970000       69.1507360
    1704      31       8    1994      230.5090000      269.7136211      217.5010000      167.2497724        0.0000000        1.9099844       19.3970000       68.5948903
    1705       1       9    1994      146.5020000      274.5865813      177.9360000      172.0571505        0.0000000        1.9069575       19.7740000       68.0642563
    1706       2       9    1994      180.5580000      278.8214895      169.7650000      170.8249012        0.0000000        1.9044266       20.6720000       68.2027390
    1707       3       9    1994      184.4490000      281.7463357      182.9740000      166.6143379        0.0000000        1.9021059       21.1960000       68.9751384
    1708       4       9    1994      161.8270000      275.1169609      181.0910000      160.0640471        0.0000000        1.8988683       21.5950000       69.0899226
    1709       5       9    1994      263.0000000      272.1478800      183.0270000      156.4143997        0.0000000        1.8958245       22.2690000       68.8169918
    1710       6       9    1994      213.0620000      279.0975216      158.2610000      153.8807222        0.0000000        1.8935316       27.0490000       68.7401540
    1711       7       9    1994      184.4490000      336.4838678      152.1880000      155.6046601        0.0000000        1.8945278        7.9130000       68.9787815
    1712       8       9    1994      206.7270000      410.1606940      149.8030000      173.4217028        0.0000000        1.8902090        7.0160000       69.7204585
    1713       9       9    1994      147.7020000      401.1568834      196.3730000      194.3687001        0.0000000        1.8861784       20.0280000       70.3218941
    1714      10       9    1994      147.7020000      359.1527074      165.9220000      192.4092526        0.0000000        1.8827472       21.4610000       70.4555056
    1715      11       9    1994      151.1630000      341.8376141      137.6140000      180.0215528        0.0000000        1.8793414       20.4130000       69.6717475
    1716      12       9    1994      137.6020000      338.1146592      127.4620000      173.9715780        0.0000000        1.8762965       19.3970000       69.0190247
    1717      13       9    1994      104.0960000      322.5760093      111.3340000      169.3350211        0.0000000        1.8731715       18.6560000       68.4176993
    1718      14       9    1994       88.0890000      311.8718941       87.3710000      163.7692299        0.0000000        1.8700723       17.9330000       67.9516066
    1719      15       9    1994       91.9440000      306.3331945       86.7980000      160.6828674        0.0000000        1.8670444       16.9960000       67.8700849
    1720      16       9    1994       83.0990000      305.1905453       64.9800000      158.7825306        0.0000000        1.8640601       15.4320000       67.3340639
    1721      17       9    1994       94.5680000      304.6188054       73.9550000      157.5407175        0.0000000        1.8611031       14.7900000       66.8018122
    1722      18       9    1994       95.8970000      303.9634791       82.8510000      156.9280472        0.0000000        1.8581640       12.3890000       66.2601104
    1723      19       9    1994       70.2470000      305.3956787      139.7260000      157.5316685        0.0000000        1.8552373       11.8290000       65.7242545
    1724      20       9    1994       60.6610000      309.6690868      140.1500000      158.0718595        0.0000000        1.8523196       11.4650000       65.1971322
    1725      21       9    1994       98.5860000      323.6802063      101.0230000      157.9864224        0.0000000        1.8494091       11.1970000       64.6774369
    1726      22       9    1994      101.3190000      330.6809641      124.8780000      158.0928973        0.0000000        1.8465048       11.2860000       64.1638101
    1727      23       9    1994      109.7820000      332.1626792      156.5010000      157.2973684        0.0000000        1.8436058       10.8450000       63.6554999
    1728      24       9    1994       86.8260000      330.9331948      107.4720000      156.4496339        0.0000000        1.8407120        9.1890000       63.1520858
    1729      25       9    1994       83.0990000      324.7439760      115.9560000      155.2023993        0.0000000        1.8378825        8.8780000       62.6533264
    1730      26       9    1994       66.9600000      321.6917563       86.7860000      153.6221144        0.0000000        1.8349970        8.4240000       62.1592619
    1731      27       9    1994       52.8250000      315.5148198       69.9700000      152.0766484        0.0000000        1.8321006        8.2760000       61.6694550
    1732      28       9    1994       52.8250000      311.4740566       52.9710000      150.6223097        0.0000000        1.8292158        8.0570000       61.1839472
    1733      29       9    1994       47.3610000      307.8852768       45.8010000      149.2379009        0.0000000        1.8263643        7.8420000       60.7032448
    1734      30       9    1994       46.4840000      304.5831696       43.1150000      147.9005367        0.0000000        1.8235647        7.4220000       60.2327169
    1735       1      10    1994       44.7590000      301.4420001       52.2830000      146.5949947        0.0000000        1.8206897        7.2850000       59.7691412
    1736       2      10    1994       38.2380000      298.3640123       49.1590000      145.3122784        0.0000000        1.8178577        7.0830000       59.4153094
    1737       3      10    1994       35.9470000      295.3516101       44.4930000      144.0472827        0.0000000        1.8152791        6.9500000       59.1036082
    1738       4      10    1994       33.0200000      292.3897138       39.8450000      142.7971471        0.0000000        1.8124621        6.6890000       58.4450912
    1739       5      10    1994       35.2020000      289.4697384       29.3630000      141.5666989        0.0000000        1.8095036        6.6890000       57.9342290
    1740       6      10    1994       31.6110000      286.6027144       25.7720000      140.3470476        0.0000000        1.8065963        6.5610000       57.4817106
    1741       7      10    1994       30.2380000      283.9079865       24.1290000      139.1323055        0.0000000        1.8040042        6.1240000       57.0342469
    1742       8      10    1994       29.5650000      281.3692705       22.8870000      137.9295966        0.0000000        1.8013539        6.0030000       56.5947746
    1743       9      10    1994       28.9010000      278.8849144       22.1090000      136.7387199        0.0000000        1.7983738        5.7640000       56.1561718
    1744      10      10    1994       29.5650000      276.5953959       21.4980000      135.5592444        0.0000000        1.7954798        5.5900000       56.0085693
    1745      11      10    1994       30.2380000      273.9034901       20.3920000      134.3988081        0.0000000        1.7926173        5.3620000       55.3722299
    1746      12      10    1994       27.5990000      271.2691538       19.3420000      133.2498817        0.0000000        1.7897630        5.2500000       55.4421651
    1747      13      10    1994       24.4970000      268.5346692       18.9420000      132.1012022        0.0000000        1.7945545        5.1400000       55.0706875
    1748      14      10    1994       22.7390000      265.8358957       18.2950000      130.9632961        0.0000000        1.7944508        5.0850000       54.6409115
    1749      15      10    1994       20.5140000      263.1764090       17.4420000      129.8365834        0.0000000        1.7863393        4.9770000       54.0571883
    1750      16      10    1994       20.5140000      260.5666972       16.6090000      128.7207210        0.0000000        1.7796291        4.9240000       53.3137346
    1751      17      10    1994       19.4510000      258.0175402       15.9020000      127.6154194        0.0000000        1.7766929        4.9240000       53.0061010
    1752      18      10    1994       20.5140000      255.4820632       14.9590000      126.5204612        0.0000000        1.7743454        4.8180000       52.5624313
    1753      19      10    1994       18.4210000      252.9431462       14.1190000      125.4356793        0.0000000        1.7715874        4.7140000       52.2930162
    1754      20      10    1994       21.6090000      250.4216769       13.3040000      124.3609376        0.0000000        1.7775778        4.6620000       52.2563012
    1755      21      10    1994       17.9190000      247.9273168       13.0230000      123.2961180        0.0000000        1.7743362        4.4590000       52.6741638
    1756      22      10    1994       16.9380000      245.4588399       11.9750000      122.2411134        0.0000000        1.7962774        4.4090000       55.4508864
    1757      23      10    1994       15.9900000      243.0176065       11.2060000      121.1958231        0.0000000        1.7849931        4.4090000       53.6789728
    1758      24      10    1994       15.5280000      240.6005175       10.5680000      120.1601503        0.0000000        1.8237678        4.4090000       54.5057280
    1759      25      10    1994       15.0730000      238.2057756       10.2360000      119.1340008        0.0000000        1.7753869        4.3590000       54.0044629
    1760      26      10    1994       14.6270000      235.8349970       10.2360000      118.1172823        0.0000000        1.7640169        4.3100000       53.2032568
    1761      27      10    1994       14.1880000      233.4878766       10.4630000      117.1099041        0.0000000        1.7581562        4.2120000       52.5789114
    1762      28      10    1994       12.9190000      231.1641434       10.4010000      116.1117763        0.0000000        1.7544509        4.0690000       52.0742294
    1763      29      10    1994       12.1120000      228.8635477       10.4220000      115.1228103        0.0000000        1.7528187        4.0220000       51.9706722
    1764      30      10    1994       12.9190000      226.7203851        9.9910000      114.1429968        0.0000000        1.7496939        3.9750000       51.5770649
    1765      31      10    1994       13.3350000      225.2618853       10.2160000      113.1731095        0.0000000        1.7583016        3.9280000       52.3455855
    1766       1      11    1994       17.4240000      223.7562030       10.5680000      112.2128459        0.0000000        1.7551922        3.8360000       51.8232600
    1767       2      11    1994       18.9320000      221.5153198       10.2160000      111.2602522        0.0000000        1.7483463        3.7910000       51.8429225
    1768       3      11    1994       16.4600000      219.2394626        9.8100000      110.3158500        0.0000000        1.7791149        3.9280000       52.7729899
    1769       4      11    1994       13.7580000      217.0106211        9.1210000      109.3800036        0.0000000        1.7552236        3.9280000       54.7683464
    1770       5      11    1994       11.3350000      214.8259493        8.6060000      108.4527192        0.0000000        1.8589622        3.9280000       60.0677577
    1771       6      11    1994       10.5880000      212.6748477        8.0170000      107.5339260        0.0000000        1.8862130        4.1160000       78.6784419
    1772       7      11    1994       10.2260000      210.5514614        7.3290000      106.6235410        0.0000000        1.9388362        4.8180000       95.6147675
    1773       8      11    1994        9.8710000      208.4525389        6.8040000      105.7214814        0.0000000        2.1132270        4.9770000      106.7415332
    1774       9      11    1994        9.8710000      206.3762441        7.1050000      104.8276661        0.0000000        2.2260828        5.2500000      132.1976098
    1775      10      11    1994        9.8710000      204.3353965        7.3340000      103.9423611        0.0000000        2.2705375        5.0850000      161.0153251
    1776      11      11    1994        9.8710000      202.4377657        8.8380000      103.0651578        0.0000000        2.2788944        5.5320000      157.7943993
    1777      12      11    1994        9.8710000      200.6326049        8.3290000      102.1955937        0.0000000        2.5362913        5.7640000      163.3127122
    1778      13      11    1994        9.8710000      198.6250189        7.5540000      101.3339462        0.0000000        3.3137963        6.0630000      185.3366787
    1779      14      11    1994        9.8710000      196.6529556        7.2760000      100.4801631        0.0000000        3.5367350       13.3570000      181.8029270
    1780      15      11    1994        9.5230000      194.7443213        6.8040000       99.6341698        0.0000000        3.3666541       16.7670000      173.4522769
    1781      16      11    1994        8.2050000      192.8788247        6.3490000       98.7958900        0.0000000        3.1941455       68.7710000      178.6924767
    1782      17      11    1994       12.5120000      191.0270948        5.8020000       97.9652481        0.0000000        3.1369339       42.1460000      171.1938807
    1783      18      11    1994        9.8710000      189.1259702        6.0320000       97.1421703        0.0000000        3.0226922       49.3830000      145.0557783
    1784      19      11    1994        9.1830000      187.2358016        5.8620000       96.3265840        0.0000000        2.8417973       48.9370000      132.2260838
    1785      20      11    1994        8.8500000      185.3682780        6.0940000       95.5184175        0.0000000        2.6815357       50.2810000      122.7120321
    1786      21      11    1994        8.5240000      183.5213680        6.1410000       94.7176122        0.0000000        2.5634641       59.0770000      120.3436443
    1787      22      11    1994        8.2050000      181.7040632        6.0790000       93.9242003        0.0000000        2.4910500       52.1090000      121.4282735
    1788      23      11    1994        9.1830000      179.9117215        5.7250000       93.1379364        0.0000000        2.5141040       48.4940000      127.8506591
    1789      24      11    1994        9.8710000      178.1236511        5.7700000       92.3587462        0.0000000        2.5370449       47.8340000      123.6077982
    1790      25      11    1994        9.8710000      176.3537910        5.8160000       91.5866247        0.0000000        2.4876674       42.3490000      121.2375209
    1791      26      11    1994        8.5240000      174.6053698        5.4710000       90.8215433        0.0000000        2.4635771       42.3490000      122.9921659
    1792      27      11    1994        8.2050000      172.8787738        5.4410000       90.0633795        0.0000000        2.6866640       42.1460000      127.1047568
    1793      28      11    1994        8.8500000      171.1617967        5.5890000       89.3120773        0.0000000        3.1584478       41.7430000      136.4225135
    1794      29      11    1994        8.5240000      169.4576070        5.4110000       88.5675851        0.0000000        3.4272523       45.0400000      143.0512096
    1795      30      11    1994        8.2050000      167.7707682        5.1790000       87.8298379        0.0000000        3.6209961       49.6070000      138.6321093
    1796       1      12    1994        7.8930000      166.1009156        4.9520000       87.0987709        0.0000000        3.4576736        4.7140000      134.0902554
    1797       2      12    1994        7.8930000      164.4477775        4.7300000       86.3743203        0.0000000        3.1482755        4.7140000      131.0405256
    1798       3      12    1994        7.5890000      162.8111357        4.6220000       85.6564232        0.0000000        3.0610182        4.5090000      130.4469659
    1799       4      12    1994        7.8930000      161.1908007        5.1820000       84.9450173        0.0000000        3.1045871        4.4590000      130.1452982
    1800       5      12    1994        8.5240000      159.5865983        5.7410000       84.2400408        0.0000000        3.0832188        4.4590000      129.0663282
    1801       6      12    1994        7.8930000      157.9986806        5.4130000       83.5414328        0.0000000        3.0782051        4.4590000      128.2385282
    1802       7      12    1994        7.2910000      156.4341043        5.1530000       82.8491328        0.0000000        3.1079891        4.4090000      127.7449677
    1803       8      12    1994        7.2910000      154.8941281        5.9260000       82.1630811        0.0000000        3.0509031        4.3100000      127.3743759
    1804       9      12    1994       11.3350000      153.3600188        5.6950000       81.4832184        0.0000000        2.9557305        4.3100000      126.1381296
    1805      10      12    1994       11.7200000      151.8358734        5.5150000       80.8094861        0.0000000        2.8943840        4.1160000      124.7443288
    1806      11      12    1994        7.8930000      150.3249473        5.2240000       80.1418261        0.0000000        2.8557723        4.0220000      123.6654699
    1807      12      12    1994        7.2910000      148.8285399        4.6090000       79.4801808        0.0000000        2.8314289        3.8360000      122.6684114
    1808      13      12    1994        6.1700000      147.3472137        4.4870000       78.8244934        0.0000000        2.8154049        3.8360000      121.7118076
    1809      14      12    1994        5.6500000      145.8807213        4.3020000       78.1747074        0.0000000        2.9055781        3.7460000      120.8949714
    1810      15      12    1994        5.4000000      144.4288654        4.0970000       77.5307669        0.0000000        3.0814493        2.8740000      120.5531576
    1811      16      12    1994        6.1700000      142.9914761        3.8960000       76.8926167        0.0000000        3.2498212        2.7240000      120.3408304
    1812      17      12    1994        6.1700000      141.5683981        3.7490000       76.2602020        0.0000000        3.2212260        2.5430000      119.1622790
    1813      18      12    1994        5.6500000      140.1594839        3.8470000       75.6334686        0.0000000        3.1203758        2.3360000      118.0904318
    1814      19      12    1994        5.6500000      138.7645908        3.7250000       75.0123626        0.0000000        3.0452803        2.2040000      117.1133958
    1815      20      12    1994        5.4000000      137.3835787        3.6770000       74.3968310        0.0000000        2.9806198        2.2040000      116.2065469
    1816      21      12    1994        5.1570000      136.0163094        3.5110000       73.7868210        0.0000000        2.9410379        2.1720000      115.3253071
    1817      22      12    1994        5.1570000      134.6626464        3.3260000       73.1822805        0.0000000        2.9160741        2.1400000      114.4618902
    1818      23      12    1994        4.9200000      133.3224547        3.1910000       72.5831579        0.0000000        2.8996337        2.1400000      113.6117636
    1819      24      12    1994        4.6900000      131.9956002        3.2810000       71.9894019        0.0000000        2.8881648        2.1400000      112.7961315
    1820      25      12    1994        4.6900000      130.6819505        3.1580000       71.4009619        0.0000000        2.8795976        2.0770000      111.9884789
    1821      26      12    1994        4.6900000      129.3813743        3.0590000       70.8177878        0.0000000        2.8742326        2.0160000      111.1703986
    1822      27      12    1994        4.2490000      128.0937415        2.9830000       70.2398298        0.0000000        2.8900897        1.9850000      110.3792722
    1823      28      12    1994        4.2490000      126.8189234        2.9510000       69.6670388        0.0000000        2.8899614        1.9550000      109.5755606
    1824      29      12    1994        4.2490000      125.5567925        2.8240000       69.0993660        0.0000000        2.8760720        1.8950000      108.7673899
    1825      30      12    1994        4.2490000      124.3072226        2.7820000       68.5367632        0.0000000        2.8660476        1.8950000      107.9692532
    1826      31      12    1994        4.2490000      123.0700886        2.7210000       67.9791826        0.0000000        2.8583358        2.0770000      107.1797043
    1827       1       1    1995        4.0380000      121.8452669        3.0600000       67.4265768        5.2800000        2.8519754        4.7140000      106.4190932
    1828       2       1    1995        3.8330000      120.6326349        2.9720000       66.8788991        5.2800000        2.8464062        4.7140000      105.6610428
    1829       3       1    1995        3.8330000      119.4320713        2.8240000       66.3361029        5.0500000        2.8413013        4.5090000      104.8949069
    1830       4       1    1995        3.8330000      118.2434559        2.7930000       65.7981424        5.0500000        2.8364702        4.4590000      104.1585436
    1831       5       1    1995        3.8330000      117.0666699        2.7210000       65.2649721        5.0500000        2.8318017        4.4590000      103.3979518
    1832       6       1    1995        3.8330000      115.9015955        2.6390000       64.7365468        5.0500000        2.8272311        4.4590000      102.6450348
    1833       7       1    1995        3.8330000      114.7481163        2.5400000       64.2128219        4.8300000        2.8227204        4.4090000      101.9153017
    1834       8       1    1995        3.8330000      113.6061167        2.3750000       63.6937532        4.8300000        2.8182476        4.3100000      101.2659075
    1835       9       1    1995        3.8330000      112.4754826        2.4420000       63.1792970        4.8300000        2.8137998        4.3100000      100.5189308
    1836      10       1    1995        3.8330000      111.3561008        2.3460000       62.6694099        4.6200000        2.8093695        4.1160000       99.7510290
    1837      11       1    1995        3.6350000      110.2478593        2.2990000       62.1640489        4.6200000        2.8052099        4.0220000       99.0328498
    1838      12       1    1995        3.6350000      109.1506478        2.1250000       61.6631716        4.6200000        2.8008041        3.8360000       98.3184689
    1839      13       1    1995        3.6350000      108.0643573        2.0620000       61.1667358        4.4100000        2.7963302        3.8360000       97.6108515
    1840      14       1    1995        3.6350000      106.9888767        2.1070000       60.6746999        4.4100000        2.7952465        2.9120000       96.9098132
    1841      15       1    1995        3.6350000      105.9240990        1.7980000       60.1870225        4.4100000        2.7941746        2.8360000       96.2150035
    1842      16       1    1995        3.6350000      104.8699182        1.6370000       59.7036627        4.2100000        2.7878830        2.7240000       95.5261944
    1843      17       1    1995        3.6350000      103.8262288        1.5140000       59.2245802        4.2100000        2.7821769        2.5430000       94.8432330
    1844      18       1    1995        3.6350000      102.7929264        1.4100000       58.7497346        4.0200000        2.7770343        2.3360000       94.1660094
    1845      19       1    1995        3.6350000      101.7699076        1.4330000       58.2790864        4.0200000        2.7722233        2.2040000       93.4944389
    1846      20       1    1995        3.6350000      100.7570701        1.7020000       57.8125962        4.0200000        2.7676085        2.2040000       92.8284513
    1847      21       1    1995        3.6350000       99.7543127        1.9920000       57.3502251        3.8300000        2.7631111        2.2040000       92.1679852
    1848      22       1    1995        3.2560000       98.7615349        2.0350000       56.8919344        3.8300000        2.7586850        2.1400000       91.5129844
    1849      23       1    1995        3.2560000       97.7786374        2.0530000       56.4376859        3.6600000        2.7543033        2.1400000       90.8633956
    1850      24       1    1995        3.2560000       96.8055220        2.1430000       55.9874419        3.6600000        2.7499504        2.1400000       90.2191677
    1851      25       1    1995        3.2560000       95.8420912        2.0620000       55.5411648        3.6600000        2.7456171        2.0770000       89.5802510
    1852      26       1    1995        3.2560000       94.8882488        2.0890000       55.0988175        3.8300000        2.7412981        2.0160000       88.9471718
    1853      27       1    1995        3.2560000       93.9438991        2.0620000       54.6603633        3.8300000        2.8186189        1.9850000       89.1039657
    1854      28       1    1995        3.2560000       93.0089479        2.1430000       54.2257659        4.4100000        2.7661375        1.9550000       87.8950023
    1855      29       1    1995        3.0760000       92.0833015        2.0360000       53.7949890        4.0200000        2.7499277        1.8950000       87.1162972
    1856      30       1    1995        3.0760000       91.1668674        1.8980000       53.3679972        3.8300000        2.7395756        1.8950000       86.4945321
    1857      31       1    1995        3.0760000       90.2595538        1.7890000       52.9447549        3.8300000        2.7317558        2.0770000       85.8836734
    1858       1       2    1995        3.0760000       89.3612700        1.8300000       52.5252272        3.8300000        2.7254153        2.0160000       85.2789552
    1859       2       2    1995        2.9010000       88.4719261        1.8720000       52.1093794        3.6600000        2.7199404        1.9550000       84.6798218
    1860       3       2    1995        2.9010000       87.5914332        1.7970000       51.6971772        3.6600000        2.7149732        1.9550000       84.0859538
    1861       4       2    1995        2.7330000       86.7197032        1.8980000       51.2885865        3.4800000        2.7103048        1.8950000       83.4971491
    1862       5       2    1995        2.7330000       85.8566488        2.0010000       50.8835737        3.4800000        2.7058137        1.8950000       82.9132728
    1863       6       2    1995        2.7330000       85.0021837        1.8980000       50.4821055        3.3200000        2.7014287        1.8370000       82.3342290
    1864       7       2    1995        2.7330000       84.1562225        1.7970000       50.0841488        3.3200000        2.6971084        1.8660000       81.7599448
    1865       8       2    1995        2.7330000       83.3186805        1.8640000       49.6896708        3.4800000        2.7016137        1.9250000       81.7094558
    1866       9       2    1995        2.7330000       82.4894739        1.7890000       49.2986392        3.4800000        2.6927268        2.0160000       80.7702660
    1867      10       2    1995        2.7330000       81.6685197        1.8300000       48.9110220        3.6600000        2.6871670        2.0460000       80.2140785
    1868      11       2    1995        2.7330000       80.8557358        1.8720000       48.5267872        4.0200000        2.6822566        2.1400000       79.8300365
    1869      12       2    1995        2.7330000       80.0510410        1.7890000       48.1459035        4.0200000        2.6811918        2.2040000       79.9623211
    1870      13       2    1995        2.7330000       79.2543547        1.8140000       47.7683397        4.4100000        2.6971167        2.2040000       79.2863632
    1871      14       2    1995        2.5710000       78.4655972        1.7720000       47.3940649        4.8300000        2.6838267        2.4040000       78.4204877
    1872      15       2    1995        2.4140000       77.6846895        1.7480000       47.0230485        5.0500000        2.6849883        2.8360000       78.0039944
    1873      16       2    1995        2.4140000       76.9115537        1.6520000       46.6552603        5.5200000        2.6805991        2.7240000       77.7028469
    1874      17       2    1995        2.4140000       76.1461123        1.6210000       46.2906702        6.2800000        2.7114080        2.6140000       77.1007349
    1875      18       2    1995        2.4140000       75.3882887        1.5140000       45.9292486        5.7700000        2.7107272        2.4730000       76.1220337
    1876      19       2    1995        2.4140000       74.6380071        1.4100000       45.5709661        5.2800000        2.6837055        2.3360000       75.5509541
    1877      20       2    1995        2.2630000       73.8951926        1.4100000       45.2157935        4.6200000        2.6687152        2.1720000       75.0263172
    1878      21       2    1995        2.2630000       73.1597707        1.4980000       44.8637021        4.4100000        2.6589835        1.9550000       74.5082247
    1879      22       2    1995        2.2630000       72.4316678        1.5130000       44.5146635        4.2100000        2.6515775        1.8950000       73.9956305
    1880      23       2    1995        2.2630000       71.7108113        1.5210000       44.1686498        4.0200000        2.6468125        1.8660000       73.4897835
    1881      24       2    1995        2.1180000       70.9971288        1.5590000       43.8256319        4.0200000        2.6424564        1.8370000       73.0175760
    1882      25       2    1995        2.1180000       70.2905874        1.5060000       43.4855920        3.8300000        2.6383316        1.7800000       72.4893032
    1883      26       2    1995        2.1180000       69.5911437        1.4100000       43.1485340        3.6600000        2.6369851        1.7240000       71.9957541
    1884      27       2    1995        2.1180000       68.8986452        1.3810000       42.8143866        3.4800000        2.6324684        1.4850000       71.5056844
    1885      28       2    1995        2.1180000       68.2129784        1.2900000       42.4830969        3.3200000        2.6266228        1.6690000       71.0182458
    1886       1       3    1995        2.1180000       67.5341139        1.2420000       42.1546541        0.0000000        2.6214576        1.7800000       70.5362112
    1887       2       3    1995        2.1180000       66.8620033        1.2760000       41.8290410        0.0000000        2.6209666        1.6960000       70.6968756
    1888       3       3    1995        2.1180000       66.1965802        1.2830000       41.5062339        0.0000000        2.6523371        1.8950000       71.3894962
    1889       4       3    1995        1.8440000       65.5377786        1.2560000       41.1862077        0.0000000        2.6440327        2.2040000       69.8984063
    1890       5       3    1995        1.8440000       64.8855329        1.1040000       40.8689368        0.0000000        2.6303084        2.9120000       69.1922558
    1891       6       3    1995        1.8440000       64.2397780        1.1360000       40.5543959        0.0000000        2.6240887        3.8360000       68.7961836
    1892       7       3    1995        1.8440000       63.6004495        1.2350000       40.2425601        0.0000000        2.6228512        4.3100000       69.2604102
    1893       8       3    1995        1.8440000       62.9674836        1.1040000       39.9334043        0.0000000        2.6334458        4.7140000       69.6032105
    1894       9       3    1995        1.8440000       62.3408170        1.1100000       39.6269038        0.0000000        2.6347072        4.4590000       68.9062978
    1895      10       3    1995        1.8440000       61.7203870        1.0910000       39.3230343        0.0000000        2.6282390        4.3590000       68.5393871
    1896      11       3    1995        1.8440000       61.1061316        1.1490000       39.0217715        0.0000000        2.6234571        3.7460000       68.0186795
    1897      12       3    1995        1.7160000       60.4979894        1.0850000       38.7230914        0.0000000        2.6242607        3.7460000       67.7208095
    1898      13       3    1995        1.7160000       59.8958996        1.0720000       38.4269703        0.0000000        2.7025989        3.7010000       67.8746508
    1899      14       3    1995        1.7160000       59.2998019        1.0590000       38.1333844        0.0000000        2.7011625        3.5250000       68.2953729
    1900      15       3    1995        1.7160000       58.7096367        0.9740000       37.8423106        0.0000000        2.6683936        6.2470000       67.6703986
    1901      16       3    1995        1.7160000       58.1253449        0.8980000       37.5537258        0.0000000        2.6402102        5.0850000       67.1071367
    1902      17       3    1995        1.5930000       57.5468681        0.9150000       37.2676069        0.0000000        2.6214491        4.6100000       66.5559687
    1903      18       3    1995        1.5930000       56.9741485        0.8920000       36.9839314        0.0000000        2.6088116        3.7460000       66.0420286
    1904      19       3    1995        1.5930000       56.4071287        0.9270000       36.7026769        0.0000000        2.5997467        2.9120000       65.5597455
    1905      20       3    1995        1.5930000       55.8457565        0.9800000       36.4238225        0.0000000        2.5927677        2.2040000       65.0970169
    1906      21       3    1995        1.5930000       55.2901922        1.0470000       36.1474382        0.0000000        2.5870078        2.0770000       64.6468226
    1907      22       3    1995        1.8440000       54.7424116        1.0110000       35.8737159        0.0000000        2.5854223        2.0160000       64.2123245
    1908      23       3    1995        1.7160000       54.2050459        1.2340000       35.6024025        0.0000000        2.5881002        1.9250000       63.8013044
    1909      24       3    1995        1.7160000       53.6704232        1.9670000       35.3331839        0.0000000        2.6263771        1.8660000       64.6609782
    1910      25       3    1995        2.1180000       53.1370983        3.2280000       35.0660422        0.0000000        2.6861592        1.8950000       63.6511083
    1911      26       3    1995        2.9010000       52.6121358        3.9720000       34.8011159        0.0000000        2.6554599        1.9550000       63.1374025
    1912      27       3    1995        2.7330000       52.0986678        3.7330000       34.5384320        0.0000000        2.6350921        1.9550000       62.6342932
    1913      28       3    1995        2.2630000       51.5850783        2.5900000       34.2779777        0.0000000        2.6350365        1.9550000       62.1838132
    1914      29       3    1995        1.9780000       51.0719016        2.0550000       34.0197327        0.0000000        2.6276996        2.0460000       61.7592771
    1915      30       3    1995        1.7160000       50.5637699        1.7660000       33.7636761        0.0000000        2.6141673        1.9850000       61.3455847
    1916      31       3    1995        1.5930000       50.0604648        1.5290000       33.5097874        0.0000000        2.5980687        7.7000000       60.9290623
    1917       1       4    1995        1.7160000       49.5622141        1.3960000       33.2580465        0.0000000        2.5863021        1.8370000       60.5184773
    1918       2       4    1995        1.8440000       49.0689552        1.3180000       33.0084338        0.0000000        2.5777590        1.8370000       60.1130733
    1919       3       4    1995        1.8440000       48.5806170        1.4100000       32.7609300        0.0000000        2.5755338        1.7800000       59.7119790
    1920       4       4    1995        1.8440000       48.0971419        1.3040000       32.5155156        0.0000000        2.5823809        1.9850000       59.3175512
    1921       5       4    1995        1.8440000       47.6184777        1.2690000       32.2721716        0.0000000        2.6326250        2.0160000       59.0103634
    1922       6       4    1995        1.7160000       47.1445754        1.1750000       32.0308792        0.0000000        2.6281787        2.0160000       60.0178929
    1923       7       4    1995        1.7160000       46.6753875        1.0720000       31.7916196        0.0000000        2.6129999        2.0770000       60.8480622
    1924       8       4    1995        1.5930000       46.2108675        0.9740000       31.5543744        0.0000000        2.6092599        2.1400000       60.5483946
    1925       9       4    1995        1.4750000       45.7509692        0.9040000       31.3191252        0.0000000        2.5908913        2.2040000       60.3918294
    1926      10       4    1995        1.4750000       45.2956470        0.9500000       31.0858538        0.0000000        2.7318198        2.3360000       60.9360362
    1927      11       4    1995        1.4750000       44.8448557        0.8810000       30.8545423        0.0000000        3.2216511        2.2700000       64.0613024
    1928      12       4    1995        1.4750000       44.3985502        0.7930000       30.6251728        0.0000000        3.6250142        2.2040000       61.2378978
    1929      13       4    1995        1.3620000       43.9566862        0.7300000       30.3977276        0.0000000        4.0848427        2.1400000       61.8925319
    1930      14       4    1995        1.3620000       43.5192195        0.7720000       30.1721893        0.0000000        3.9917770        2.0770000       61.6118146
    1931      15       4    1995        1.2550000       43.0861065        0.7570000       29.9485406        0.0000000        3.6581744        2.0770000       61.7037008
    1932      16       4    1995        1.2550000       42.6573039        1.0970000       29.7267642        0.0000000        3.4913270        2.0160000       61.0532081
    1933      17       4    1995        1.2550000       42.2327687        1.8060000       29.5068432        0.0000000        3.2941478        1.9550000       60.4401289
    1934      18       4    1995        1.2550000       41.8124585        1.3860000       29.2887606        0.0000000        3.1568413        1.8370000       59.9143929
    1935      19       4    1995        1.2550000       41.3963314        1.0920000       29.0724998        0.0000000        3.1417678        1.8080000       59.4989612
    1936      20       4    1995        1.5930000       40.9843456        1.0110000       28.8580443        0.0000000        3.2366114        1.7800000       59.8660068
    1937      21       4    1995        1.5930000       40.5766778        1.3640000       28.6453932        0.0000000        3.3009964        1.8370000       61.1498791
    1938      22       4    1995        3.4420000       40.1749748        3.0310000       28.4345510        0.0000000        3.3165924        1.8370000       61.4314880
    1939      23       4    1995        4.0380000       39.7805839        4.1550000       28.2254546        0.0000000        3.2659260        1.9250000       60.6413724
    1940      24       4    1995        4.0380000       39.3864920        3.1430000       28.0180823        0.0000000        3.2172711        1.9850000       60.5701135
    1941      25       4    1995        3.4420000       38.9946295        2.0260000       27.8124400        0.0000000        3.3044968        2.1400000       61.7483261
    1942      26       4    1995        3.0760000       38.6065084        1.7410000       27.6084915        0.0000000        3.7094314        2.2040000       67.6310403
    1943      27       4    1995        2.4140000       38.2222816        1.4490000       27.4062273        0.0000000        4.4121088        2.3030000      103.7465004
    1944      28       4    1995        2.1180000       37.8418925        1.1320000       27.2056388        0.0000000        4.5810172        2.3360000      143.8089711
    1945      29       4    1995        1.8440000       37.4652925        0.8990000       27.0067127        0.0000000        4.2470065        2.9120000      135.0962401
    1946      30       4    1995        1.8440000       37.0924398        0.8040000       26.8094407        0.0000000        4.9550339        4.7140000      122.8757980
    1947       1       5    1995        1.5930000       36.7232959        0.7820000       26.6138154        0.0000000        6.0345199        8.4990000      142.0464353
    1948       2       5    1995        2.5710000       36.3578293        0.7100000       26.4197994        0.0000000        5.7503781       30.7290000      157.3530255
    1949       3       5    1995        2.4140000       35.9959996        0.6500000       26.2273804        0.0000000        4.9794325       29.7410000      121.2476339
    1950       4       5    1995        2.4140000       35.6406847        0.7420000       26.0365804        0.0000000        4.7635528       25.8370000      102.7280539
    1951       5       5    1995        3.6350000       35.3007261        1.0120000       25.8475701        0.0000000        4.7360683       18.1720000       99.3984868
    1952       6       5    1995        8.8500000       34.9730302        1.0110000       25.6614733        0.0000000        4.6373023       20.6720000       98.0750636
    1953       7       5    1995        6.4400000       34.6742863        1.4370000       25.4784899        0.0000000        4.6024724       26.2880000       97.9247488
    1954       8       5    1995        4.0380000       34.3826750        3.7820000       25.2946460        0.0000000        4.5852703       26.2880000       97.2944211
    1955       9       5    1995        3.6350000       34.0842545        5.2990000       25.1115557        0.0000000        5.5984232       21.3280000       99.0507688
    1956      10       5    1995       10.2260000       33.7796807        2.2200000       24.9310106        0.0000000       10.6873616        8.2760000      113.2852612
    1957      11       5    1995       16.4600000       33.4910778        1.7520000       24.7551691        0.0000000       10.7733603        6.9500000      133.8709127
    1958      12       5    1995        5.6500000       33.2285578        2.3790000       24.5812020        0.0000000        6.7615525        7.9850000      117.0415426
    1959      13       5    1995        3.2560000       33.0433235        2.3750000       24.4057564        0.0000000        6.0489616        7.9130000      110.9072585
    1960      14       5    1995        2.7330000       32.7293051        1.4710000       24.2308460        0.0000000        5.6543515        7.9130000      113.0214339
    1961      15       5    1995        2.5710000       32.3932070        1.5300000       24.0565286        0.0000000        5.3660731        7.7710000      110.1086607
    1962      16       5    1995        2.4140000       32.0641547        1.2170000       23.8834192        0.0000000        5.3131999        7.5600000      110.3281634
    1963      17       5    1995        2.1180000       31.7416363        1.0600000       23.7117471        0.0000000        5.2069312        6.3090000      109.6541666
    1964      18       5    1995        2.1180000       31.4240339        0.8720000       23.5415197        0.0000000        5.1245663        6.6890000      108.3653491
    1965      19       5    1995        1.9780000       31.1510368        0.6610000       23.3728728        0.0000000        5.1780809        5.7060000      107.8741115
    1966      20       5    1995        1.9780000       30.9610691        0.6410000       23.2058765        0.0000000        5.2488170        5.4750000      107.6094590
    1967      21       5    1995        1.9780000       30.6947163        0.6900000       23.0400107        0.0000000        5.3449223        5.3620000      106.6816157
    1968      22       5    1995        1.9780000       30.3822181        0.6600000       22.8753563        0.0000000        5.2720981        5.1400000      105.7654211
    1969      23       5    1995        2.1180000       30.0743143        0.7770000       22.7120123        0.0000000        5.1535670        4.7660000      104.9435695
    1970      24       5    1995        2.1180000       29.7721842        0.8150000       22.5499910        0.0000000        5.0812225        4.5090000      104.1872324
    1971      25       5    1995       34.4650000       29.5215104        0.7250000       22.3893141        0.0000000        5.0357944        4.3100000      103.4592485
    1972      26       5    1995        4.9200000       29.4585685        0.7300000       22.2302030        0.0000000        5.0299329        4.0220000      102.7906620
    1973      27       5    1995       12.5120000       29.6452440        0.8370000       22.0728974        0.0000000        5.1133288        4.1160000      102.6985050
    1974      28       5    1995       63.7650000       30.0412552        0.9020000       21.9201200        0.0000000        5.1846043        4.1160000      102.9562873
    1975      29       5    1995       66.9600000       30.5331613        2.4140000       21.7823743        0.0000000        5.3817763        6.5610000      104.2518666
    1976      30       5    1995       24.4970000       31.2414263        4.5530000       21.6596132        0.0000000        5.4901109        6.9500000      104.0294639
    1977      31       5    1995       40.6130000       31.6922273        3.5040000       21.5446358        0.0000000        5.4998698        6.7530000      105.2484414
    1978       1       6    1995       50.9640000       31.2496417        2.5730000       21.4004833        3.0000000        5.4832459        7.0830000      105.2658042
    1979       2       6    1995       33.0200000       31.8044655        2.2910000       21.2541186        3.0000000        5.4525255        7.7000000      105.2272886
    1980       3       6    1995       48.2470000       33.5741100        1.8540000       21.1091082        3.0000000        5.4165743        7.6300000      104.1784989
    1981       4       6    1995       93.2510000       33.7359824        1.2340000       20.9632191        3.0000000        5.3153305        7.4910000      103.2743799
    1982       5       6    1995       86.8260000       33.1884774        1.0170000       20.8160702        3.3200000        5.2430631        7.3530000      102.9365911
    1983       6       6    1995       71.3630000       33.6158331        1.0670000       20.6702443        3.6600000        5.2029570        7.4220000      103.8277615
    1984       7       6    1995      131.1000000       34.9757178        0.9360000       20.5303715        3.6600000        5.1765677        7.5600000      104.3308482
    1985       8       6    1995       19.4510000       35.1165769        1.3660000       20.3937079        3.4800000        5.1476281        7.4220000      104.0633774
    1986       9       6    1995       21.6090000       35.1822685        1.6320000       20.2556796        3.4800000        5.1296380        7.0830000      103.1456136
    1987      10       6    1995        9.1830000       36.2753134        1.1790000       20.1238772        3.3200000        5.1128506        6.8190000      102.3212907
    1988      11       6    1995       75.9320000       37.4066055        1.3300000       19.9939059        3.3200000        5.0983161        6.6890000      101.5649781
    1989      12       6    1995       15.9900000       37.5078285        3.6100000       19.8588285        3.1600000        5.0865181        6.4340000      100.8482854
    1990      13       6    1995       58.6420000       38.3420312        2.7530000       19.7277208        3.4800000        5.0763211        6.2470000      100.1558400
    1991      14       6    1995       30.2380000       38.8064874        1.3300000       19.5933291        4.0200000        5.0670629        6.0630000       99.4790801
    1992      15       6    1995       38.2380000       39.6557141        0.9870000       19.4696780        4.6200000        5.1089258        6.1850000       98.8231751
    1993      16       6    1995       25.1000000       41.0599840        0.8920000       19.3645159        4.8300000        5.1384533        6.3710000       98.2406581
    1994      17       6    1995       27.5990000       45.0979216        1.0540000       19.2547610        4.4100000        5.1013285        6.4340000       97.8354942
    1995      18       6    1995       28.9010000       54.2653432        2.0510000       19.1396929        4.4100000        5.0763804        6.5610000       97.7083837
    1996      19       6    1995       31.6110000       60.7156329        1.7710000       19.0285863        4.2100000        5.0756952        6.5610000       97.5073821
    1997      20       6    1995       52.8250000       54.2331644        7.0070000       18.9125983        4.2100000        5.1035123        6.3710000       97.3684625
    1998      21       6    1995       30.9200000       49.5331234       11.9500000       18.7989595        4.4100000        5.0968757        6.2470000       97.2107971
    1999      22       6    1995       61.6860000       50.1533262        7.2080000       18.6787913        4.8300000        5.0704419        6.5610000       97.0228008
    2000      23       6    1995       35.9470000       51.1906967        7.0760000       18.5907109        5.5200000        5.0487973        6.7530000       96.8526961
    2001      24       6    1995       36.7010000       51.9421371        4.6610000       18.4981583        5.2800000        5.0328929        6.6890000       96.1893608
    2002      25       6    1995       34.4650000       54.2597572        3.6640000       18.3838304        5.2800000        5.0203402        6.5610000       95.4793483
    2003      26       6    1995       21.6090000       62.9002526        2.5100000       18.3179049        5.0500000        5.0097470        6.4340000       94.7982515
    2004      27       6    1995       36.7010000       73.8666024       11.0870000       18.4018937        5.0500000        5.0003017        7.2850000       94.1568108
    2005      28       6    1995       61.6860000       79.4124040       25.5490000       18.8654882        5.5200000        5.0008802        7.1500000       93.6233640
    2006      29       6    1995       49.1430000       81.2455293       15.1420000       19.3853628        5.2800000        5.0056620        6.8190000       93.4463595
    2007      30       6    1995       37.4650000       80.0472743       22.8210000       19.4748820        5.7700000        4.9912805        6.6250000       93.1606883
    2008       1       7    1995       49.1430000       78.3920797       36.0940000       19.5072846        0.0000000        4.9786182        6.8190000       92.8484421
    2009       2       7    1995      137.6020000       77.4780695       14.5030000       19.5869776        0.0000000        4.9679886        8.2760000       92.6233960
    2010       3       7    1995       64.8200000       78.5215698       14.0670000       19.7091242        0.0000000        4.9585493        7.7710000       92.7108380
    2011       4       7    1995       64.8200000       80.8278432       37.9440000       19.7820835        0.0000000        4.9498094        9.6680000       92.6796414
    2012       5       7    1995       33.0200000       86.1381787       31.6230000       19.8491989        0.0000000        4.9483375       11.9210000       92.2049094
    2013       6       7    1995       49.1430000       86.3013058       13.8570000       20.1139608        0.0000000        4.9467584       10.0790000       92.1913019
    2014       7       7    1995       59.6470000       83.9921844       20.8610000       20.5411041        0.0000000        4.9418979       10.5850000       92.3891507
    2015       8       7    1995       35.9470000       84.8122843       38.7840000       21.2181860        0.0000000        4.9312221       10.7580000       92.1354908
    2016       9       7    1995       56.6640000       88.8361417       27.4210000       22.3973417        0.0000000        4.9200613       10.9320000       92.2299739
    2017      10       7    1995      111.2320000       92.9775913       16.5830000       23.4302950        0.0000000        4.9151841       11.0200000       92.0074241
    2018      11       7    1995      112.6930000       94.0216680       18.1440000       23.8696745        0.0000000        4.9114730       11.4650000       91.4684704
    2019      12       7    1995       71.3630000       95.9181595       18.7860000       24.0169295        0.0000000        4.9061149       64.2030000       91.1754414
    2020      13       7    1995       54.7240000       98.2238735       10.9160000       24.4672586        0.0000000        4.9072471       30.2320000       91.6228595
    2021      14       7    1995      118.6470000       99.8017619       15.2100000       25.5300945        0.0000000        4.8989085       19.3970000       91.7973439
    2022      15       7    1995       89.3630000      101.1115934       41.9500000       26.4375805        0.0000000        4.8854222       18.1720000       92.1864155
    2023      16       7    1995       95.8970000      100.9206759       36.9370000       27.0258971        0.0000000        4.8742337       13.7570000       92.4592855
    2024      17       7    1995       80.6680000      101.7425227       53.4720000       28.4993101        0.0000000        4.8696515       12.0140000       92.7315618
    2025      18       7    1995       72.4900000      105.7142842       43.3110000       31.1692750        0.0000000        4.8599750        9.9130000       92.8651676
    2026      19       7    1995      114.1640000      109.8566282       85.6350000       32.4159547        0.0000000        4.8500216        9.5870000       92.1510024
    2027      20       7    1995       93.2510000      109.4669809       86.6330000       32.6674697        0.0000000        4.8410533       14.2680000       91.4148719
    2028      21       7    1995       91.9440000      109.5805024      133.9720000       32.3915474        0.0000000        4.8326646        9.8310000       90.7387466
    2029      22       7    1995       88.0890000      111.1328463       83.8820000       32.5700173        0.0000000        4.8246188        9.7490000       90.1279958
    2030      23       7    1995       88.0890000      111.5470854       67.1270000       33.7332094        0.0000000        4.8167781        9.5870000       89.5047030
    2031      24       7    1995      114.1640000      112.0953322      165.8300000       35.1403682        0.0000000        4.8090620        4.5090000       88.9022600
    2032      25       7    1995      104.0960000      114.0909865      197.4950000       35.6222073        0.0000000        4.8014235        4.7140000       88.5005027
    2033      26       7    1995      137.6020000      115.2030822      105.5980000       36.4785252        0.0000000        4.7938352       14.8960000       88.5219891
    2034      27       7    1995       99.9470000      116.5014946       87.9820000       37.9627930        0.0000000        4.7914688       20.0280000       88.8279018
    2035      28       7    1995      115.6470000      117.6285334      123.8040000       38.4439442        0.0000000        4.7886168       14.8960000       89.3173185
    2036      29       7    1995      142.6000000      119.5678591      120.4590000       39.5214358        0.0000000        4.7780001       15.2160000       89.2391551
    2037      30       7    1995      135.9590000      121.2929071       93.2100000       41.0187492        0.0000000        4.7686403       15.8690000       88.6399191
    2038      31       7    1995      188.3890000      121.6635169       67.8150000       41.8700213        0.0000000        4.7600709       23.3750000       87.9915917
    2039       1       8    1995      144.2890000      123.2060668      102.1730000       42.8077826       20.5500000        4.7519674       15.4320000       87.3857009
    2040       2       8    1995      152.9100000      125.7566906      139.2920000       44.8627997       15.7200000        4.7441406       11.1080000       86.7922005
    2041       3       8    1995      158.2250000      129.9140373      222.9200000       46.5537713       13.6600000        4.7364800       11.1080000       86.2766330
    2042       4       8    1995      120.1640000      132.9180382      250.6490000       46.9269008       10.9800000        4.7289213       11.1080000       85.6907177
    2043       5       8    1995       94.5680000      134.5186726      240.2810000       46.7887814       10.9800000        4.7215608       11.2860000       85.1243446
    2044       6       8    1995      180.5580000      135.2817694      159.8430000       46.8660210       13.1800000        4.7141091       11.2860000       84.6329824
    2045       7       8    1995      176.7150000      136.1185656      101.5640000       47.4047340       14.6700000        4.7074796       11.2860000       84.2238958
    2046       8       8    1995      117.1420000      138.8528016      104.4190000       47.6683901       16.8400000        4.7009605       11.4650000       84.0874925
    2047       9       8    1995      285.2250000      143.2635053       82.5280000       49.1230128       19.8900000        4.6930693       11.4650000       83.7521649
    2048      10       8    1995      158.2250000      145.7457037       82.6160000       50.8233796       19.2500000        4.6864595       11.4650000       83.2882266
    2049      11       8    1995      135.9590000      147.2216871      107.0820000       52.4947873       15.7200000        4.6820280       11.8290000       83.2413411
    2050      12       8    1995      194.3910000      159.4985069      130.6200000       55.6796692       16.8400000        4.6738650       15.4320000       83.2973709
    2051      13       8    1995      324.6410000      177.4878483      115.2960000       70.7746489       19.2500000        4.6655182       15.4320000       83.4890040
    2052      14       8    1995       83.0990000      179.3275298      147.1350000       74.2658692       18.0100000        4.6600543       15.6500000       83.3718450
    2053      15       8    1995      464.6650000      180.8303222      125.4070000       69.1810575       19.2500000        4.6541641       15.8690000       83.1076382
    2054      16       8    1995      384.9220000      204.1755147      156.8470000       91.9658008       22.6300000        4.6452625       15.6500000       82.5113788
    2055      17       8    1995      428.4930000      201.9164110      123.0670000      113.9857016       28.1100000        4.6370405       11.8290000       81.9397744
    2056      18       8    1995      188.3890000      183.5113045      158.7600000      107.5668657       26.4500000        4.6292198       11.6460000       81.3949532
    2057      19       8    1995      200.5030000      181.7467576      136.2640000       99.2080923       21.9200000        4.6216380       11.6460000       80.8313570
    2058      20       8    1995      215.1990000      183.0923124      215.2360000       95.5258183       19.2500000        4.6142002       11.6460000       80.2957907
    2059      21       8    1995      217.3490000      183.9740280      188.7610000       99.2608095       21.9200000        4.6068512       11.6460000       79.8108316
    2060      22       8    1995      154.6700000      184.0124422      219.9870000      102.0636309       21.2300000        4.5995588       11.1080000       79.2845044
    2061      23       8    1995      152.9100000      186.3539982      183.0200000       98.2957101       19.8900000        4.5923040       11.1080000       78.7484795
    2062      24       8    1995      144.2890000      189.1872157      152.3320000       93.6070020       19.2500000        4.5850760       10.4150000       78.2180760
    2063      25       8    1995      180.5580000      191.0773761      105.7060000       89.0701276       18.6200000        4.5778682       10.0790000       77.6926967
    2064      26       8    1995      208.8260000      192.1503725      211.7830000       87.4440640       13.6600000        4.5706770        9.7490000       77.1718741
    2065      27       8    1995      180.5580000      194.5595338      174.5550000       88.0404967       13.6600000        4.5635002        9.1110000       76.6553527
    2066      28       8    1995      210.9380000      200.7225352      124.3310000       93.2668090       14.6700000        4.5563363        8.4990000       76.1657833
    2067      29       8    1995      156.4420000      205.9287970      107.3680000      103.0546150       13.6600000        4.5493576        8.2030000       75.9901773
    2068      30       8    1995      182.4970000      202.3539792       89.9260000      122.0469234       13.1800000        4.5424763        7.0830000       75.7655179
    2069      31       8    1995      171.0420000      208.6756531      145.9780000      154.6346252       12.2600000        4.5352421        6.8190000       75.2138792
    2070       1       9    1995      137.6020000      218.3171019      100.6460000      153.0039039       11.3900000        4.5283911        6.9500000       75.0376148
    2071       2       9    1995      163.6460000      213.3287791      156.5500000      132.5071829       11.3900000        4.5218123        7.0830000       74.8667167
    2072       3       9    1995      132.7080000      213.1797109      115.9000000      125.7019076       10.9800000        4.5149654        7.7710000       74.5093446
    2073       4       9    1995      124.7830000      215.5391015       85.4030000      130.9935463       10.9800000        4.5107374        7.7710000       74.2872090
    2074       5       9    1995      112.6930000      219.6593435      144.1350000      137.2705701       11.8200000        4.5018751        7.7710000       73.8116487
    2075       6       9    1995       86.8260000      222.0520118      129.3920000      130.2687497       15.1900000        4.4941131       76.7240000       73.6102490
    2076       7       9    1995      188.3890000      228.2327531      118.1600000      122.3939712       21.9200000        4.4867047       53.0380000       73.4555727
    2077       8       9    1995      163.6460000      233.5297043      153.5530000      126.4408321       28.1100000        4.4798374       40.3490000       73.4803182
    2078       9       9    1995      131.1000000      237.8654318       95.1400000      129.7670066       27.2700000        4.4727634       40.1520000       73.1737411
    2079      10       9    1995      145.9900000      246.4544233      103.7410000      123.2137057       28.1100000        4.4656045       39.3710000       72.6895747
    2080      11       9    1995      134.3280000      246.1583162      129.7010000      124.4993806       23.3600000        4.4739854       38.0270000       73.3168453
    2081      12       9    1995      134.3280000      250.7742944       94.1800000      131.3425387       27.2700000        4.4613159       37.0850000       73.8412903
    2082      13       9    1995      290.3080000      254.4361876      111.8750000      126.8287639       24.8700000        4.4478993       36.1580000       73.5469896
    2083      14       9    1995      144.2890000      264.6842387      104.6680000      124.5427903       21.9200000        4.4399135       35.0640000       72.9283981
    2084      15       9    1995       97.2360000      269.4920050      116.4190000      123.8459790       18.6200000        4.4323592       33.2870000       72.3753444
    2085      16       9    1995      171.0420000      264.0829253      151.3330000      125.4376096       16.2700000        4.4250612       32.7650000       71.8559797
    2086      17       9    1995      176.7150000      257.0124868      143.4620000      126.5813680       13.6600000        4.4179173       32.0770000       71.4979059
    2087      18       9    1995      151.1630000      251.8501836       92.5980000      124.8566103       11.8200000        4.4111224       31.3980000       71.8404517
    2088      19       9    1995      117.1420000      390.6443023       76.0550000      123.0381097       10.5700000        4.4041077       26.5910000       71.9685990
    2089      20       9    1995       75.9320000      545.5935402       68.6380000      122.0662175        9.8000000        4.3970894       14.6840000       71.5682825
    2090      21       9    1995      142.6000000      441.1561173       80.8390000      122.0166950        9.4300000        4.3901267       13.5560000       71.0641278
    2091      22       9    1995      176.7150000      365.1628077       97.4970000      121.3093985       12.7200000        4.3832009       11.6460000       70.5317632
    2092      23       9    1995      186.4130000      318.7564135       75.2270000      120.1048040       13.1800000        4.3763012       11.4650000       70.0271332
    2093      24       9    1995      131.1000000      323.7060549       75.9000000      118.8898466       12.7200000        4.3694212       10.9320000       69.5397884
    2094      25       9    1995       91.9440000      359.6309930       70.9050000      117.8016591       14.1600000        4.3627572        7.3530000       69.0962236
    2095      26       9    1995       88.0890000      348.8036341       59.2500000      116.7686658       15.7200000        4.3566900        7.2850000       68.9503939
    2096      27       9    1995       75.9320000      317.2222462       51.6870000      115.7377716       15.1900000        4.3508727        7.2850000       68.8909163
    2097      28       9    1995       51.8900000      301.1247349       45.4830000      114.7226151       14.6700000        4.3435384        7.7710000       68.8510300
    2098      29       9    1995       65.8850000      302.5443299       46.0080000      113.7286662       14.1600000        4.3371963        7.4220000       68.7785003
    2099      30       9    1995       62.7200000      311.2829927       62.2410000      112.7520415       18.6200000        4.3507704        7.4910000       68.6061395
    2100       1      10    1995       44.7590000      309.5029798       36.5460000      111.8213087       12.2600000        4.3410001        7.3530000       69.3545665
    2101       2      10    1995       50.9640000      306.6577867       38.2150000      110.9116746       14.1600000        4.3379725        7.3530000       69.9760010
    2102       3      10    1995       36.7010000      301.8391731       30.4610000      109.9754249       15.1900000        4.3269378        7.1500000       70.5137339
    2103       4      10    1995       34.4650000      297.6872530       29.5450000      109.0386325       18.0100000        4.3363966        6.6250000       71.3840660
    2104       5      10    1995       30.9200000      295.0485016       31.4030000      108.1109828       19.2500000        4.3362826        8.3500000       71.5526172
    2105       6      10    1995       45.6160000      291.7462699       30.5580000      107.1935417       17.4200000        4.3070347        7.0160000       70.7109847
    2106       7      10    1995       28.9010000      288.8111564       28.8310000      106.2857576       16.8400000        4.3007806        7.0830000       70.0757228
    2107       8      10    1995       26.3320000      286.0805902       29.3990000      105.3870351       15.7200000        4.2913011        5.8230000       69.5386494
    2108       9      10    1995       23.9020000      283.2453658       29.2570000      104.4969533       14.6700000        4.2814551        5.7060000       69.0290092
    2109      10      10    1995       23.3160000      280.8201634       27.0320000      103.6152335       14.1600000        4.2750562        5.5900000       68.6451665
    2110      11      10    1995       22.1700000      279.3153608       23.7170000      102.7469195       13.1800000        4.2669002        4.8180000       68.0583704
    2111      12      10    1995       20.5140000      277.3199125       23.9340000      101.8840498       12.7200000        4.2587772        4.4590000       67.5863476
    2112      13      10    1995       20.5140000      274.4457092       23.6780000      101.0251874       10.9800000        4.2512616        4.4090000       67.1207540
    2113      14      10    1995       21.0570000      272.1425153       22.7950000      100.1746580        9.4300000        4.2446405        4.4090000       66.7646161
    2114      15      10    1995       20.5140000      271.0557595       24.9240000       99.3339604        8.7200000        4.2389664        4.3100000       66.3867694
    2115      16      10    1995       33.0200000      270.3416726       28.4870000       98.5084356        8.0500000        4.2345407        4.1640000       65.8836775
    2116      17      10    1995       37.4650000      271.7799309       26.3800000       97.7152528        7.4200000        4.2409233        4.2120000       65.6201509
    2117      18      10    1995       33.7380000      272.5069605       24.5170000       96.9288846        7.1200000        4.2444114        4.1640000       65.7960053
    2118      19      10    1995       21.6090000      267.9468015       23.7420000       96.1120842        7.1200000        4.2247478        4.0690000       64.5683059
    2119      20      10    1995       19.4510000      264.8063064       22.4840000       95.3010804        6.8300000        4.2139259        4.1160000       64.0435151
    2120      21      10    1995       19.4510000      261.9131852       20.9860000       94.4994939        6.8300000        4.2082540        4.0220000       63.8052316
    2121      22      10    1995       18.4210000      259.6892931       21.3460000       93.7068397        7.4200000        4.2180279        3.9280000       63.9030535
    2122      23      10    1995       17.4240000      258.0582717       20.7460000       92.9276890        7.1200000        4.2982009        3.9280000       64.1555851
    2123      24      10    1995       28.2460000      255.6773876       20.5380000       92.1554061        7.4200000        4.2747282        3.8360000       64.6613132
    2124      25      10    1995       20.5140000      253.1129174       20.0370000       91.3846334        7.7300000        4.2663792        3.7460000       65.1828425
    2125      26      10    1995       16.4600000      250.5100138       20.0370000       90.6214178        9.4300000        4.2502813        3.9750000       65.8861395
    2126      27      10    1995       15.5280000      247.9673190       19.5140000       89.8656124        9.0700000        4.2203578        4.0220000       66.2185534
    2127      28      10    1995       14.6270000      245.4732297       19.1130000       89.1169435        9.0700000        4.2004744        4.1160000       65.4529839
    2128      29      10    1995       14.6270000      243.0164631       18.2670000       88.3752174        8.7200000        4.1925586        4.2120000       64.9356788
    2129      30      10    1995       13.7580000      240.5907977       18.3220000       87.6402953        8.3800000        4.2207758        5.4750000       65.0422756
    2130      31      10    1995       13.3350000      238.3045562       18.4900000       86.9120712        8.0500000        4.4564593        5.3620000       73.5933351
    2131       1      11    1995       13.3350000      236.2204765       18.8670000       86.1904585        0.0000000        4.4279282        5.1400000       92.8445475
    2132       2      11    1995       16.9380000      234.1332837       21.9650000       85.4768415        0.0000000        4.3457060        4.9770000       83.2410919
    2133       3      11    1995       21.6090000      232.0875394       21.8960000       84.7703583        0.0000000        4.3010456        4.8180000       75.4057968
    2134       4      11    1995       14.6270000      229.7689043       20.3620000       84.0681138        0.0000000        4.2644290        4.7140000       73.1377300
    2135       5      11    1995       12.9190000      227.4570178       19.9200000       83.3719555        0.0000000        4.2390272        4.6100000       72.0309709
    2136       6      11    1995       12.9190000      225.1739261       19.4880000       82.6821720        0.0000000        4.2249447        4.6100000       71.2904575
    2137       7      11    1995       12.1120000      222.9227859       18.2130000       81.9986786        0.0000000        4.2905218        4.4090000       75.0683986
    2138       8      11    1995       11.7200000      220.6989665       18.4360000       81.3213877        0.0000000        4.2781461        4.4090000       82.3356708
    2139       9      11    1995       11.3350000      218.4998664       17.5540000       80.6502218        0.0000000        4.2385861        4.6620000       77.8440374
    2140      10      11    1995       10.5880000      216.3239960       19.2310000       79.9851117        0.0000000        4.2127857        4.5590000       74.6725466
    2141      11      11    1995       10.5880000      214.1704670       18.8850000       79.3259939        0.0000000        4.1950096        4.5090000       73.5486587
    2142      12      11    1995       10.2260000      212.0387133       18.6590000       78.6728082        0.0000000        4.1819156        4.4090000       72.8342605
    2143      13      11    1995        9.8710000      209.9283414       18.0450000       78.0254966        0.0000000        4.1877543        4.2120000       73.3469480
    2144      14      11    1995        9.8710000      207.8390492       18.2110000       77.3840027        0.0000000        4.1923689        4.2610000       74.9641068
    2145      15      11    1995        9.8710000      205.7705830       17.9340000       76.7482707        0.0000000        4.1893888        4.4090000       76.1701644
    2146      16      11    1995        9.1830000      203.7227148       17.5810000       76.1182461        0.0000000        4.1810012        4.1640000       75.9548472
    2147      17      11    1995        9.1830000      201.6952304       15.8020000       75.4938746        0.0000000        4.1646835        3.9280000       75.1677241
    2148      18      11    1995        8.5240000      199.6879231       15.2860000       74.8751029        0.0000000        4.1524583        3.9280000       74.6002963
    2149      19      11    1995        8.5240000      197.7005911       14.8830000       74.2618779        0.0000000        4.2180128        3.9280000       75.2290895
    2150      20      11    1995        8.5240000      195.7330354       15.1600000       73.6541473        0.0000000        4.2890216        3.9280000       76.7079318
    2151      21      11    1995        8.2050000      193.7850596       14.7840000       73.0518592        0.0000000        4.3913943        3.7460000       78.6979285
    2152      22      11    1995        7.8930000      191.8564691       15.5410000       72.4549621        0.0000000        4.4597213        3.7010000       82.3278307
    2153      23      11    1995        8.2050000      189.9470715       15.3870000       71.8634054        0.0000000        4.4710644        3.6560000       83.4189413
    2154      24      11    1995        7.8930000      188.0566760       15.2350000       71.2771385        0.0000000        4.4113411        3.8820000       85.6674617
    2155      25      11    1995        7.5890000      186.1850937       14.6590000       70.6961115        0.0000000        4.3489355        4.0220000       90.9539817
    2156      26      11    1995        7.2910000      184.3326618       14.6090000       70.1202752        0.0000000        4.3062114        4.1160000       87.4269584
    2157      27      11    1995        7.2910000      182.4988942       13.9490000       69.5495804        0.0000000        4.2609205        4.3100000       84.0378441
    2158      28      11    1995        7.0010000      180.6828156       13.2560000       68.9839789        0.0000000        4.3535100        4.3100000       88.7824541
    2159      29      11    1995        6.7170000      178.8846207       13.1150000       68.4234225        0.0000000        4.3831210        4.6620000      104.8728796
    2160      30      11    1995        6.1700000      177.1043252       13.5640000       67.8678639        0.0000000        4.3146217        4.5090000       94.4671853
    2161       1      12    1995        6.1700000      175.3417478       13.1620000       67.3172558        0.0000000        4.2695289        3.7460000       88.7811618
    2162       2      12    1995        6.1700000      173.5967113       13.5640000       66.7715518        0.0000000        4.2396350        3.6560000       87.6001252
    2163       3      12    1995        6.1700000      171.8690406       13.9480000       66.2307057        0.0000000        4.2194590        3.5680000       86.7296390
    2164       4      12    1995        5.9070000      170.1585632       13.2800000       65.6946717        0.0000000        4.2049521        3.5250000       85.9395709
    2165       5      12    1995        5.6500000      168.4651080       13.0680000       65.1634047        0.0000000        4.1937547        3.4390000       85.2170463
    2166       6      12    1995        5.6500000      166.7885058       13.2790000       64.6368597        0.0000000        4.1844913        3.2300000       84.5357402
    2167       7      12    1995        5.4000000      165.1285892       12.9520000       64.1149924        0.0000000        4.1773318        3.1890000       83.8790848
    2168       8      12    1995        5.4000000      163.4851922       12.2870000       63.5977589        0.0000000        4.1698576        3.1480000       83.2385839
    2169       9      12    1995        5.1570000      161.8581504       11.7500000       63.0851156        0.0000000        4.1624875        3.2300000       82.6095279
    2170      10      12    1995        5.1570000      160.2473012       11.4430000       62.5770193        0.0000000        4.1554732        3.2300000       81.9891429
    2171      11      12    1995        5.1570000      158.6524838       11.5300000       62.0734275        0.0000000        4.1486708        3.3120000       81.3758675
    2172      12      12    1995        5.1570000      157.0735871       11.6400000       61.5743101        0.0000000        4.1419962        3.2300000       80.7691333
    2173      13      12    1995        6.7170000      155.5105020       12.7910000       61.0796399        0.0000000        4.1354005        3.2300000       80.1684392
    2174      14      12    1995        5.9070000      153.9630074       16.3400000       60.5893371        0.0000000        4.1288550        3.1480000       79.5725459
    2175      15      12    1995        5.6500000      152.4308780       14.4220000       60.1033565        0.0000000        4.1223431        3.0680000       78.9817514
    2176      16      12    1995        5.9070000      150.9139045       13.2340000       59.6216646        0.0000000        4.1158550        3.0680000       78.3962007
    2177      17      12    1995        5.9070000      149.4124583       12.8370000       59.1442509        0.0000000        4.1277233        3.0680000       78.5623495
    2178      18      12    1995        6.1700000      147.9262587       13.4000000       58.6710904        0.0000000        4.1421760        3.0680000       79.3830927
    2179      19      12    1995        5.6500000      146.4544734       12.2670000       58.2021222        0.0000000        4.1392608        3.0290000       78.4717956
    2180      20      12    1995        5.6500000      144.9975658       12.0170000       57.7373423        0.0000000        4.1174647        2.9890000       77.7306146
    2181      21      12    1995        5.6500000      143.5552582       12.6300000       57.2766883        0.0000000        4.1036226        3.0680000       77.0446533
    2182      22      12    1995        5.6500000      142.1274359       13.2800000       56.8201648        0.0000000        4.0928785        3.0680000       76.4284834
    2183      23      12    1995        5.6500000      140.7135276       13.2800000       56.3676161        0.0000000        4.0839451        3.0680000       75.8391712
    2184      24      12    1995        7.0010000      139.3133610       12.6300000       55.9189335        0.0000000        4.0760717        3.1480000       75.2661404
    2185      25      12    1995        6.1700000      137.9269477       12.0390000       55.4741541        0.0000000        4.0722949        3.2300000       74.9042737
    2186      26      12    1995        5.1570000      136.5542858       12.2640000       55.0332749        0.0000000        4.0924642        3.3120000       74.8969302
    2187      27      12    1995        5.1570000      135.1952794       12.4020000       54.5962671        0.0000000        4.0847968        3.3120000       73.8029916
    2188      28      12    1995        5.1570000      133.8497949       11.5100000       54.1631004        0.0000000        4.0701663        3.1890000       73.2154669
    2189      29      12    1995        4.9200000      132.5176982       11.9960000       53.7337402        0.0000000        4.0572966        3.1480000       72.6848985
    2190      30      12    1995        4.9200000      131.1988656       11.5100000       53.3081409        0.0000000        4.0474447        3.0680000       72.1465746
    2191      31      12    1995        4.6900000      129.8932060       12.1350000       52.8862713        0.0000000        4.0390605        2.9890000       71.6132981
    2192       1       1    1996        4.6900000      128.6006876       10.4700000       52.4680980        0.0000000        4.0315363        2.0770000       71.0866438
    2193       2       1    1996        4.4660000      127.3216439       10.0720000       52.0535884        0.0000000        4.0245179        2.0770000       70.5656416
    2194       3       1    1996        4.4660000      126.0560639       10.1740000       51.6427102        0.0000000        4.0177987        2.0160000       70.0497025
    2195       4       1    1996        4.2490000      124.8019110       10.1740000       51.2354247        0.0000000        4.0112582        2.0460000       69.5384799
    2196       5       1    1996        4.0380000      123.5598612       10.0720000       50.8316990        0.0000000        4.0066076        1.9550000       69.0339682
    2197       6       1    1996        3.8330000      122.3301729       10.2360000       50.4315011        0.0000000        4.0156724        1.9550000       69.3525812
    2198       7       1    1996        3.8330000      121.1127243       10.5470000       50.0347983        0.0000000        4.0092225        1.8950000       68.4132289
    2199       8       1    1996        3.8330000      119.9073910       10.0130000       49.6415583        0.0000000        3.9958829        1.8950000       67.6862701
    2200       9       1    1996        3.8330000      118.7140518        9.2950000       49.2517488        0.0000000        3.9876242        2.0460000       67.1069498
    2201      10       1    1996        3.8330000      117.5325872        8.9080000       48.8653380        0.0000000        3.9804713        2.1720000       66.6187181
    2202      11       1    1996        3.8330000      116.3628794        8.5300000       48.4822942        0.0000000        3.9747115        2.0160000       66.2556921
    2203      12       1    1996        3.8330000      115.2048118        8.4370000       48.1025862        0.0000000        3.9888007        1.9550000       66.3749697
    2204      13       1    1996        3.8330000      114.0582687        8.2340000       47.7261830        0.0000000        3.9863227        1.9550000       65.2488768
    2205      14       1    1996        3.6350000      112.9231357        8.3820000       47.3530539        0.0000000        3.9692563        1.9550000       64.7573668
    2206      15       1    1996        3.4420000      111.7992994        8.7940000       46.9831685        0.0000000        3.9573788        1.9550000       64.2870135
    2207      16       1    1996        3.4420000      110.6866476        8.4750000       46.6164966        0.0000000        3.9484233        2.0160000       63.8221869
    2208      17       1    1996        3.4420000      109.5850690        7.9640000       46.2530085        0.0000000        3.9406258        1.9850000       63.3655669
    2209      18       1    1996        3.4420000      108.4944535        7.1410000       45.8926746        0.0000000        3.9335077        1.9550000       62.9154935
    2210      19       1    1996        3.4420000      107.4147007        6.7700000       45.5354657        0.0000000        3.9267899        1.9550000       62.4803401
    2211      20       1    1996        3.0760000      106.3457152        6.3960000       45.1813719        0.0000000        3.9203097        1.8950000       62.0188278
    2212      21       1    1996        3.2560000      105.2873490        6.0170000       44.8303917        0.0000000        3.9139721        1.8660000       61.5744212
    2213      22       1    1996        3.4420000      104.2395412        5.5770000       44.4824162        0.0000000        3.9157896        1.8370000       61.1364174
    2214      23       1    1996        3.0760000      103.2022477        4.8150000       44.1374293        0.0000000        3.9089214        2.0160000       60.7046003
    2215      24       1    1996        3.0760000      102.1751949        4.5670000       43.7954191        0.0000000        3.9000966        1.9550000       60.2731033
    2216      25       1    1996        3.0760000      101.1583293        4.6750000       43.4563676        0.0000000        3.8926704        1.7800000       59.8438214
    2217      26       1    1996        3.0760000      100.1515817        4.5400000       43.1202513        0.0000000        3.8857999        2.0160000       59.4182271
    2218      27       1    1996        3.0760000       99.1548526        4.4600000       42.7870282        0.0000000        3.8792575        1.8950000       58.9962460
    2219      28       1    1996        3.0760000       98.1680423        4.1990000       42.4566743        0.0000000        3.8729105        1.9550000       58.5778360
    2220      29       1    1996        3.0760000       97.1910525        4.4470000       42.1291663        0.0000000        3.8666815        1.8950000       58.1628799
    2221      30       1    1996        3.0760000       96.2237856        4.4070000       41.8044789        0.0000000        3.8605253        1.7520000       57.7513475
    2222      31       1    1996        3.0760000       95.2661449        4.3150000       41.4825862        0.0000000        3.8544156        1.8950000       57.3432146
    2223       1       2    1996        3.0760000       94.3180346        4.3020000       41.1634626        0.0000000        3.8483369        1.8950000       56.9386144
    2224       2       2    1996        2.9010000       93.3793601        4.3550000       40.8470826        0.0000000        3.8422803        1.8950000       56.5371960
    2225       3       2    1996        2.7330000       92.4500274        4.6480000       40.5334209        0.0000000        3.8362405        1.9550000       56.1390368
    2226       4       2    1996        2.7330000       91.5299436        4.5140000       40.2224525        0.0000000        3.8302144        2.0160000       55.7441550
    2227       5       2    1996        2.7330000       90.6190167        4.3280000       39.9141525        0.0000000        3.8242003        1.9550000       55.3527664
    2228       6       2    1996        2.7330000       89.7171555        4.3150000       39.6084965        0.0000000        3.8181971        1.8950000       55.0627235
    2229       7       2    1996        2.7330000       88.8242735        4.3810000       39.3054648        0.0000000        3.8122041        1.9850000       54.5807038
    2230       8       2    1996        2.7330000       87.9402865        4.3020000       39.0050380        0.0000000        3.8062211        2.0160000       54.1984719
    2231       9       2    1996        2.7330000       87.0650894        4.1990000       38.7071760        0.0000000        3.8002477        1.9550000       53.8193970
    2232      10       2    1996        2.7330000       86.1985986        4.0840000       38.4118569        0.0000000        3.7943969        1.8950000       53.4434594
    2233      11       2    1996        2.5710000       85.3407310        3.8960000       38.1190608        0.0000000        3.7884655        1.8660000       53.0706132
    2234      12       2    1996        2.5710000       84.4914008        3.7250000       37.8287653        0.0000000        3.7824803        1.8370000       52.7008203
    2235      13       2    1996        2.4140000       83.6505233        3.7010000       37.5409478        0.0000000        3.7765446        1.8950000       52.3342752
    2236      14       2    1996        2.4140000       82.8180142        3.6770000       37.2555856        0.0000000        3.7706043        1.9550000       51.9706157
    2237      15       2    1996        2.4140000       81.9937904        3.5340000       36.9726563        0.0000000        3.7646726        3.5250000       51.6097483
    2238      16       2    1996        2.4140000       81.1777695        3.5110000       36.6921374        0.0000000        3.7587563        2.7980000       51.2518862
    2239      17       2    1996        2.1180000       80.3698698        3.5110000       36.4140070        0.0000000        3.7530055        2.7240000       50.9311302
    2240      18       2    1996        1.8440000       79.5700104        3.4870000       36.1382432        0.0000000        3.7704995        2.6140000       51.9110764
    2241      19       2    1996        1.8440000       78.7781114        3.3260000       35.8648241        0.0000000        3.7441159        2.4040000       50.4521082
    2242      20       2    1996        1.8440000       77.9940936        3.1470000       35.5937285        0.0000000        3.7364838        3.2710000       49.8650245
    2243      21       2    1996        1.8440000       77.2178785        3.0370000       35.3249349        0.0000000        3.7302894        2.7610000       49.5151970
    2244      22       2    1996        1.8440000       76.4493884        3.2810000       35.0584223        0.0000000        3.7242426        2.6500000       49.1739741
    2245      23       2    1996        1.7160000       75.6885466        3.3030000       34.7941699        0.0000000        3.7183159        1.8370000       48.8356678
    2246      24       2    1996        1.7160000       74.9352790        3.1040000       34.5321568        0.0000000        3.7125255        6.5610000       48.5001528
    2247      25       2    1996        1.7160000       74.1895146        2.6810000       34.2723627        0.0000000        3.7066430        2.9120000       48.1673757
    2248      26       2    1996        1.7160000       73.4511698        2.5000000       34.0147673        0.0000000        3.7008533        2.7240000       47.8372967
    2249      27       2    1996        1.7160000       72.7201684        2.4710000       33.7593504        0.0000000        3.6952867        1.8950000       47.5099893
    2250      28       2    1996        1.7160000       71.9964413        2.4130000       33.5060922        0.0000000        3.6894521        1.9550000       47.1852390
    2251      29       2    1996        1.5930000       71.2799166        2.4130000       33.2549729        0.0000000        3.6835531        7.7710000       46.8630571
    2252       1       3    1996        1.5930000       70.5705231        2.4610000       33.0059731        0.0000000        3.6777227        2.6140000       46.5435997
    2253       2       3    1996        1.5930000       69.8681905        2.4220000       32.7590733        0.0000000        3.6719328        2.4730000       46.2266488
    2254       3       3    1996        1.3620000       69.1728468        2.4610000       32.5142544        0.0000000        3.6661690        2.2040000       45.9121407
    2255       4       3    1996        1.3620000       68.4844279        2.4030000       32.2714977        0.0000000        3.6603946        1.8660000       45.6001601
    2256       5       3    1996        1.3620000       67.8028748        2.3270000       32.0307845        0.0000000        3.6546476        1.7800000       45.2906888
    2257       6       3    1996        1.3620000       67.1281009        2.2610000       31.7920958        0.0000000        3.6489014        1.7800000       44.9836851
    2258       7       3    1996        1.4750000       66.4600307        2.2520000       31.5554128        0.0000000        3.6431644        1.7240000       44.6791971
    2259       8       3    1996        1.5930000       65.7986133        2.2430000       31.3207181        0.0000000        3.6374410        1.7520000       44.3772502
    2260       9       3    1996        1.5930000       65.1437839        2.1880000       31.0879939        0.0000000        3.6317292        1.7800000       44.0775761
    2261      10       3    1996        1.3620000       64.4954622        2.1970000       30.8572208        0.0000000        3.6260279        1.7240000       43.7802102
    2262      11       3    1996        1.3620000       63.8535900        2.3080000       30.6283814        0.0000000        3.6203364        1.6150000       43.4852205
    2263      12       3    1996        1.2550000       63.2181053        2.3080000       30.4014584        0.0000000        3.6146544        1.6150000       43.1925805
    2264      13       3    1996        1.2550000       62.5889448        2.1970000       30.1764343        0.0000000        3.6089816        1.6690000       42.9022662
    2265      14       3    1996        1.1530000       61.9660457        2.1970000       29.9532921        0.0000000        3.6033179        1.7240000       42.6142716
    2266      15       3    1996        1.1530000       61.3493456        2.3080000       29.7320147        0.0000000        3.5976760        1.8080000       42.3286293
    2267      16       3    1996        1.1530000       60.7387830        2.3080000       29.5125851        0.0000000        3.5920296        1.8370000       42.0452305
    2268      17       3    1996        1.0560000       60.1342968        2.1790000       29.2949866        0.0000000        3.5864046        1.7800000       41.7640291
    2269      18       3    1996        1.0560000       59.5358265        2.0710000       29.0792026        0.0000000        3.5807841        1.7800000       41.4851335
    2270      19       3    1996        1.0560000       58.9433124        2.1610000       28.8652166        0.0000000        3.5752182        1.8370000       41.8605401
    2271      20       3    1996        1.0560000       58.3567588        2.1610000       28.6530296        0.0000000        3.5798953        1.9850000       43.3366787
    2272      21       3    1996        1.0560000       57.7783823        2.0530000       28.4426754        0.0000000        3.6027623        2.4040000       41.8323691
    2273      22       3    1996        1.5930000       57.2189851        2.0350000       28.2343126        0.0000000        3.5622464        2.3360000       40.8653101
    2274      23       3    1996        1.9780000       56.6710345        2.4040000       28.0285688        0.0000000        3.5570369        2.2040000       40.2608701
    2275      24       3    1996       15.5280000       56.1441389        5.2960000       27.8269526        0.0000000        3.6311340        2.0770000       41.7466644
    2276      25       3    1996       30.9200000       55.6796250        7.7310000       27.6336420        0.0000000        3.5603571        1.9250000       40.6363816
    2277      26       3    1996       22.7390000       55.2287793        7.4850000       27.4420138        0.0000000        3.5800454       16.6530000       41.2917358
    2278      27       3    1996       11.3350000       54.6983135       14.4980000       27.2436795        0.0000000        3.5491843       87.4380000       39.9325205
    2279      28       3    1996        5.1570000       54.1498554        7.2240000       27.0458722        0.0000000        3.5377985       79.9970000       39.6909484
    2280      29       3    1996        4.0380000       53.6247820        4.6670000       26.8539589        0.0000000        3.6164897       43.1660000       40.8927579
    2281      30       3    1996        3.0760000       53.1251426        3.1160000       26.6651975        0.0000000        3.5585890       36.3420000       39.2578465
    2282      31       3    1996        2.9010000       52.5974924        2.5800000       26.4742130        0.0000000        3.5440374       36.3420000       39.0023889
    2283       1       4    1996        2.7330000       52.0720439        2.7210000       26.2836520        0.0000000        3.5983005       20.6720000       39.1249102
    2284       2       4    1996        2.4140000       51.5530711        2.8490000       26.0968765        0.0000000        3.5753268       16.4270000       38.9415551
    2285       3       4    1996        2.4140000       51.0444145        4.9500000       25.9099440        0.0000000        3.5472508       15.6500000       38.4273188
    2286       4       4    1996        2.4140000       50.5514303        4.9530000       25.7234830        0.0000000        3.5297041       15.8690000       38.1396364
    2287       5       4    1996        2.4140000       50.0607082        4.4630000       25.5388212        0.0000000        3.5183737       15.8690000       37.8845831
    2288       6       4    1996        2.4140000       49.5721910        3.7060000       25.3551032        0.0000000        3.5260694       15.8690000       37.6787122
    2289       7       4    1996        2.1180000       49.0809687        3.0180000       25.1725999        0.0000000        3.5491718       31.3980000       37.6546811
    2290       8       4    1996        2.1180000       48.5928266        2.7000000       24.9923225        0.0000000        3.5810407        7.2850000       38.9041968
    2291       9       4    1996        1.9780000       48.1090814        2.7620000       24.8130463        0.0000000        3.5506670        7.0160000       37.4008100
    2292      10       4    1996        1.7160000       47.6301585        2.5810000       24.6345165        0.0000000        3.5254360        5.4750000       37.0486762
    2293      11       4    1996        1.5930000       47.1560885        2.0820000       24.4572238        0.0000000        3.5084411        5.0310000       36.7715194
    2294      12       4    1996        1.3620000       46.6867756        1.8640000       24.2813471        0.0000000        3.4991031        4.6100000       36.5112980
    2295      13       4    1996        1.3620000       46.2228545        1.8560000       24.1069102        0.0000000        3.4893688        3.7460000       36.2624269
    2296      14       4    1996        1.1530000       45.7656327        1.6530000       23.9339309        0.0000000        3.4855538        3.5250000       36.0387183
    2297      15       4    1996        1.1530000       45.3145057        1.5440000       23.7624212        0.0000000        3.5209288        3.3540000       37.0612770
    2298      16       4    1996        1.1530000       44.8671034        1.6370000       23.5923993        0.0000000        3.6038021        3.0680000       37.5171956
    2299      17       4    1996        1.1530000       44.4213871        1.7320000       23.4237071        0.0000000        3.5803325        2.9510000       36.9535776
    2300      18       4    1996        1.1530000       43.9792773        1.7260000       23.2563053        0.0000000        3.5383987        2.7240000       36.4403481
    2301      19       4    1996        1.1530000       43.5415851        2.1360000       23.0902381        0.0000000        3.5205277        2.7240000       36.1112226
    2302      20       4    1996        1.1530000       43.1082651        1.9590000       22.9255148        0.0000000        3.5091560        2.7610000       35.8440821
    2303      21       4    1996        1.0560000       42.6792606        1.6460000       22.7621679        0.0000000        3.4908486        2.7980000       35.5697931
    2304      22       4    1996        1.0560000       42.2545680        1.4180000       22.6002082        0.0000000        3.4773529        2.6870000       35.2935592
    2305      23       4    1996        1.1530000       41.8358197        1.4120000       22.4396679        0.0000000        3.4672202        4.1160000       35.0391156
    2306      24       4    1996        2.1180000       41.4653374        2.0510000       22.2810422        0.0000000        3.4590521        3.4820000       34.8066144
    2307      25       4    1996       11.3350000       41.2863302        3.9150000       22.1238967        0.0000000        3.4520331        3.1890000       34.5817406
    2308      26       4    1996        6.1700000       41.1315864        6.0300000       21.9675771        0.0000000        3.4456878       14.5800000       34.3953265
    2309      27       4    1996       12.9190000       41.0418385        6.4690000       21.8130215        0.0000000        3.4426019        6.8190000       34.5175129
    2310      28       4    1996       15.9900000       41.0536342        7.9410000       21.6650023        0.0000000        3.4400523        6.5610000       34.3329245
    2311      29       4    1996        9.8710000       41.4584510        7.0520000       21.5338018        0.0000000        3.4329936        2.8360000       34.0205981
    2312      30       4    1996       20.5140000       41.3653680       11.2270000       21.3978973        0.0000000        3.4262228        2.8360000       33.7473632
    2313       1       5    1996        6.7170000       40.8572757        6.1750000       21.2502454        0.0000000        3.4283823      -99.0000000       33.7044618
    2314       2       5    1996        4.4660000       40.3805337        4.4930000       21.0999570        0.0000000        3.4341522      -99.0000000       33.4109640
    2315       3       5    1996        3.8330000       39.9915224        3.5860000       20.9505758        0.0000000        3.4350486      -99.0000000       34.0488784
    2316       4       5    1996        3.0760000       39.6558499        3.1160000       20.8026307        0.0000000        3.4408888      -99.0000000       33.3583459
    2317       5       5    1996        3.0760000       39.3825493        2.7230000       20.6560838        0.0000000        3.4230517      -99.0000000       33.0214202
    2318       6       5    1996        2.7330000       39.3442376        3.0960000       20.5108389        0.0000000        3.4109239      -99.0000000       32.9885699
    2319       7       5    1996        2.5710000       39.3980133        2.4270000       20.3668253        0.0000000        3.4016311      -99.0000000       33.0234529
    2320       8       5    1996        2.4140000       39.9011202        2.1970000       20.2244830        0.0000000        3.3945151      -99.0000000       32.8344805
    2321       9       5    1996        5.6500000       41.0840323        2.1250000       20.0859516        0.0000000        3.3879992      -99.0000000       32.4941842
    2322      10       5    1996        5.1570000       41.8671965        1.7590000       19.9535885        0.0000000        3.3875767      -99.0000000       32.3007580
    2323      11       5    1996        9.8710000       42.5283126        2.0790000       19.8216396        0.0000000        3.3870942      -99.0000000       32.3765040
    2324      12       5    1996       10.5880000       43.2896802        6.8600000       19.6859578        0.0000000        3.3810946      -99.0000000       32.4873589
    2325      13       5    1996        5.6500000       42.8327867        4.8460000       19.5489630        0.0000000        3.3805850      -99.0000000       32.6066328
    2326      14       5    1996        4.4660000       43.1756843        3.0830000       19.4136560        0.0000000        3.3792003      -99.0000000       32.6318730
    2327      15       5    1996        4.6900000       48.7016709        2.3860000       19.2923381        0.0000000        3.3777435      -99.0000000       32.9610014
    2328      16       5    1996        6.4400000       65.7876277        2.3430000       19.3015167        0.0000000        3.3672793      -99.0000000       32.4924437
    2329      17       5    1996       35.9470000       72.8382076        3.5140000       19.6794613        0.0000000        3.3575632      -99.0000000       32.2813526
    2330      18       5    1996        9.1830000       66.5348711        5.6030000       19.9556263        0.0000000        3.3641509      -99.0000000       32.9860487
    2331      19       5    1996       22.7390000       64.4013295        9.2200000       20.3096572        0.0000000        3.4515938      -99.0000000       34.4189723
    2332      20       5    1996       35.2020000       69.2880220       20.5660000       21.1407551        0.0000000        3.5231475      -99.0000000       34.9780926
    2333      21       5    1996       29.5650000       74.7060708       16.7350000       21.6797009        0.0000000        3.5233334      -99.0000000       35.0565091
    2334      22       5    1996       31.6110000       77.3893981       19.0990000       21.8596318        0.0000000        3.7112583      -99.0000000       36.5880679
    2335      23       5    1996       26.3320000       77.6634309       18.0150000       22.3294187        0.0000000        3.7355824      -99.0000000       36.0957507
    2336      24       5    1996       42.2430000       87.8852660        9.7130000       22.5619153        0.0000000        3.7200448      -99.0000000       36.7895407
    2337      25       5    1996       35.9470000       93.7394634       11.7850000       22.6393218        0.0000000        3.8174072      -99.0000000       39.6744511
    2338      26       5    1996      101.3190000       91.8947830       10.3010000       22.5508802        0.0000000        3.7927466      -99.0000000       47.5944978
    2339      27       5    1996       21.0570000       84.7411592       24.5290000       22.3670603        0.0000000        3.6996448      -99.0000000       43.5291214
    2340      28       5    1996       14.6270000       83.2583948       12.7640000       22.3207962        0.0000000        3.6293527      -99.0000000       40.4758991
    2341      29       5    1996       28.9010000       84.4233448        6.0710000       22.3070540        0.0000000        3.6075551      -99.0000000       39.5642990
    2342      30       5    1996       25.7120000       85.0058595        8.0970000       22.4266598        0.0000000        3.6221700      -99.0000000       39.6330329
    2343      31       5    1996       70.2470000       85.6032212       18.4020000       22.8230249        0.0000000        3.5918113      -99.0000000       39.2086531
    2344       1       6    1996       25.1000000       86.8936640       12.7980000       23.0318762        0.0000000        3.5450449      -99.0000000       39.6005877
    2345       2       6    1996       14.6270000       88.7990077       11.5330000       22.9642059        0.0000000        3.5221595      -99.0000000       40.1549687
    2346       3       6    1996       35.2020000       95.8291580        6.4570000       23.1244813        0.0000000        3.5037085      -99.0000000       40.9331170
    2347       4       6    1996       43.9110000       98.1919703       13.2990000       23.9551443        0.0000000        3.4878618      -99.0000000       41.1245993
    2348       5       6    1996       16.9380000      103.6515937       12.4330000       26.7914777        0.0000000        3.4759303      -99.0000000       40.6776945
    2349       6       6    1996       99.9470000      112.8456554       66.0770000       38.8161132        0.0000000        3.4667091      -99.0000000       40.2902194
    2350       7       6    1996       46.4840000      114.4664332       56.3000000       46.4941882        0.0000000        3.4590719      -99.0000000       39.9577162
    2351       8       6    1996       81.8780000      112.3991364       55.5120000       45.4974273        0.0000000        3.4523621      -99.0000000       40.3579434
    2352       9       6    1996       74.7740000      114.7784305       44.3190000       46.9421084        0.0000000        3.4620388      -99.0000000       41.6707528
    2353      10       6    1996      115.6470000      128.2687569       57.5620000       50.1730954        0.0000000        3.4733859      -99.0000000       42.0339642
    2354      11       6    1996       62.7200000      142.4488668       75.9370000       66.6078060        0.0000000        3.4574061      -99.0000000       42.0322385
    2355      12       6    1996       33.0200000      133.2492304       62.2260000       65.1682401        0.0000000        3.4518806      -99.0000000       41.7227020
    2356      13       6    1996       88.0890000      127.7092293      107.1430000       54.1137873        0.0000000        3.4472655      -99.0000000       41.5599037
    2357      14       6    1996       80.6680000      130.1512498      113.2800000       52.1685653        0.0000000        3.4574591      -99.0000000       41.4229369
    2358      15       6    1996       99.9470000      131.9479800       59.7660000       51.0795337        0.0000000        3.4785217      -99.0000000       41.1926343
    2359      16       6    1996       91.9440000      131.5842620       43.9980000       50.3010171        0.0000000        3.4540300      -99.0000000       40.9156900
    2360      17       6    1996       77.1000000      132.4065355       56.2700000       50.2017480        0.0000000        3.4376443      -99.0000000       40.6191761
    2361      18       6    1996       73.6270000      135.8968750       56.2720000       52.3291685        0.0000000        3.4258553      -99.0000000       40.3341351
    2362      19       6    1996      109.7820000      142.5543602       51.6780000       58.5553646        0.0000000        3.4167499      -99.0000000       40.0590570
    2363      20       6    1996      126.3450000      142.3147931       71.9280000       57.5608221        0.0000000        3.4268758      -99.0000000       39.8016833
    2364      21       6    1996       80.6680000      142.9190059       41.4080000       57.1464101        0.0000000        3.4339453      -99.0000000       39.5720788
    2365      22       6    1996      132.7080000      164.3036375       67.6650000       56.7554114        0.0000000        3.4176857      -99.0000000       39.3751654
    2366      23       6    1996      109.7820000      216.5904645       67.5160000       57.2335142        0.0000000        3.4059831      -99.0000000       39.2304132
    2367      24       6    1996       98.5860000      211.9577244       59.5550000       63.6090294        0.0000000        3.3969409      -99.0000000       39.1459132
    2368      25       6    1996       93.2510000      183.0896774      120.5420000       90.8383020        0.0000000        3.4476971      -99.0000000       39.4635381
    2369      26       6    1996      102.7020000      169.3957011       83.7240000      104.4348150        0.0000000        3.4591839      -99.0000000       39.9081830
    2370      27       6    1996      190.3770000      169.3046868       55.3800000       91.8262383        0.0000000        3.4340096      -99.0000000       39.9940901
    2371      28       6    1996       98.5860000      168.9633328       55.8850000       76.7863888        0.0000000        3.4309202      -99.0000000       39.9045212
    2372      29       6    1996       78.2790000      168.8405672       47.8480000       71.6588573        0.0000000        3.4153346      -99.0000000       39.6231545
    2373      30       6    1996      172.9210000      170.1338652       58.6000000       69.7219518        0.0000000        3.3985800      -99.0000000       39.3064809
    2374       1       7    1996       95.8970000      176.7640672       52.1940000       68.9217139        3.6600000        3.3863269      -99.0000000       39.0081554
    2375       2       7    1996       84.3310000      177.3089404       88.9040000       68.5764617        4.0200000        3.3769772      -99.0000000       38.7293535
    2376       3       7    1996      258.2040000      178.8430131       80.1060000       68.6326610        3.8300000        3.3696006      -99.0000000       38.4624220
    2377       4       7    1996      244.1260000      187.0385286       61.5110000       69.4333897        3.4800000        3.3629377      -99.0000000       38.2029205
    2378       5       7    1996      364.1590000      209.6098895       66.6600000       70.6318258        3.3200000        3.3631796      -99.0000000       37.9569813
    2379       6       7    1996      213.0620000      218.6912078      174.1770000       74.0910664        3.3200000        3.3632933      -99.0000000       37.7438153
    2380       7       7    1996      121.6920000      211.9885688      145.6500000       79.7498513        3.1600000        3.3538884      -99.0000000       37.5228703
    2381       8       7    1996      221.6850000      205.8910097       93.6690000       83.7581266        3.1600000        3.3461039      -99.0000000       37.2851744
    2382       9       7    1996      137.6020000      201.5845180      140.0460000       85.3210763        3.6600000        3.3393822      -99.0000000       37.0710894
    2383      10       7    1996      131.1000000      200.3908831      152.7650000       83.6815209        3.4800000        3.3405202      -99.0000000       37.1545486
    2384      11       7    1996      102.7020000      213.3705737      107.7250000       88.0593951        4.6200000        3.3473336      -99.0000000       37.8841361
    2385      12       7    1996      226.0720000      228.5102496      171.4470000       93.9619078        8.0500000        3.3876927      -99.0000000       37.6581728
    2386      13       7    1996      200.5030000      225.1213352      261.1650000       99.0975517        8.7200000        3.3711406      -99.0000000       37.4575419
    2387      14       7    1996      192.3780000      216.6100109      257.7840000       98.5294371        7.7300000        3.3531582      -99.0000000       37.2585358
    2388      15       7    1996      300.6320000      217.5885276      243.7680000       96.6069252        7.1200000        3.3588269      -99.0000000       37.2224477
    2389      16       7    1996      313.8370000      221.0466386      226.6760000      102.5476969        6.8300000        3.3798970      -99.0000000       37.1992444
    2390      17       7    1996      267.8470000      230.5773836      220.9190000      116.6233545        9.0700000        3.3846126      -99.0000000       37.5606913
    2391      18       7    1996      263.0000000      230.3455772      182.9790000      141.0064592       11.3900000        3.3592706      -99.0000000       37.7408616
    2392      19       7    1996      226.0720000      233.8281720      125.3580000      171.8006089       14.6700000        3.3532961      -99.0000000       37.5949494
    2393      20       7    1996      277.6990000      231.2399630      105.1530000      161.7783151       11.8200000        3.3484029      -99.0000000       37.4608819
    2394      21       7    1996      192.3780000      229.4921332      103.3200000      141.8379739        8.0500000        3.3364005      -99.0000000       37.3496890
    2395      22       7    1996      163.6460000      230.6611756      107.1850000      126.4753353        7.7300000        3.3298932      -99.0000000       37.7924460
    2396      23       7    1996      204.6400000      232.7192531      124.9650000      120.4287585        7.4200000        3.3160294      -99.0000000       38.0412931
    2397      24       7    1996      237.2600000      234.6326807      325.3550000      118.1581707        7.1200000        3.3057103      -99.0000000       37.7147795
    2398      25       7    1996      244.1260000      237.9932105      364.7980000      119.1686947        8.3800000        3.2975392      -99.0000000       37.4153391
    2399      26       7    1996      182.4970000      235.7031225      351.2550000      117.9305940        7.7300000        3.2906241      -99.0000000       37.1394986
    2400      27       7    1996      121.6920000      233.4910175      265.6630000      116.9230196        7.1200000        3.2844450      -99.0000000       36.8827808
    2401      28       7    1996       71.3630000      231.5240393      205.0290000      116.3789457        6.5500000        3.2786984      -99.0000000       36.6459565
    2402      29       7    1996      248.7670000      231.3083464      190.6590000      116.3871154        6.0200000        3.2732077      -99.0000000       36.4193786
    2403      30       7    1996      204.6400000      231.9895321      266.1530000      116.5875405        5.2800000        3.2678694      -99.0000000       36.2461428
    2404      31       7    1996      178.6300000      232.1685731      288.4000000      117.5124522        5.2800000        3.2626236      -99.0000000       36.0842568
    2405       1       8    1996      270.2910000      235.2707216      303.5860000      121.4853011        0.0000000        3.2574350      -99.0000000       36.0542092
    2406       2       8    1996      139.2560000      257.6669193      229.6900000      131.7915942        0.0000000        3.2522831      -99.0000000       35.9158523
    2407       3       8    1996      321.9200000      293.6867929      265.3130000      134.6737405        0.0000000        3.2471560      -99.0000000       35.6829989
    2408       4       8    1996      321.9200000      291.1672472      248.8460000      134.2124623        0.0000000        3.2420467      -99.0000000       35.4469014
    2409       5       8    1996      152.9100000      264.4362921      212.3920000      130.6384389        0.0000000        3.2369511      -99.0000000       35.2055498
    2410       6       8    1996      234.9970000      260.5387628      124.9300000      131.4663831        0.0000000        3.2318668      -99.0000000       34.9675821
    2411       7       8    1996      200.5030000      273.4932170      170.1960000      145.0250411        0.0000000        3.2269684      -99.0000000       36.3231379
    2412       8       8    1996      147.7020000      307.8205866      193.0830000      166.7248422        0.0000000        3.2219041      -99.0000000       39.7841932
    2413       9       8    1996      198.4530000      316.3209842      178.9420000      199.9441572        0.0000000        3.2167956      -99.0000000       38.2090785
    2414      10       8    1996      267.8470000      297.2954055      220.1020000      209.9357058        0.0000000        3.2117170      -99.0000000       37.7425394
    2415      11       8    1996      248.7670000      284.2260152      197.8500000      190.4697724        0.0000000        3.2066591      -99.0000000       37.4524022
    2416      12       8    1996      253.4600000      293.6009739      210.6450000      177.0427407        0.0000000        3.2016166      -99.0000000       37.1965197
    2417      13       8    1996      332.8850000      297.7592712      130.6480000      173.5870527        0.0000000        3.1965863      -99.0000000       37.0391453
    2418      14       8    1996      180.5580000      288.4024939      229.7370000      167.1325694        0.0000000        3.1915665      -99.0000000       36.8858709
    2419      15       8    1996      355.4660000      287.0459555      232.7060000      171.0253130        0.0000000        3.1865560      -99.0000000       36.6421907
    2420      16       8    1996      228.2840000      288.3313758      173.5350000      177.4404897        0.0000000        3.1819034      -99.0000000       36.4967618
    2421      17       8    1996      147.7020000      288.7896298      152.6070000      166.2147021        0.0000000        3.1775632      -99.0000000       36.5679257
    2422      18       8    1996      126.3450000      288.0498536      179.2760000      159.7218491        0.0000000        3.1723736      -99.0000000       36.8003502
    2423      19       8    1996      186.4130000      293.4658859      131.7420000      158.0675689        0.0000000        3.1671731      -99.0000000       36.8383058
    2424      20       8    1996      253.4600000      310.5381941      147.2090000      158.4030747        0.0000000        3.1620841      -99.0000000       36.8233638
    2425      21       8    1996      202.5650000      315.8363173      318.0210000      171.0920521        0.0000000        3.1570463      -99.0000000       36.7740503
    2426      22       8    1996      171.0420000      333.6128551      276.5290000      199.5088690        0.0000000        3.1520447      -99.0000000       36.7729309
    2427      23       8    1996      277.6990000      352.6384181      225.0250000      226.0414725        0.0000000        3.1482226      -99.0000000       37.4662381
    2428      24       8    1996      258.2040000      342.6573925      234.0700000      222.8261035        0.0000000        3.1436285      -99.0000000       37.0791070
    2429      25       8    1996      219.5110000      325.8365790      228.2930000      206.2728569        0.0000000        3.1392147      -99.0000000       36.8107637
    2430      26       8    1996      196.4160000      313.6742056      165.2650000      191.5025090        0.0000000        3.1371846      -99.0000000       36.8438860
    2431      27       8    1996      160.0200000      311.4473313      129.7250000      186.3283134        0.0000000        3.1369978      -99.0000000       37.6523877
    2432      28       8    1996      215.1990000      314.7740556      128.7640000      191.0673534        0.0000000        3.1319666      -99.0000000       37.8962514
    2433      29       8    1996      158.2250000      313.4167404      185.1980000      180.9663793        0.0000000        3.1227782      -99.0000000       37.8927641
    2434      30       8    1996      200.5030000      313.8686450      180.5370000      176.4398583        0.0000000        3.1187331      -99.0000000       38.1891742
    2435      31       8    1996      300.6320000      315.3100728      209.9960000      175.3114162        0.0000000        3.1169800      -99.0000000       38.5682439
    2436       1       9    1996      251.1070000      317.3954861      225.1580000      175.5095022       42.1300000        3.1085963      -99.0000000       38.6215345
    2437       2       9    1996      253.4600000      318.7051592      178.4770000      175.4743247       55.0700000        3.1031810      -99.0000000       38.7218415
    2438       3       9    1996      139.2560000      320.7235495      131.3770000      175.2985904       49.5700000        3.0995929      -99.0000000       39.1648562
    2439       4       9    1996      139.2560000      323.2140250      111.6440000      174.2347025       34.5800000        3.0952604      -99.0000000       40.2650663
    2440       5       9    1996      158.2250000      332.1388819      114.6500000      174.9075156       28.9700000        3.0892137      -99.0000000       40.6851475
    2441       6       9    1996      234.9970000      333.3850425      203.6140000      177.2235346       24.8700000        3.0836045      -99.0000000       40.1569656
    2442       7       9    1996      114.1640000      329.8584036      188.7830000      175.3397424       21.9200000        3.0783213      -99.0000000       39.7639496
    2443       8       9    1996       98.5860000      331.8070375      158.3000000      173.4386126       19.8900000        3.0732314      -99.0000000       39.4571609
    2444       9       9    1996      140.9220000      330.5649490      117.6010000      172.4461751       17.4200000        3.0682575      -99.0000000       39.4860848
    2445      10       9    1996      117.1420000      335.3247746      128.4120000      171.3571729       15.7200000        3.0633543      -99.0000000       40.5496154
    2446      11       9    1996      221.6850000      340.5948746      127.2340000      170.0349306       14.1600000        3.0584955      -99.0000000       41.0648776
    2447      12       9    1996      169.1750000      356.1240864      109.2180000      169.2011185       13.6600000        3.0536659      -99.0000000       41.7505651
    2448      13       9    1996      158.2250000      368.9233026       95.1590000      169.5049659       14.1600000        3.0488584      -99.0000000       43.0689331
    2449      14       9    1996      167.3200000      351.6037383      164.0060000      169.4093796       14.1600000        3.0440637      -99.0000000       44.1442358
    2450      15       9    1996      124.7830000      337.1106395      117.2740000      168.2058813       15.1900000        3.0392802      -99.0000000       44.3496081
    2451      16       9    1996      108.3440000      335.1438649       93.5530000      166.9871357       16.2700000        3.0354687      -99.0000000       44.4751734
    2452      17       9    1996      123.2320000      339.8376503       77.7610000      165.8600619       16.8400000        3.0361307      -99.0000000       45.7052908
    2453      18       9    1996      106.9170000      358.4107850       64.2320000      164.8963658       19.2500000        3.0438192      -99.0000000       47.4628752
    2454      19       9    1996      221.6850000      373.5279838       55.9680000      165.7994650       19.8900000        3.0329337      -99.0000000       46.8548216
    2455      20       9    1996      134.3280000      357.8636420       62.5760000      168.4218880       18.0100000        3.0205430      -99.0000000       47.4879751
    2456      21       9    1996      114.1640000      360.9440155       58.4050000      167.5021085       16.8400000        3.0145166      -99.0000000       47.0154595
    2457      22       9    1996      124.7830000      371.9225612       49.8830000      165.9072491       15.7200000        3.0090294      -99.0000000       46.3763820
    2458      23       9    1996      108.3440000      363.9109635       45.8510000      165.1641507       15.1900000        3.0038660      -99.0000000       45.8155278
    2459      24       9    1996      104.0960000      365.3596840       50.8520000      164.9361977       15.7200000        2.9988945      -99.0000000       45.3483742
    2460      25       9    1996      117.1420000      370.1603976       42.6990000      163.9588587       15.1900000        2.9940381      -99.0000000       45.0019823
    2461      26       9    1996       99.9470000      364.0841310       49.2720000      162.8181301       14.1600000        2.9892520      -99.0000000       44.9209021
    2462      27       9    1996      101.3190000      375.6162089       48.0950000      161.6493395       14.1600000        2.9845098      -99.0000000       44.9624680
    2463      28       9    1996       95.8970000      374.5804518       61.3600000      160.5167734       13.6600000        2.9797965      -99.0000000       44.7685029
    2464      29       9    1996      121.6920000      389.7350864       61.7820000      159.2977250       13.1800000        2.9751029      -99.0000000       44.6945483
    2465      30       9    1996       80.6680000      383.6166812       52.1610000      158.2115775       12.7200000        2.9706362      -99.0000000       44.9107532
    2466       1      10    1996       80.6680000      400.4896951       45.8750000      157.9224484       11.8200000        2.9671843      -99.0000000       45.2512099
    2467       2      10    1996      147.7020000      451.5902231       59.3890000      157.9057471       11.3900000        2.9629658      -99.0000000       45.0592890
    2468       3      10    1996      104.0960000      436.7120090       55.3280000      157.1719826       10.9800000        2.9585038      -99.0000000       44.8140482
    2469       4      10    1996       73.6270000      436.9042641       45.9850000      156.0652402       10.1800000        2.9542693      -99.0000000       44.6212750
    2470       5      10    1996       64.8200000      429.2668976       41.0900000      154.6269500        9.4300000        2.9526211      -99.0000000       44.4612362
    2471       6      10    1996       80.6680000      425.4622778       61.5150000      153.2095460        8.7200000        2.9494525      -99.0000000       44.1231225
    2472       7      10    1996       65.8850000      444.1890407       49.4510000      152.2265563        8.0500000        2.9693254      -99.0000000       44.0196018
    2473       8      10    1996      151.1630000      425.2546151       36.4860000      151.6278741        7.4200000        2.9416538      -99.0000000       43.8342068
    2474       9      10    1996      118.6470000      409.7958291       48.7420000      150.6228994        7.1200000        2.9344654      -99.0000000       43.4672718
    2475      10      10    1996       55.6890000      397.8212065       59.7960000      149.3287476        6.8300000        2.9288992      -99.0000000       43.0938175
    2476      11      10    1996       54.7240000      386.4052547       54.7720000      148.0026631        6.5500000        2.9248513      -99.0000000       42.7420580
    2477      12      10    1996       39.0200000      381.3718080       40.8460000      146.6902030        6.2800000        2.9197080      -99.0000000       42.4037814
    2478      13      10    1996       35.9470000      377.0598042       30.7800000      145.3942814        6.0200000        2.9144541      -99.0000000       42.0747597
    2479      14      10    1996       31.6110000      373.0275018       32.1900000      144.1291172        5.7700000        2.9094883      -99.0000000       41.7522271
    2480      15      10    1996       30.2380000      369.1644701       33.2450000      142.8878003        5.5200000        2.9046937      -99.0000000       41.4345310
    2481      16      10    1996       28.9010000      365.4099981       31.3680000      141.6647153        5.2800000        2.9002357      -99.0000000       41.3321997
    2482      17      10    1996       30.2380000      361.8507535       29.7580000      140.4565934        5.0500000        2.9023545      -99.0000000       41.7489326
    2483      18      10    1996       28.9010000      358.3875604       29.6130000      139.2615708        5.0500000        2.8933976      -99.0000000       41.6445638
    2484      19      10    1996       26.9610000      354.8007411       29.9740000      138.0785805        4.8300000        2.8880296      -99.0000000       41.2291906
    2485      20      10    1996      132.7080000      377.6218391       29.6130000      136.9069976        5.0500000        2.8833224      -99.0000000       40.8899768
    2486      21      10    1996      131.1000000      448.6277099       29.6130000      135.7464390        5.2800000        2.8786644      -99.0000000       40.5743791
    2487      22      10    1996      124.7830000      398.6643625       29.9740000      134.5966537        5.5200000        2.8741814      -99.0000000       40.2735684
    2488      23      10    1996      124.7830000      370.8465919       29.4710000      133.4574621        5.7700000        2.8701965      -99.0000000       40.1358170
    2489      24      10    1996      118.6470000      362.6629346       28.4070000      132.3287229        6.2800000        2.8657310      -99.0000000       39.7134457
    2490      25      10    1996      118.6470000      358.2981422       27.3280000      131.2103160        6.0200000        2.8608739      -99.0000000       39.3962178
    2491      26      10    1996      115.6470000      354.3247819       26.4070000      130.1021325        6.0200000        2.8562178      -99.0000000       39.0988024
    2492      27      10    1996      114.1640000      350.5780703       25.3690000      129.0040698        6.2800000        2.8515824      -99.0000000       38.8183509
    2493      28      10    1996      109.7820000      347.7521592       25.6010000      127.9160292        6.0200000        2.8469939      -99.0000000       38.6089709
    2494      29      10    1996      108.3440000      345.5864275       25.6670000      126.8379139        5.7700000        2.8424600      -99.0000000       38.7136157
    2495      30      10    1996      104.0960000      342.0105778       25.6670000      125.7696290        5.7700000        2.8379607      -99.0000000       38.9969391
    2496      31      10    1996       98.5860000      338.4675721       25.6670000      124.7110807        5.5200000        2.8335156      -99.0000000       38.8621765
    2497       1      11    1996       97.2360000      335.0244446       25.6670000      123.6621763        5.5200000        2.8290552      -99.0000000       38.4350793
    2498       2      11    1996       93.2510000      331.6505896       25.6010000      122.6228238        5.5200000        2.8245993      -99.0000000       38.1176632
    2499       3      11    1996       93.2510000      328.3291169       25.1370000      121.5929325        5.2800000        2.8205946      -99.0000000       37.9159141
    2500       4      11    1996       90.6480000      325.0507235       24.6130000      120.5724122        5.2800000        2.8163792      -99.0000000       37.6157448
    2501       5      11    1996       90.6480000      321.8102485       22.2810000      119.5611737        5.2800000        2.8119319      -99.0000000       37.6476531
    2502       6      11    1996       85.5730000      318.6047833       13.5010000      118.5591288        5.0500000        2.8074430      -99.0000000       37.2557778
    2503       7      11    1996       86.8260000      315.4326371       21.6520000      117.5661900        5.0500000        2.8029092      -99.0000000       36.9105000
    2504       8      11    1996       80.6680000      312.2927744       22.7300000      116.5822707        5.0500000        2.7984298      -99.0000000       37.0951841
    2505       9      11    1996       80.6680000      309.1845095       22.8230000      115.6072851        4.8300000        2.7943265      -99.0000000       36.8639981
    2506      10      11    1996       75.9320000      306.1073429       23.0430000      114.6411482        4.8300000        2.7904292      -99.0000000       36.5173107
    2507      11      11    1996       75.9320000      303.0608732       23.0120000      113.6837759        4.8300000        2.7858137      -99.0000000       36.2352834
    2508      12      11    1996       74.7740000      300.0447511       22.5430000      112.7350850        4.6200000        2.7812610      -99.0000000       35.9592118
    2509      13      11    1996       73.6270000      297.0586543       21.8030000      111.7949929        4.6200000        2.7768527      -99.0000000       35.7130674
    2510      14      11    1996       72.4900000      294.1400554       20.9550000      110.8636078        5.2800000        2.7726991      -99.0000000       35.6167344
    2511      15      11    1996       69.1410000      291.5872892       20.6560000      109.9455336        3.3200000        2.7683247      -99.0000000       35.5650180
    2512      16      11    1996       73.6270000      289.3282251       20.7460000      109.0459073        4.8300000        2.7638757      -99.0000000       35.4001199
    2513      17      11    1996       78.2790000      286.5431975       21.5280000      108.1486156        4.4100000        2.7594633      -99.0000000       35.0849205
    2514      18      11    1996       73.6270000      284.1425397       22.1400000      107.2559749        4.0200000        2.7550891      -99.0000000       34.8167963
    2515      19      11    1996       69.1410000      282.3873700       23.0120000      106.3811279        3.6600000        2.7507400      -99.0000000       34.5553881
    2516      20      11    1996       69.1410000      280.0946389       23.5500000      105.5149692        3.4800000        2.7464085      -99.0000000       34.3039488
    2517      21      11    1996       71.3630000      277.3449335       23.6460000      104.6498367        3.3200000        2.7422968      -99.0000000       34.3544166
    2518      22      11    1996       66.9600000      275.0376507       22.6680000      103.7927402        3.3200000        2.7439801      -99.0000000       35.4153228
    2519      23      11    1996       65.8850000      273.0152663       22.1090000      102.9410493        3.6600000        2.7526600      -99.0000000       35.4785313
    2520      24      11    1996       37.4650000      270.7298768       21.7720000      102.0994274        4.2100000        2.7377307      -99.0000000       35.7511652
    2521      25      11    1996       19.4510000      268.3736068       21.1650000      101.2739118        4.8300000        2.7607334      -99.0000000       36.0176688
    2522      26      11    1996        9.8710000      266.0156559       20.9250000      100.4510580        5.2800000        2.7483058      -99.0000000       36.1844931
    2523      27      11    1996       22.7390000      263.3846494       21.1650000       99.6247979        6.0200000        2.7709938      -99.0000000       37.3959536
    2524      28      11    1996       62.7200000      260.6962127       21.5890000       98.8025903        7.1200000        2.8191146      -99.0000000       39.4064740
    2525      29      11    1996       62.7200000      258.0639230       20.7760000       97.9875674        8.0500000        2.7468639      -99.0000000       40.2515965
    2526      30      11    1996       18.4210000      255.4758483       20.3920000       97.1801231        9.4300000        2.7323092      -99.0000000       40.7672874
    2527       1      12    1996       33.0200000      252.9231086       18.9720000       96.3801445        9.0700000        2.7220888      -99.0000000       39.9069275
    2528       2      12    1996       58.6420000      250.4008098       18.6020000       95.5874747        8.3800000        2.7129454      -99.0000000       39.3818192
    2529       3      12    1996       56.6640000      247.9062265       18.6870000       94.8019861        7.7300000        2.7058466      -99.0000000       38.9614375
    2530       4      12    1996       54.7240000      245.4378031       18.3780000       94.0235781        7.4200000        2.6999429      -99.0000000       38.5967176
    2531       5      12    1996       54.7240000      242.9946109       18.2390000       93.2521674        6.8300000        2.6947391      -99.0000000       38.2636806
    2532       6      12    1996       54.7240000      240.5760552       17.6330000       92.4876800        6.2800000        2.6899461      -99.0000000       38.0290569
    2533       7      12    1996       53.7700000      238.1817176       16.8750000       91.7300471        5.7700000        2.6869575      -99.0000000       38.3184803
    2534       8      12    1996       52.8250000      235.8112720       16.6080000       90.9792026        5.2800000        2.7168453      -99.0000000       38.5397703
    2535       9      12    1996       51.8900000      233.4644406       16.5820000       90.2350822        4.8300000        2.7110326      -99.0000000       38.3575458
    2536      10      12    1996       51.8900000      231.1409706       16.5290000       89.4976225        4.8300000        2.6883191      -99.0000000       37.8137475
    2537      11      12    1996       50.9640000      228.8406224       16.1610000       88.7667607        4.6200000        2.6794873      -99.0000000       37.4922617
    2538      12      12    1996       50.0490000      226.5631639       15.7980000       88.0424348        4.2100000        2.6725918      -99.0000000       37.1865640
    2539      13      12    1996       49.1430000      224.3083671       15.7460000       87.3245834        3.8300000        2.6668283      -99.0000000       36.8906307
    2540      14      12    1996       49.1430000      222.0760071       15.7540000       86.6131454        3.6600000        2.6617277      -99.0000000       36.6011355
    2541      15      12    1996       47.3610000      219.8658616       15.6900000       85.9080605        3.3200000        2.6575480      -99.0000000       36.3163876
    2542      16      12    1996       47.3610000      217.6777100       15.0160000       85.2092690        3.3200000        2.6554109      -99.0000000       36.0416201
    2543      17      12    1996       47.3610000      215.5113341       14.7330000       84.5167115        3.3200000        2.6512083      -99.0000000       35.8149152
    2544      18      12    1996       47.3610000      213.3665176       14.5100000       83.8303295        3.1600000        2.6460658      -99.0000000       35.5054129
    2545      19      12    1996       45.6160000      211.2430462       14.2400000       83.1500646        3.1600000        2.6413120      -99.0000000       35.2315274
    2546      20      12    1996       45.6160000      209.1407076       14.4360000       82.4758595        3.0000000        2.6368161      -99.0000000       34.9604198
    2547      21      12    1996       45.6160000      207.0592918       14.1660000       81.8076569        3.0000000        2.6324735      -99.0000000       34.6925617
    2548      22      12    1996       45.6160000      204.9985905       13.9480000       81.1454006        2.8600000        2.6282229      -99.0000000       34.4285755
    2549      23      12    1996       45.6160000      202.9583977       13.7310000       80.4890345        3.3200000        2.6240288      -99.0000000       34.2372906
    2550      24      12    1996       43.9110000      200.9408865       13.3740000       79.8385090        3.0000000        2.6198703      -99.0000000       33.9050334
    2551      25      12    1996       43.9110000      198.9458261       13.0450000       79.1937757        2.8600000        2.6157352      -99.0000000       33.6455240
    2552      26      12    1996       43.9110000      196.9666369       12.9060000       78.5547593        2.7100000        2.6116166      -99.0000000       33.3884379
    2553      27      12    1996       43.9110000      195.0064716       12.3780000       77.9214085        2.5800000        2.6075102      -99.0000000       33.1336791
    2554      28      12    1996       42.2430000      193.0657372       12.4230000       77.2936745        2.4500000        2.6034136      -99.0000000       32.8811839
    2555      29      12    1996       42.2430000      191.1443224       12.4450000       76.6715058        2.4500000        2.5993254      -99.0000000       32.6309070
    2556      30      12    1996       42.2430000      189.2420386       12.4680000       76.0548503        0.0000000        2.5952447      -99.0000000       32.3828140
    2557      31      12    1996       42.2430000      187.3587021       12.5600000       75.4436565        0.0000000        2.5911712      -99.0000000       32.1368766
