      No     Day     Mon    Year  Qobs_0000013000  Qsim_0000013000  Qobs_0000013001  Qsim_0000013001  Qobs_0000013049  Qsim_0000013049  Qobs_0000013031  Qsim_0000013031
       1       1       1    1990        5.9070000       47.4632888        3.9330000       16.8169377        3.5950000       13.3996627      -99.0000000      111.0141524
       2       2       1    1990        5.9070000       46.1303231        4.0600000       16.6072131        4.2100000       12.5335215      -99.0000000      111.6729499
       3       3       1    1990        5.9070000       45.0084482        3.5590000       16.4132080        5.0500000       11.2831789      -99.0000000      108.8632899
       4       4       1    1990        6.4400000       44.1057845        3.7860000       16.2318183        6.5500000        9.0261371      -99.0000000      105.7552472
       5       5       1    1990        6.7170000       43.4285173        3.9720000       16.0606505        7.7300000       11.2304722      -99.0000000      137.3982449
       6       6       1    1990        5.9070000       42.6862426        3.5120000       15.8978462        9.0700000       12.8874629      -99.0000000      145.5022940
       7       7       1    1990        5.9070000       41.9702085        3.3970000       15.7419530        8.3800000       10.2091535      -99.0000000      109.9791183
       8       8       1    1990        5.6500000       41.3211039        2.8260000       15.5918290        7.4200000        8.2229437      -99.0000000       83.8333432
       9       9       1    1990        5.6500000       40.7259383        2.7930000       15.4465708        6.0200000        6.7765359      -99.0000000       68.4248044
      10      10       1    1990        5.4000000       40.1741927        2.7930000       15.3054600        5.2800000        5.7097270      -99.0000000       57.5980616
      11      11       1    1990        5.1570000       39.6601884        2.7620000       15.1679223        4.8300000        4.9137043      -99.0000000       49.7623858
      12      12       1    1990        5.1570000       39.1727702        2.9190000       15.0334960        4.2100000        4.3133652      -99.0000000       43.9978480
      13      13       1    1990        5.1570000       38.7052293        2.7830000       14.9018083        3.8300000        4.0182050      -99.0000000       40.1141232
      14      14       1    1990        4.9200000       38.2570038        2.5200000       14.7725567        3.3200000        3.7418061      -99.0000000       37.4812569
      15      15       1    1990        4.9200000       37.8249756        2.4420000       14.6454943        2.8600000        3.4161416      -99.0000000       34.8526122
      16      16       1    1990        4.9200000       37.4066753        2.2070000       14.5204188        2.5800000        3.3629671      -99.0000000       32.7235325
      17      17       1    1990        4.6900000       37.0001408        2.1240000       14.3971639        2.4500000        3.6703253      -99.0000000       32.0398413
      18      18       1    1990        4.6900000       36.6038048        2.0820000       14.2755916        2.3200000        4.2736327      -99.0000000       32.1486305
      19      19       1    1990        4.6900000       36.2164085        1.5780000       14.1555873        2.3200000        4.8353918      -99.0000000       31.2869625
      20      20       1    1990        4.6900000       35.8369358        1.4250000       14.0374555        2.3200000        4.4854547      -99.0000000       30.2173256
      21      21       1    1990        4.6900000       35.4645621        1.5290000       13.9210778        2.2000000        3.9862532      -99.0000000       28.9864345
      22      22       1    1990        4.6900000       35.0986151        1.6700000       13.8053534        2.2000000        3.6036452      -99.0000000       27.9618818
      23      23       1    1990        4.6900000       34.7396308        1.3540000       13.6907868        2.2000000        3.8867566      -99.0000000       27.2157516
      24      24       1    1990        4.4660000       34.4164942        1.3810000       13.5775211        2.0800000        4.0454088      -99.0000000       26.5952493
      25      25       1    1990        4.2490000       34.0972988        1.4250000       13.4652883        2.0800000        3.6485046      -99.0000000       25.9731480
      26      26       1    1990        4.4660000       33.7468832        1.6880000       13.3541613        2.0800000        3.3419743      -99.0000000       25.4323936
      27      27       1    1990        4.2490000       33.3989813        2.1290000       13.2441452        1.9700000        3.1032385      -99.0000000       24.9650124
      28      28       1    1990        4.2490000       33.0565805        1.5940000       13.1352180        1.9700000        2.9158033      -99.0000000       24.5558919
      29      29       1    1990        4.2490000       32.7193089        1.3960000       13.0273542        1.9700000        2.7675003      -99.0000000       24.1932196
      30      30       1    1990        4.2490000       32.5930667        1.2970000       12.9206638        1.8700000        2.6492708      -99.0000000       23.8677935
      31      31       1    1990        4.2490000       32.9152056        1.2760000       12.8257535        1.8700000        2.5543131      -99.0000000       23.6271808
      32       1       2    1990        4.6900000       33.4776800        1.2420000       12.7551228        1.8700000        2.4774804      -99.0000000       23.3822021
      33       2       2    1990        4.6900000       33.2739279        1.2760000       12.6617653        1.7600000        2.4148492      -99.0000000       23.1173653
      34       3       2    1990        4.6900000       32.8445860        1.2690000       12.5582453        1.7600000        2.3646650      -99.0000000       22.9345336
      35       4       2    1990        4.2490000       32.8691741        1.1750000       12.4560066        1.7600000        2.5221984      -99.0000000       23.3869364
      36       5       2    1990        4.2490000       32.6454894        1.0850000       12.3511763        1.6700000        2.7800497      -99.0000000       26.5745164
      37       6       2    1990        4.0380000       32.0483033        1.0720000       12.2461320        1.6700000        2.7223478      -99.0000000       27.0836131
      38       7       2    1990        4.0380000       31.4430688        1.0590000       12.1424051        1.5700000        3.3441533      -99.0000000       31.6201439
      39       8       2    1990        4.0380000       31.0367423        0.9860000       12.0402339        1.7600000        7.1465597      -99.0000000       39.1221069
      40       9       2    1990        3.8330000       31.0919862        0.9740000       11.9395666        1.8700000       11.2379646      -99.0000000       56.8098609
      41      10       2    1990        3.8330000       30.6511789        0.9740000       11.8402973        2.2000000       11.5070442      -99.0000000       84.1531078
      42      11       2    1990        3.6350000       30.0860935        0.9800000       11.7423325        2.4500000        9.9479517      -99.0000000       84.2103768
      43      12       2    1990        3.6350000       29.7589625        1.0100000       11.6455895        2.3200000        8.3510675      -99.0000000       76.0801441
      44      13       2    1990        3.6350000       29.9799712        0.9570000       11.5503984        2.2000000        8.3855245      -99.0000000       79.0486922
      45      14       2    1990        3.6350000       29.7684848        0.8260000       11.4568584        1.9700000        8.1121887      -99.0000000       68.1724355
      46      15       2    1990        3.6350000       30.2879130        0.8930000       11.3655226        1.8700000        7.4277814      -99.0000000       57.9214671
      47      16       2    1990        3.6350000       31.0336125        1.0230000       11.2763084        1.6700000        6.9539323      -99.0000000       50.7844714
      48      17       2    1990        3.4420000       30.3471408        0.9040000       11.1854232        1.8700000        6.5439179      -99.0000000       46.2009439
      49      18       2    1990        3.4420000       29.4368449        0.8590000       11.0943944        2.0800000        6.3769721      -99.0000000       42.9268626
      50      19       2    1990        3.2560000       28.6824564        0.7350000       11.0041089        2.3200000        6.6343941      -99.0000000       43.3390452
      51      20       2    1990        3.0760000       28.0484531        0.7400000       10.9147421        1.9700000        6.9334927      -99.0000000       55.3692717
      52      21       2    1990        3.0760000       27.5035817        0.7200000       10.8263056        5.0500000       16.3804319      -99.0000000       82.9472970
      53      22       2    1990        3.0760000       27.0255450        0.7400000       10.7387770        4.0200000       35.7967403      -99.0000000      140.8517997
      54      23       2    1990        3.0760000       26.5982692        0.7050000       10.6521293        5.0500000       36.8266061      -99.0000000      202.3626438
      55      24       2    1990        2.9010000       26.2100286        0.6600000       10.5663372        6.2800000       29.6589036      -99.0000000      277.6720154
      56      25       2    1990        2.7330000       25.8521754        0.7510000       10.4813781        7.1200000       29.3749406      -99.0000000      429.1511819
      57      26       2    1990        2.7330000       25.5182668        0.6510000       10.3972319        8.3800000       34.2703373      -99.0000000      510.0027015
      58      27       2    1990        2.7330000       25.2034581        0.6310000       10.3138807        9.8000000       32.1324405      -99.0000000      585.2964384
      59      28       2    1990        2.7330000       24.9040743        0.6220000       10.2313084       10.5700000       23.4103837      -99.0000000      414.1464018
      60       1       3    1990        2.7330000       24.6173049        0.5760000       10.1495007        6.8300000       19.0318313      -99.0000000      305.1310753
      61       2       3    1990        2.7330000       24.3409841        0.6310000       10.0906367        5.7700000       24.8790616      -99.0000000      263.9197496
      62       3       3    1990        2.7330000       24.2146335        0.6900000       10.1152346        5.0500000       28.7461814      -99.0000000      196.6200309
      63       4       3    1990        2.9010000       24.5974186        0.6310000       10.1013723        4.6200000       31.3508871      -99.0000000      158.4368705
      64       5       3    1990        2.7330000       24.3954169        0.5760000       10.0317347        4.4100000       35.6731886      -99.0000000      157.7622088
      65       6       3    1990        2.7330000       23.9964439        0.6120000        9.9357794        4.2100000       30.6842472      -99.0000000      179.0967021
      66       7       3    1990        2.7330000       23.6307370        0.5580000        9.8356541        4.4100000       22.9700868      -99.0000000      167.5373845
      67       8       3    1990        2.7330000       23.2960575        0.4970000        9.7413437        4.2100000       17.8224803      -99.0000000      129.3908065
      68       9       3    1990        2.5710000       23.2275827        0.4970000        9.6877960        4.0200000       21.0873259      -99.0000000      134.8254211
      69      10       3    1990        2.9010000       24.0464909        0.5310000        9.6907157        3.8300000       31.9376487      -99.0000000      188.6351220
      70      11       3    1990        2.9010000       23.9800654        0.4410000        9.6218883        3.6600000       32.5508151      -99.0000000      163.2514132
      71      12       3    1990        2.7330000       23.4459770        0.4360000        9.5315438        3.6600000       32.0621471      -99.0000000      125.3123503
      72      13       3    1990        2.7330000       22.9506561        0.5230000        9.4506526        3.8300000       47.3865262      -99.0000000      113.1471368
      73      14       3    1990        2.7330000       22.5190240        0.6170000        9.3594931        3.3200000       96.0615734      -99.0000000      240.8233429
      74      15       3    1990        2.5710000       22.1365755        0.6260000        9.2691143        3.1600000      125.8643199      -99.0000000      658.1062442
      75      16       3    1990        2.7330000       21.7920757        0.6220000        9.1837470        3.0000000       97.3415285      -99.0000000      768.8149716
      76      17       3    1990        2.7330000       21.4771857        0.7780000        9.0970785        2.8600000       70.3166245      -99.0000000      514.9306896
      77      18       3    1990        2.5710000       21.1856588        0.8480000        9.0116861        3.0000000       65.3709976      -99.0000000      368.1521889
      78      19       3    1990        2.5710000       20.9127725        0.7200000        8.9290106        3.3200000       60.9465884      -99.0000000      289.4143744
      79      20       3    1990        2.5710000       20.6549263        0.6270000        8.8490241        3.6600000       44.6961979      -99.0000000      207.9829378
      80      21       3    1990        2.5710000       20.4093532        0.5230000        8.7723917        3.8300000       41.1245425      -99.0000000      174.5598902
      81      22       3    1990        2.4140000       20.1739110        0.4520000        8.7085688        3.6600000       50.3538731      -99.0000000      195.0222855
      82      23       3    1990        2.4140000       20.0259041        0.5490000        8.6623478        3.1600000       61.1853377      -99.0000000      228.2319712
      83      24       3    1990        2.4140000       20.1114144        0.6310000        8.5969960        3.0000000       64.4326048      -99.0000000      239.6199711
      84      25       3    1990        2.4140000       20.0802039        0.7000000        8.5227769        2.8600000       56.0128019      -99.0000000      214.3938835
      85      26       3    1990        2.2630000       20.2247501        0.6900000        8.4482577        2.7100000       52.3240899      -99.0000000      187.1668908
      86      27       3    1990        2.4140000       20.4921167        0.5940000        8.3866107        2.5800000       48.1821919      -99.0000000      177.2393593
      87      28       3    1990        2.4140000       21.9198772        0.6660000        8.3580651        2.5800000       40.0394140      -99.0000000      158.6207248
      88      29       3    1990        2.5710000       23.8921151        0.5580000        8.4034521        3.0000000       43.9836516      -99.0000000      161.5070906
      89      30       3    1990        2.5710000       25.9315596        0.6370000        8.5607967        3.6600000       53.9644653      -99.0000000      226.2019138
      90      31       3    1990        2.4140000       25.3902086        0.7510000        8.5850577        4.6200000       71.0342486      -99.0000000      441.5478131
      91       1       4    1990        2.4140000       23.7954966        0.6370000        8.4876049        6.2800000       90.7865397      -99.0000000      751.3157975
      92       2       4    1990        2.1180000       22.4064089        0.5490000        8.3613975        7.7300000       87.8522066      -99.0000000      726.0566414
      93       3       4    1990        2.1180000       21.3293860        0.5990000        8.2399099       10.1800000       76.4956452      -99.0000000      543.8997895
      94       4       4    1990        2.1180000       20.4789711        0.5020000        8.1286468       11.8200000       79.9321877      -99.0000000      473.5802277
      95       5       4    1990        2.1180000       19.7931176        0.4770000        8.0270549       12.7200000       82.0587659      -99.0000000      465.9732460
      96       6       4    1990        2.1180000       19.2284241        0.5800000        7.9335830       12.2600000       70.7054651      -99.0000000      454.5954051
      97       7       4    1990        1.9780000       18.7540897        0.5990000        7.8467604       13.1800000       50.4104207      -99.0000000      416.5482336
      98       8       4    1990        1.9780000       18.3479541        0.4530000        7.7653743       12.2600000       44.8157068      -99.0000000      324.5277285
      99       9       4    1990        1.9780000       17.9938737        0.4480000        7.6884559       13.6600000       41.5053133      -99.0000000      335.1184394
     100      10       4    1990        1.8440000       17.6799540        0.4250000        7.6152355       15.1900000       38.0931659      -99.0000000      428.8797647
     101      11       4    1990        1.9780000       17.3973392        0.3940000        7.5451001       16.8400000       38.1270366      -99.0000000      432.0249903
     102      12       4    1990        1.8440000       17.1393730        0.3690000        7.4775600       19.2500000       32.8305672      -99.0000000      510.3565590
     103      13       4    1990        1.8440000       16.9010079        0.3620000        7.4122220       22.6300000       31.1505933      -99.0000000      382.8545651
     104      14       4    1990        1.8440000       16.6783847        0.3480000        7.3487690       26.4500000       28.6039011      -99.0000000      303.6119352
     105      15       4    1990        1.7160000       16.4685308        0.3910000        7.2869445       24.1000000       26.5006674      -99.0000000      281.7619566
     106      16       4    1990        1.8440000       16.2691398        0.4210000        7.2265398       23.3600000       25.1783233      -99.0000000      254.8445599
     107      17       4    1990        2.1180000       16.0804738        0.4170000        7.1673847       19.8900000       27.8424715      -99.0000000      258.2471946
     108      18       4    1990        1.9780000       15.9113933        0.3650000        7.1096305       17.4200000       38.1246390      -99.0000000      264.5359159
     109      19       4    1990        1.9780000       15.7650879        0.3240000        7.0528073       15.7200000       54.0267089      -99.0000000      286.5125639
     110      20       4    1990        2.1180000       15.6195677        0.3580000        6.9969472       14.6700000       56.4410366      -99.0000000      360.8835198
     111      21       4    1990        2.1180000       15.4605525        0.3580000        6.9417993       13.6600000       42.7427889      -99.0000000      273.8684300
     112      22       4    1990        1.9780000       15.3098682        0.3110000        6.8871997       13.6600000       46.1807386      -99.0000000      221.1469770
     113      23       4    1990        1.8440000       15.1547269        0.2730000        6.8334050       12.7200000       47.4827940      -99.0000000      261.3262365
     114      24       4    1990        1.8440000       14.9897039        0.2980000        6.7801654       11.8200000       39.6785417      -99.0000000      297.5261400
     115      25       4    1990        1.8440000       14.8235208        0.2730000        6.7275004       10.9800000       38.8564862      -99.0000000      306.3029750
     116      26       4    1990        1.8440000       14.6683115        0.2980000        6.6754200       10.1800000       42.0950117      -99.0000000      322.0034052
     117      27       4    1990        1.8440000       14.5521714        0.2730000        6.6241584        9.8000000       46.3049244      -99.0000000      353.7814647
     118      28       4    1990        1.8440000       14.5253042        0.3040000        6.5755506        9.4300000       44.5222390      -99.0000000      335.5269752
     119      29       4    1990        2.1180000       14.6374473        0.3240000        6.5304565        9.0700000       36.8929780      -99.0000000      320.3146888
     120      30       4    1990        1.8440000       14.5541277        0.3950000        6.4920815        8.7200000       31.0832777      -99.0000000      256.5255583
     121       1       5    1990        2.1180000       14.4164998        0.3380000        6.4794782        8.3800000       27.6801947      -99.0000000      211.3131462
     122       2       5    1990        2.1180000       14.2112425        0.4020000        6.4414437        8.0500000       23.7162692      -99.0000000      181.7727511
     123       3       5    1990        2.4140000       14.0021848        0.3870000        6.3887160        7.7300000       19.1792050      -99.0000000      147.0328765
     124       4       5    1990        2.4140000       13.8064766        0.4640000        6.3340184        7.4200000       15.4758462      -99.0000000      122.0339682
     125       5       5    1990        3.0760000       13.6246119        0.4440000        6.2801566        7.1200000       16.3755727      -99.0000000      115.4273120
     126       6       5    1990        3.0760000       13.4533451        0.5280000        6.2276038        6.8300000       19.6088567      -99.0000000      125.0211791
     127       7       5    1990        2.7330000       13.2898889        0.6360000        6.1763230        6.5500000       22.6409691      -99.0000000      116.1224805
     128       8       5    1990        2.7330000       13.1417141        0.5800000        6.1266589        6.5500000       26.4606007      -99.0000000      106.5126068
     129       9       5    1990        2.7330000       13.0940986        0.6030000        6.0876907        6.2800000       31.3658488      -99.0000000      105.4592079
     130      10       5    1990        7.8930000       13.7412921        0.5230000        6.1322954        6.0200000       38.8058985      -99.0000000      129.5331240
     131      11       5    1990        6.7170000       15.9737980        0.6130000        6.3822528        5.5200000       50.1709659      -99.0000000      183.3719486
     132      12       5    1990        6.7170000       17.9991936        0.6220000        6.5203958        4.8300000       54.5838987      -99.0000000      263.2764022
     133      13       5    1990        4.0380000       19.1939876        0.5490000        6.4549675        5.0500000       45.7942305      -99.0000000      309.8684761
     134      14       5    1990        3.0760000       19.2954795        0.4480000        6.3404351        5.2800000       36.9048873      -99.0000000      297.9539080
     135      15       5    1990        3.8330000       21.1444350        0.4800000        6.2357693        5.2800000       38.7971783      -99.0000000      260.0656703
     136      16       5    1990        2.7330000       20.5462473        0.4890000        6.1347092        4.8300000       65.7900248      -99.0000000      228.3742720
     137      17       5    1990        2.4140000       19.0707231        0.4800000        6.0706398        4.4100000       68.9786306      -99.0000000      275.6073005
     138      18       5    1990        2.4140000       20.3061588        0.4290000        6.0700531        4.2100000       53.1400390      -99.0000000      323.2388100
     139      19       5    1990        2.7330000       24.1970246        0.3940000        6.0093071        4.6200000       43.7116137      -99.0000000      298.2880176
     140      20       5    1990        3.4420000       23.4514595        0.3760000        5.9239248        5.0500000       34.7247616      -99.0000000      283.2398810
     141      21       5    1990        2.7330000       20.8793197        0.4090000        5.8404602        6.0200000       29.3243762      -99.0000000      327.7440161
     142      22       5    1990        2.4140000       18.8251611        0.3800000        5.7635795        6.8300000       26.9678901      -99.0000000      302.9978194
     143      23       5    1990        2.1180000       17.2703136        0.4130000        5.6931879        7.7300000       31.8344438      -99.0000000      301.2480527
     144      24       5    1990        2.1180000       16.0743375        0.3870000        5.6283347        8.3800000       34.7895893      -99.0000000      321.0400237
     145      25       5    1990        1.8440000       15.1391681        0.3140000        5.5680655        8.3800000       31.9030106      -99.0000000      293.7501565
     146      26       5    1990        1.7160000       14.3960708        0.3280000        5.5115761        9.0700000       37.2198670      -99.0000000      231.9975844
     147      27       5    1990        1.7160000       13.7961378        0.7940000        5.4582152        9.8000000       41.5937070      -99.0000000      200.1436067
     148      28       5    1990        1.5930000       13.3045413        1.1180000        5.4074595        9.0700000       39.2203642      -99.0000000      159.1777615
     149      29       5    1990        1.5930000       13.9325182        1.0660000        5.3771897        7.4200000       36.1551128      -99.0000000      132.3913977
     150      30       5    1990        1.7160000       19.3280443        0.9160000        5.3653360        6.0200000       33.2826347      -99.0000000      117.7556992
     151      31       5    1990        1.7160000       28.3342815        0.8020000        5.3972153        4.8300000       31.3250251      -99.0000000      132.2546040
     152       1       6    1990        2.1180000       42.1137685        1.1920000        5.6481631        3.8300000       29.2057631      -99.0000000      172.7597873
     153       2       6    1990        3.2560000       68.5936516        1.1500000        6.1975725        3.0000000       24.5889508      -99.0000000      172.5326369
     154       3       6    1990        7.2910000       77.6079790        0.8840000        6.7415421        2.5800000       19.3615167      -99.0000000      142.1355242
     155       4       6    1990       12.1120000       72.7499313        0.6760000        7.1237862        2.2000000       15.7143798      -99.0000000      122.1124719
     156       5       6    1990        7.5890000       68.5211262        0.7850000        8.0396181        1.9700000       13.5046232      -99.0000000      111.2614558
     157       6       6    1990        4.2490000       58.9323389        1.1060000        8.6772684        1.8700000       11.7353099      -99.0000000      107.8439937
     158       7       6    1990        3.0760000       50.4245024        1.0720000        8.6507423        1.7600000       10.3769174      -99.0000000      124.6041062
     159       8       6    1990        2.4140000       44.5174784        1.0560000        8.1517948        1.8700000       11.4224816      -99.0000000      156.1024699
     160       9       6    1990        2.4140000       38.8164008        1.4290000        7.5624558        3.4800000       12.5079281      -99.0000000      153.5624449
     161      10       6    1990        2.2630000       35.7761254        1.1440000        7.0508222        4.0200000       11.7093488      -99.0000000      154.4827813
     162      11       6    1990        3.0760000       35.8274449        1.1120000        6.6478078        4.6200000       10.3266432      -99.0000000      126.5739690
     163      12       6    1990        5.6500000       40.5445099        0.8120000        6.3349612        5.0500000        9.2020194      -99.0000000      106.3598684
     164      13       6    1990        6.7170000       59.3980108        0.6040000        6.2008659        5.7700000        8.3622989      -99.0000000       93.3240200
     165      14       6    1990       18.4210000      103.5784536        0.5060000        6.4449700        6.2800000        7.7280780      -99.0000000       83.9293516
     166      15       6    1990        7.2910000      146.7382377        0.5140000        7.0020946        6.8300000        7.3770236      -99.0000000       77.0127928
     167      16       6    1990        5.9070000      150.6181867        0.5150000        7.6487766        7.1200000        7.0128601      -99.0000000       71.8298431
     168      17       6    1990       10.2260000      139.7129245        0.6230000        8.5204997        7.1200000        6.6899757      -99.0000000       67.8792214
     169      18       6    1990        8.5240000      151.4475630        0.5150000        9.0786243        6.8300000        6.4370129      -99.0000000       64.8171606
     170      19       6    1990       12.5120000      147.4467032        0.5140000        9.0233354        6.2800000        6.3867046      -99.0000000       62.8603330
     171      20       6    1990       13.7580000      132.0305157        0.5190000        8.6277849        6.0200000        6.5017371      -99.0000000       64.7114291
     172      21       6    1990        7.2910000      146.8361280        0.6810000        9.0197133        5.5200000        6.5677466      -99.0000000       72.5494643
     173      22       6    1990        5.6500000      180.1718809        0.6950000       11.3192161        5.2800000        6.4050756      -99.0000000       78.8249112
     174      23       6    1990        7.2910000      184.3702638        0.6030000       12.3631102        4.8300000        6.2033682      -99.0000000       78.6352010
     175      24       6    1990       16.4600000      168.4462175        0.5900000       12.1109010        4.4100000        6.0423584      -99.0000000       74.7615310
     176      25       6    1990        9.8710000      161.8236998        0.7730000       12.0622775        4.2100000        5.9125965      -99.0000000       69.7712994
     177      26       6    1990       18.4210000      172.3314526        0.8930000       13.3915061        4.0200000        5.8069958      -99.0000000       65.5402287
     178      27       6    1990       39.0200000      219.1943353        1.0470000       17.8033991        4.6200000        5.7201996      -99.0000000       63.2167854
     179      28       6    1990       45.6160000      285.9606645        2.0990000       21.8964729        5.0500000        5.6481287      -99.0000000       63.0825717
     180      29       6    1990       90.6480000      337.7500258        9.6900000       22.8268530        5.2800000        5.5876552      -99.0000000       62.6811927
     181      30       6    1990       39.0200000      350.6277904        5.5560000       26.7129159        5.0500000        5.5682719      -99.0000000       67.8441584
     182       1       7    1990       23.9020000      326.5351260        3.7270000       32.5575153        5.0500000        5.6334963      -99.0000000       79.3919467
     183       2       7    1990       25.1000000      296.3872398        6.7800000       34.3884551        5.7700000        5.5849861      -99.0000000       83.0151312
     184       3       7    1990       25.1000000      298.2785306       11.6140000       37.6295116        6.2800000        6.2681239      -99.0000000       80.8601726
     185       4       7    1990       30.2380000      253.7655702        6.6370000       47.2644039        6.8300000        7.9110339      -99.0000000       90.4281196
     186       5       7    1990       33.7380000      241.3739094        9.6820000       57.0410837        7.1200000        8.4532236      -99.0000000       96.9424099
     187       6       7    1990       23.9020000      227.2998440       33.6320000       56.7676083        7.1200000        7.8018840      -99.0000000       93.1825143
     188       7       7    1990       21.6090000      181.5828499       24.1830000       64.3148120        6.8300000        7.3683400      -99.0000000       90.2626784
     189       8       7    1990       50.9640000      217.0651110       18.8010000       86.4724102        6.2800000        6.9520807      -99.0000000       90.8319792
     190       9       7    1990       35.2020000      251.9411298       32.3450000       99.1842559        6.0200000        6.5941968      -99.0000000       90.1018884
     191      10       7    1990       60.6610000      260.1159220       22.6120000       96.4775116        6.2800000        6.3150558      -99.0000000       88.9536422
     192      11       7    1990      115.6470000      283.0606249       34.4510000       95.8009036        6.5500000        6.0952387      -99.0000000       92.9957172
     193      12       7    1990      105.5010000      289.8627226       13.3980000       99.9194288        7.1200000        5.9695910      -99.0000000      105.1815362
     194      13       7    1990       94.5680000      297.2706877       12.2220000      113.6982913        7.4200000        7.0830543      -99.0000000      113.6678734
     195      14       7    1990      139.2560000      359.9142238       23.0170000      130.9658448        7.7300000        7.7401125      -99.0000000      119.6045220
     196      15       7    1990      154.6700000      365.5475861       40.8210000      140.6698281        7.7300000        7.3298847      -99.0000000      121.1740054
     197      16       7    1990       90.6480000      350.1884272       31.1790000      123.0224829        8.0500000        7.7997411      -99.0000000      126.8981881
     198      17       7    1990       54.7240000      426.8628850       34.8680000      112.2715863        8.7200000        8.0591747      -99.0000000      124.1292563
     199      18       7    1990       64.8200000      570.2844895       38.1510000      131.4653555        8.7200000        7.8490360      -99.0000000      115.6328095
     200      19       7    1990      131.1000000      562.0503634       87.2870000      140.2296689        8.3800000        7.3649347      -99.0000000      100.7508517
     201      20       7    1990       72.4900000      422.0410221       46.3430000      136.1813318        8.0500000        7.6741763      -99.0000000       98.8626554
     202      21       7    1990      131.1000000      438.8118436       62.6590000      217.7172893        9.0700000        8.0674546      -99.0000000      108.4337334
     203      22       7    1990      217.3490000      547.6388241       68.6740000      367.9476110        9.8000000        7.4559061      -99.0000000      119.8558493
     204      23       7    1990      147.7020000      538.9698450      135.5980000      358.6538885       13.6600000        7.3091922      -99.0000000      113.5571717
     205      24       7    1990       94.5680000      475.9771895       78.7200000      299.4165566       12.7200000        7.5203781      -99.0000000       95.5736044
     206      25       7    1990       69.1410000      525.2688639       68.3930000      283.8632534       11.8200000        7.0569551      -99.0000000       82.5690698
     207      26       7    1990      248.7670000      663.9561437      106.6670000      327.1550638       10.1800000        6.6461633      -99.0000000       73.7147298
     208      27       7    1990      172.9210000      640.8068735      170.3310000      354.1393689        9.0700000        6.3275074      -99.0000000       67.3263837
     209      28       7    1990      215.1990000      488.1276031       83.5620000      308.6082717        8.7200000        6.0779307      -99.0000000       63.5458796
     210      29       7    1990      154.6700000      385.4772653      105.2640000      260.8865669        7.7300000        5.8806021      -99.0000000       62.8161979
     211      30       7    1990      180.5580000      398.9688992      143.2710000      241.1138778        6.8300000        5.7231122      -99.0000000       59.9354918
     212      31       7    1990      163.6460000      441.4150583       82.2320000      288.1707697        6.2800000        5.5962279      -99.0000000       56.9694615
     213       1       8    1990      248.7670000      429.4272195       85.2340000      344.1504861        6.2800000        5.4930207      -99.0000000       54.6859431
     214       2       8    1990      165.4770000      424.3475033      111.8690000      320.6213696        6.5500000        5.4082500      -99.0000000       54.2437060
     215       3       8    1990      142.6000000      531.2615638      128.9170000      375.2616416        7.1200000        5.3789084      -99.0000000       60.0571238
     216       4       8    1990      156.4420000      678.2965870      117.5350000      477.2159347        7.4200000        5.3696735      -99.0000000       77.0251063
     217       5       8    1990      244.1260000      656.5970406      150.1530000      501.1082218        7.7300000        5.3884642      -99.0000000      108.5795712
     218       6       8    1990      263.0000000      578.3426009       92.9400000      379.9003520        7.7300000        5.8996277      -99.0000000      121.0765621
     219       7       8    1990      188.3890000      641.4134381       79.2940000      362.3428314        8.0500000        6.3383666      -99.0000000      113.8631626
     220       8       8    1990      387.9440000      689.8735182      222.4810000      519.1934690        8.7200000        6.0899740      -99.0000000       96.5584021
     221       9       8    1990      184.4490000      525.4689171      142.0500000      558.5103983        8.7200000        5.8665449      -99.0000000       96.4204636
     222      10       8    1990      188.3890000      399.3576332      129.3780000      405.5414161        8.3800000        6.8089811      -99.0000000      101.4114948
     223      11       8    1990      163.6460000      444.5486096      129.2360000      328.3058073        8.0500000        8.6113095      -99.0000000      106.2021214
     224      12       8    1990      144.2890000      519.8700940      108.7440000      358.4380129        9.0700000        8.6787986      -99.0000000      109.6408347
     225      13       8    1990      239.5360000      537.7725746      184.6400000      425.4365643        9.8000000        7.9432781      -99.0000000      106.2166304
     226      14       8    1990      180.5580000      586.2681124      282.1530000      442.9869249       10.5700000        7.4085175      -99.0000000      100.9854373
     227      15       8    1990      178.6300000      579.4358955      262.5990000      405.6419244       11.3900000        6.9617525      -99.0000000       95.1776016
     228      16       8    1990      253.4600000      563.9410527      222.1930000      375.2467853       11.8200000        7.0535294      -99.0000000      106.7572470
     229      17       8    1990      169.1750000      528.7108859      221.2710000      327.9261215       13.1800000        6.9377691      -99.0000000      117.5326606
     230      18       8    1990      172.9210000      491.4064243      275.8460000      284.8449099       15.1900000        8.2873327      -99.0000000      115.9421724
     231      19       8    1990      263.0000000      466.3516585      295.0030000      257.0598771       16.8400000        9.7975677      -99.0000000      108.9148869
     232      20       8    1990      151.1630000      441.1517739      246.7020000      276.2365278       16.8400000        9.2066182      -99.0000000       96.5577167
     233      21       8    1990      147.7020000      409.7222148      173.2350000      238.9235445       19.2500000       10.1526689      -99.0000000      101.4352092
     234      22       8    1990      178.6300000      404.4127776      199.1600000      208.6991362       19.8900000       11.8554280      -99.0000000      108.8208097
     235      23       8    1990      104.0960000      419.6574440      149.6120000      204.5207734       21.2300000       11.1886278      -99.0000000      111.2134874
     236      24       8    1990      156.4420000      458.0197937      140.8380000      214.1596941       21.9200000       10.2622577      -99.0000000      101.4775343
     237      25       8    1990       83.0990000      475.6382472      220.9640000      227.4842203       20.5500000       10.9361823      -99.0000000      144.8073442
     238      26       8    1990       90.6480000      487.6419752      187.8040000      251.0567662       21.2300000       10.6417129      -99.0000000      249.4755164
     239      27       8    1990      149.4270000      536.7521744      259.2410000      296.9206291       19.8900000       10.0947158      -99.0000000      208.7140134
     240      28       8    1990       98.5860000      632.0313801      193.0300000      375.6838122       21.9200000        9.5369211      -99.0000000      166.6593627
     241      29       8    1990      137.6020000      685.8503969      136.9460000      433.9614307       20.5500000        8.4661538      -99.0000000      151.9070994
     242      30       8    1990       60.6610000      640.2293270      230.8320000      452.5383600       19.8900000        7.6638460      -99.0000000      140.0977427
     243      31       8    1990      171.0420000      573.5178573      211.3380000      384.0770405       21.2300000        7.2500680      -99.0000000      125.3898188
     244       1       9    1990      137.6020000      530.7372834      198.1720000      325.3136717       21.2300000        6.8896140      -99.0000000      131.7849512
     245       2       9    1990      277.6990000      479.9203080      244.1040000      335.4385004       20.5500000        8.0214349      -99.0000000      144.6125600
     246       3       9    1990      131.1000000      457.8428531      180.7890000      385.1164102       19.2500000        8.8242066      -99.0000000      121.6589359
     247       4       9    1990      223.8720000      459.4839450      148.0320000      352.9311010       18.0100000        7.9254416      -99.0000000       99.4007584
     248       5       9    1990      161.8270000      553.4456148      132.9930000      320.5412545       16.2700000        7.2488149      -99.0000000       91.0198768
     249       6       9    1990      167.3200000      608.9561482      245.1570000      307.1728099       15.7200000        6.7338909      -99.0000000      117.0027463
     250       7       9    1990      131.1000000      518.9784811      218.3580000      262.3707764       14.1600000        6.4373765      -99.0000000      255.1573969
     251       8       9    1990      171.0420000      498.1169999      124.4350000      205.9083999       13.6600000        6.7612264      -99.0000000      331.4772389
     252       9       9    1990      121.6920000      613.5519290      101.7410000      154.9242927       12.7200000        7.1976394      -99.0000000      272.9994470
     253      10       9    1990       94.5680000      680.3905092       95.2490000      135.9038215       11.8200000        7.4115237      -99.0000000      187.4485844
     254      11       9    1990       95.8970000      607.5933546      155.1480000      133.4231811       10.1800000        7.0624520      -99.0000000      132.3032022
     255      12       9    1990      112.6930000      647.1201563      132.2210000      200.9646862        9.0700000        6.5823857      -99.0000000      102.2039619
     256      13       9    1990      154.6700000      624.0628476      118.6760000      287.7767784        8.7200000        6.2123493      -99.0000000       86.0934948
     257      14       9    1990      126.3450000      516.9958185       78.6420000      248.0687990        7.7300000        5.9243464      -99.0000000       75.4679949
     258      15       9    1990       78.2790000      391.2953572       64.2310000      173.5042864        6.8300000        5.6980689      -99.0000000       67.8644030
     259      16       9    1990       78.2790000      277.8471152       42.6400000      119.7635306        6.2800000        5.5186314      -99.0000000       62.4130164
     260      17       9    1990      118.6470000      220.5008419       44.3550000       89.8618331        5.2800000        5.4885366      -99.0000000       60.2082873
     261      18       9    1990      151.1630000      259.6756623       39.3580000       86.6758827        4.6200000        5.7116134      -99.0000000       69.0634896
     262      19       9    1990      131.1000000      385.2628328       64.2250000      111.5156249        3.8300000        5.7830551      -99.0000000       96.0590336
     263      20       9    1990      174.8120000      405.8372882       89.9440000      116.9658734        3.3200000        5.5973921      -99.0000000      110.1681744
     264      21       9    1990      101.3190000      371.9918548       86.7050000      101.2170740        3.4800000        6.9933714      -99.0000000      107.9732791
     265      22       9    1990       85.5730000      366.7989025       76.5940000       99.0240119        3.8300000        8.9883388      -99.0000000      115.4149424
     266      23       9    1990      140.9220000      436.6930101      101.4230000      118.2374996        4.0200000       10.1705953      -99.0000000      108.8987483
     267      24       9    1990      165.4770000      477.2225894       75.3980000      127.8210545        3.8300000        9.9783362      -99.0000000      122.5748004
     268      25       9    1990       81.8780000      442.6680988       58.1200000      104.4954419        3.6600000       11.2967256      -99.0000000      120.1690637
     269      26       9    1990       78.2790000      453.6234647       54.5390000       88.2027892        3.1600000       14.9820619      -99.0000000       98.7418320
     270      27       9    1990       73.6270000      528.3309972       66.8030000      127.8210935        2.5800000       18.4460829      -99.0000000       88.6508514
     271      28       9    1990      158.2250000      548.7525165      127.4150000      187.5142794        2.3200000       17.8134084      -99.0000000       84.0107661
     272      29       9    1990      115.6470000      544.7915093       51.8180000      152.8630043        2.2000000       14.4136051      -99.0000000       75.5203237
     273      30       9    1990      165.4770000      516.3743549       61.1560000      121.7706897        2.0800000       12.7351099      -99.0000000       76.3026275
     274       1      10    1990      121.6920000      486.9205978       68.7110000      104.4975612        2.0800000       11.9231465      -99.0000000       92.5708847
     275       2      10    1990      118.6470000      481.2313667       54.7580000       88.9873750        2.0800000       11.7493445      -99.0000000       91.6574535
     276       3      10    1990       71.3630000      540.8974317       41.2320000       76.9585230        2.0800000       10.9599320      -99.0000000       82.6758479
     277       4      10    1990      101.3190000      548.4285914       42.5500000       72.6214937        1.9700000        9.4792396      -99.0000000       73.2182834
     278       5      10    1990       62.7200000      416.1982863       33.1060000       67.5535587        1.9700000        8.3863566      -99.0000000       66.0809887
     279       6      10    1990       54.7240000      263.7820684       26.6610000       59.3836395        1.9700000        7.5698875      -99.0000000       60.7466238
     280       7      10    1990       88.0890000      265.0522736       30.2580000       53.5007710        1.8700000        6.9530201      -99.0000000       56.7031597
     281       8      10    1990       59.6470000      382.5850532       48.3670000       51.6850271        1.8700000        6.4820068      -99.0000000       53.5908453
     282       9      10    1990       46.4840000      365.7897352       26.9170000       48.6208513        1.8700000        6.2582586      -99.0000000       52.9822662
     283      10      10    1990       40.6130000      269.4206775       21.8110000       44.6462953        1.7600000        9.5612379      -99.0000000       68.0467833
     284      11      10    1990       36.7010000      192.8986466       18.9530000       41.2549435        1.7600000       12.8346368      -99.0000000       92.3830546
     285      12      10    1990       35.9470000      154.5091780       17.0140000       38.6421409        1.7600000       11.6385741      -99.0000000       85.4876498
     286      13      10    1990       33.0200000      131.8033572       15.3420000       36.6522057        1.6700000       10.6884179      -99.0000000       74.7852005
     287      14      10    1990       31.6110000      120.0639154       14.1940000       35.3080267        1.6700000       11.3245824      -99.0000000       69.8956657
     288      15      10    1990       30.2380000      136.7500410       15.1400000       35.2587396        1.6700000       11.8813333      -99.0000000       70.9499333
     289      16      10    1990       31.6110000      157.4084917       13.2180000       35.2436999        1.5700000       10.7256438      -99.0000000       66.3387784
     290      17      10    1990       27.5990000      135.8214748       11.9130000       34.2951075        1.5700000       10.2153136      -99.0000000       66.5832083
     291      18      10    1990       25.1000000      137.5677908       10.0990000       35.1858766        1.5700000       13.2262399      -99.0000000       92.6293273
     292      19      10    1990       25.1000000      219.5445277        9.5110000       38.1209137        1.4800000       20.7668829      -99.0000000      194.3055679
     293      20      10    1990       23.9020000      510.1338605        9.1200000       40.7389368        1.4800000       22.0589151      -99.0000000      314.8893397
     294      21      10    1990       23.9020000      614.8384167        9.6700000       44.8387039        1.4000000       17.3833841      -99.0000000      269.6147917
     295      22      10    1990       25.1000000      366.3572829        9.2750000       43.4210708        1.4000000       17.1392182      -99.0000000      243.5742481
     296      23      10    1990       21.6090000      230.0567547        8.8890000       40.1965592        1.4000000       22.6957628      -99.0000000      262.4758263
     297      24      10    1990       20.5140000      171.1816577        8.3450000       37.3398510        1.4800000       26.0797946      -99.0000000      361.7914825
     298      25      10    1990       18.4210000      141.7729674        7.9260000       35.1031893        1.5700000       24.4607419      -99.0000000      390.9347113
     299      26      10    1990       17.4240000      122.3757592        7.7290000       33.3819253        1.6700000       20.9596221      -99.0000000      301.7541892
     300      27      10    1990       16.9380000      108.9998018        7.4150000       32.0430407        1.7600000       22.0034284      -99.0000000      295.5092944
     301      28      10    1990       16.4600000       99.5107690        6.8540000       30.9818165        1.8700000       28.8878068      -99.0000000      383.8201459
     302      29      10    1990       16.4600000       93.1867705        6.6710000       30.1228895        1.7600000       28.0160182      -99.0000000      435.3922031
     303      30      10    1990       15.5280000       88.4254657        6.5900000       29.4128872        1.5700000       22.3029975      -99.0000000      326.3062557
     304      31      10    1990       14.6270000       84.2394635        6.1730000       28.8138335        0.0000000       22.0028779      -99.0000000      222.9926445
     305       1      11    1990       14.1880000       80.9394115        5.9080000       28.2984216        3.6600000       20.1497336      -99.0000000      162.1411978
     306       2      11    1990       13.3350000       78.3039324        5.7550000       27.8467867        3.6600000       16.5451714      -99.0000000      132.2836587
     307       3      11    1990       12.9190000       76.1493790        5.5300000       27.4443136        3.4800000       17.9215839      -99.0000000      129.8930609
     308       4      11    1990       12.5120000       74.3477960        5.3090000       27.0801361        3.4800000       21.9209469      -99.0000000      167.6234967
     309       5      11    1990       12.1120000       73.3886199        5.2070000       26.7460961        3.3200000       23.6693838      -99.0000000      228.4079334
     310       6      11    1990       12.1120000       72.9460406        5.2650000       26.4360140        3.3200000       24.8043117      -99.0000000      237.7290966
     311       7      11    1990       11.7200000       71.7471820        5.1930000       26.1451694        3.3200000       23.8323374      -99.0000000      243.2921588
     312       8      11    1990       11.7200000       72.1097833        5.1790000       25.8699291        3.1600000       27.2495321      -99.0000000      263.0420154
     313       9      11    1990       10.9580000       73.1247290        5.1220000       25.6074760        3.1600000       28.1109112      -99.0000000      327.8024890
     314      10      11    1990       10.9580000       71.5379687        4.7850000       25.3556117        3.0000000       21.8153967      -99.0000000      259.3704159
     315      11      11    1990       10.5880000       69.8315002        4.6890000       25.1126091        3.0000000       17.2993496      -99.0000000      183.7007944
     316      12      11    1990       10.2260000       68.3622635        4.4340000       24.8771034        2.8600000       15.4527407      -99.0000000      138.8672476
     317      13      11    1990       10.2260000       67.0850623        4.2760000       24.6480101        2.8600000       17.3676752      -99.0000000      114.6178989
     318      14      11    1990        9.8710000       65.9535759        4.0970000       24.4244621        2.7100000       18.4832314      -99.0000000      101.1898818
     319      15      11    1990        9.5230000       64.9339118        4.3690000       24.2057631        2.5800000       22.4072061      -99.0000000       97.6376704
     320      16      11    1990        9.1830000       64.0054790        3.9590000       23.9913505        2.5800000       29.7735310      -99.0000000      104.8117869
     321      17      11    1990        9.1830000       63.1449121        3.7980000       23.7807679        2.4500000       28.7563992      -99.0000000      102.6261923
     322      18      11    1990        8.8500000       62.3351474        3.7130000       23.5736425        2.3200000       22.3266562      -99.0000000       91.9718866
     323      19      11    1990        8.5240000       61.5698147        3.7250000       23.3696689        2.3200000       18.1050451      -99.0000000       83.4085853
     324      20      11    1990        8.5240000       60.8406756        3.8220000       23.1685954        2.3200000       15.3851845      -99.0000000       76.2165835
     325      21      11    1990        8.5240000       60.1413600        3.5350000       22.9702134        2.2000000       12.8816115      -99.0000000       70.0662462
     326      22      11    1990        7.8930000       59.4669153        3.3260000       22.7743489        2.0800000       10.9852732      -99.0000000       64.9758889
     327      23      11    1990        7.8930000       58.8134650        3.1800000       22.5808567        1.9700000        9.5995687      -99.0000000       61.0082231
     328      24      11    1990        7.5890000       58.1779560        3.1910000       22.3896139        1.8700000        8.5737882      -99.0000000       58.0247589
     329      25      11    1990        7.2910000       57.5579689        2.9830000       22.2005169        1.8700000        7.8053012      -99.0000000       55.6020405
     330      26      11    1990        7.2910000       56.9515750        2.8240000       22.0134769        1.7600000        7.2231055      -99.0000000       54.0372193
     331      27      11    1990        7.2910000       56.3572281        2.8030000       21.8284181        1.7600000        6.9536578      -99.0000000       53.4564968
     332      28      11    1990        7.2910000       55.7736811        2.8130000       21.6452748        1.6700000        8.6881807      -99.0000000       54.4620072
     333      29      11    1990        7.0010000       55.1999229        2.8450000       21.4639897        1.5700000       10.7897129      -99.0000000       63.4389840
     334      30      11    1990        7.2910000       54.6388999        2.6700000       21.2846030        1.5700000       11.8741071      -99.0000000       76.3512227
     335       1      12    1990        7.0010000       54.1011843        2.6600000       21.1070871        1.5700000       11.9531353      -99.0000000       81.0105792
     336       2      12    1990        7.0010000       53.5576594        2.7820000       20.9311513        1.4800000       13.0085568      -99.0000000       75.0234729
     337       3      12    1990        6.7170000       53.0125911        2.7930000       20.7568400        1.4800000       14.6235120      -99.0000000       73.0008431
     338       4      12    1990        6.7170000       52.4748755        2.7000000       20.5841747        1.4000000       14.0557761      -99.0000000       74.9569182
     339       5      12    1990        6.7170000       51.9442345        2.5000000       20.4131387        1.4000000       12.0186551      -99.0000000       68.7018464
     340       6      12    1990        6.4400000       51.4202975        2.3840000       20.2437080        1.4000000       10.4303110      -99.0000000       63.0215925
     341       7      12    1990        6.1700000       50.9027511        2.1970000       20.0758581        1.3200000        9.2077021      -99.0000000       58.9695231
     342       8      12    1990        6.1700000       50.3913293        2.1610000       19.9095658        1.3200000        8.2739002      -99.0000000       56.2150536
     343       9      12    1990        5.9070000       49.8858052        2.3940000       19.7448093        1.4000000        9.4732212      -99.0000000       63.0329825
     344      10      12    1990        5.6500000       49.3859831        2.1980000       19.5815684        1.5700000       13.2346411      -99.0000000       81.3494648
     345      11      12    1990        5.6500000       48.8916933        2.0530000       19.4198236        1.4800000       33.2460279      -99.0000000      130.4322208
     346      12      12    1990        5.6500000       48.4027873        2.0350000       19.2595566        1.5700000       87.2442408      -99.0000000      358.6923897
     347      13      12    1990        5.6500000       47.9191344        2.0180000       19.1007499        1.4800000      117.9269878      -99.0000000      651.1090404
     348      14      12    1990        5.4000000       47.4406180        1.9140000       18.9433867        1.5700000      131.3233647      -99.0000000      633.6465551
     349      15      12    1990        5.4000000       46.9671336        1.8890000       18.7874510        1.7600000      133.8876755      -99.0000000      574.4600904
     350      16      12    1990        5.1570000       46.4985868        1.8140000       18.6329270        1.7600000      113.9192756      -99.0000000      446.8632504
     351      17      12    1990        5.1570000       46.0348915        1.6600000       18.4797998        1.6700000       94.3347774      -99.0000000      351.2961555
     352      18      12    1990        5.1570000       45.5759686        1.6360000       18.3280545        1.6700000       80.8895233      -99.0000000      283.1506537
     353      19      12    1990        5.1570000       45.1217447        1.6360000       18.1776769        1.6700000       61.2165694      -99.0000000      204.9667291
     354      20      12    1990        5.1570000       44.6721516        1.6360000       18.0286529        1.5700000       41.5381429      -99.0000000      156.7265251
     355      21      12    1990        5.1570000       44.2271252        1.6360000       17.8809691        1.5700000       30.1862686      -99.0000000      128.0382808
     356      22      12    1990        4.6900000       43.7866048        1.6360000       17.7346118        1.5700000       23.2696381      -99.0000000      107.4633101
     357      23      12    1990        4.6900000       43.3505331        1.6360000       17.5895680        1.5700000       18.5121358      -99.0000000       92.6814381
     358      24      12    1990        4.6900000       42.9188552        1.6360000       17.4458249        1.4800000       15.1772458      -99.0000000       81.8977804
     359      25      12    1990        4.6900000       42.4915183        1.6130000       17.3033695        1.4800000       12.7997579      -99.0000000       73.9081486
     360      26      12    1990        4.4660000       42.0684720        1.4840000       17.1621896        1.4000000       11.0788277      -99.0000000       67.9006958
     361      27      12    1990        4.4660000       41.6496671        1.4980000       17.0222726        1.4000000        9.8157805      -99.0000000       63.3187715
     362      28      12    1990        4.4660000       41.2350562        1.4540000       16.8836065        1.4000000        8.8769254      -99.0000000       59.7747883
     363      29      12    1990        4.4660000       40.8245933        1.4030000       16.7461793        1.4000000        8.1707630      -99.0000000       56.9950967
     364      30      12    1990        4.2490000       40.4182332        1.3960000       16.6099791        1.4000000        7.6337030      -99.0000000       54.7840360
     365      31      12    1990        4.2490000       40.0159320        1.3960000       16.4749943        1.3200000        7.3594121      -99.0000000       53.0000867
     366       1       1    1991        4.2490000       39.6176469        1.3960000       16.3412132        1.3200000        9.9706599        2.4730000       60.0687609
     367       2       1    1991        4.2490000       39.2233355        1.3810000       16.2086244        1.3200000       15.2954997        2.4380000       83.5765733
     368       3       1    1991        4.2490000       38.8334971        1.2970000       16.0772167        1.2400000       17.8203607        2.4040000       83.6705770
     369       4       1    1991        4.4660000       38.4537577        1.2970000       15.9470238        1.2400000       19.5257983        2.4730000       84.0765264
     370       5       1    1991        4.2490000       38.1023738        1.3600000       15.8181045        1.3200000       20.6145693        2.4730000       90.3885289
     371       6       1    1991        4.2490000       37.7788372        1.2420000       15.6903615        1.3200000       22.7843262        2.6140000       92.8801486
     372       7       1    1991        4.2490000       37.4092750        1.1810000       15.5636753        1.4800000       26.6227181        2.7610000      104.7696188
     373       8       1    1991        4.0380000       37.0271812        1.1750000       15.4380241        1.5700000       27.2918688       15.8690000      123.9106691
     374       9       1    1991        4.0380000       36.6496092        1.1750000       15.3134665        1.6700000       23.4785294        8.5740000      155.4392231
     375      10       1    1991        4.0380000       36.2773321        1.1750000       15.1900109        1.7600000       18.7686439        3.8360000      140.3004670
     376      11       1    1991        3.8330000       35.9100605        1.1550000       15.0676509        1.7600000       15.4184867       19.3970000      121.8300504
     377      12       1    1991        3.8330000       35.5476057        1.0470000       14.9464021        1.6700000       12.9936265       18.1720000      103.8142999
     378      13       1    1991        3.8330000       35.1908896        1.0590000       14.8297895        1.5700000       11.2301929       17.5780000       90.6372382
     379      14       1    1991        3.6350000       34.8423479        1.0280000       14.7285591        1.4800000        9.9372495       16.9960000       80.6536423
     380      15       1    1991        3.8330000       34.4997034        1.0220000       14.6293878        1.4800000        8.9770553       16.3140000       72.2394284
     381      16       1    1991        3.8330000       34.1541248        1.0160000       14.5157878        1.4000000        9.6177928       13.2580000       71.5884241
     382      17       1    1991        3.8330000       33.8130527        0.9740000       14.3967896        1.4000000       10.0837841        9.4270000       84.8826577
     383      18       1    1991        3.6350000       33.4770209        0.9270000       14.2779876        1.3200000        9.2838918        5.4180000       83.0804050
     384      19       1    1991        3.4420000       33.1416525        0.8870000       14.1604360        1.3200000        8.5309728        2.5430000       74.8917221
     385      20       1    1991        3.4420000       32.8091287        0.8700000       14.0443800        1.2400000        7.9124408        1.9850000       67.8153336
     386      21       1    1991        3.4420000       32.4803342        0.8140000       13.9297999        1.3200000        7.4396102        1.9250000       62.4562513
     387      22       1    1991        3.4420000       32.1551962        0.8590000       13.8166212        1.4800000        7.0744124        1.8950000       58.3558139
     388      23       1    1991        3.2560000       31.8336131        0.8140000       13.7047679        1.7600000        6.7895189        1.8950000       55.1752801
     389      24       1    1991        3.2560000       31.5154954        0.8700000       13.5941730        1.6700000        6.5650902        1.9550000       52.6743085
     390      25       1    1991        3.2560000       31.2007639        0.8590000       13.4847787        1.4800000        6.4162217        2.0160000       50.8825487
     391      26       1    1991        3.2560000       30.8893481        0.7410000       13.3765359        1.4000000        8.9562411        2.0770000       68.0392751
     392      27       1    1991        3.0760000       30.5811842        0.7720000       13.2694023        1.3200000       12.1197221        2.3700000      130.3660597
     393      28       1    1991        3.0760000       30.2762144        0.7200000       13.1633413        1.2400000       23.2643423        2.9890000      301.3678212
     394      29       1    1991        3.0760000       29.9743859        0.7090000       13.0583213        1.1600000       29.6749812        3.3120000      499.4269753
     395      30       1    1991        3.0760000       29.6756497        0.7090000       12.9543145        1.1600000       23.6972022        3.3960000      350.4358818
     396      31       1    1991        2.9010000       29.3799604        0.7090000       12.8512964        1.0900000       19.1334236        3.5680000      232.0982611
     397       1       2    1991        3.0760000       29.0872755        0.7040000       12.7492454        1.0300000       15.6102198        1.8660000      161.5672582
     398       2       2    1991        2.9010000       28.7975549        0.6700000       12.6481419        0.9600000       13.1865696        1.8950000      121.0772589
     399       3       2    1991        2.9010000       28.5107604        0.6360000       12.5479683        0.8400000       11.4680360        1.9550000       98.7461452
     400       4       2    1991        2.7330000       28.2268560        0.6310000       12.4487088        0.7400000       12.7886112        2.0160000       85.1628516
     401       5       2    1991        2.7330000       27.9458067        0.6310000       12.3503487        0.6400000       13.2068655        1.9850000       75.1869621
     402       6       2    1991        2.9010000       27.6675793        0.6220000       12.2528745        0.6000000       11.3686518        1.9850000       67.8532147
     403       7       2    1991        2.7330000       27.3921415        0.5620000       12.1562738        0.6000000       10.0232811        1.9550000       62.3967560
     404       8       2    1991        2.7330000       27.1194619        0.5310000       12.0605347        0.5500000        9.0258046        1.8950000       58.2707352
     405       9       2    1991        2.7330000       26.8495102        0.5530000       11.9656463        0.5500000        8.2773531        1.9550000       56.5718852
     406      10       2    1991        2.5710000       26.5822568        0.5570000       11.8715982        0.5500000        8.5770740        1.8660000       56.2489862
     407      11       2    1991        2.5710000       26.3176729        0.5570000       11.7783804        0.5100000        8.8010798        1.8950000       54.3974298
     408      12       2    1991        2.5710000       26.0557300        0.5570000       11.6859834        0.5100000        8.2090113        1.8950000       52.7782479
     409      13       2    1991        2.5710000       25.7964005        0.5570000       11.5943982        0.5100000        7.6695903        1.8950000       51.9073933
     410      14       2    1991        2.5710000       25.5396572        0.5530000       11.5036160        0.4800000        7.2383754        1.8950000       50.5211497
     411      15       2    1991        2.4140000       25.2854734        0.5230000       11.4136282        0.4800000        6.9041746        1.8950000       48.8889662
     412      16       2    1991        2.4140000       25.0338227        0.4970000       11.3244266        0.4800000        7.6425066        1.8950000       47.9317524
     413      17       2    1991        2.4140000       24.7846792        0.5140000       11.2360033        0.4800000       13.2092825        1.8950000       50.3122909
     414      18       2    1991        2.4140000       24.5380174        0.4930000       11.1483504        0.4100000       16.0528582        1.8950000       50.9038417
     415      19       2    1991        2.2630000       24.2938121        0.4890000       11.0614603        0.4100000       13.4155861        1.8950000       49.1545578
     416      20       2    1991        2.2630000       24.0520386        0.4970000       10.9753253        0.4100000       11.4994848        1.8950000       47.5120991
     417      21       2    1991        2.2630000       23.8126722        0.5310000       10.8899384        0.4100000       10.0996260        1.8950000       47.4468852
     418      22       2    1991        2.2630000       23.5756887        0.4410000       10.8052921        0.4100000        9.1146864        1.8950000       48.1589086
     419      23       2    1991        2.2630000       23.3410642        0.4250000       10.7213794        0.3800000        8.4599268        1.8950000       48.4446872
     420      24       2    1991        2.2630000       23.1087751        0.4250000       10.6381934        0.3800000        7.8578652        1.8950000       48.3729542
     421      25       2    1991        2.1180000       22.8789040        0.4250000       10.5557271        0.4400000        7.4206303        1.8950000       47.8764757
     422      26       2    1991        2.1180000       22.6515761        0.4250000       10.4739737        0.4100000        7.0488577        1.8370000       46.8400313
     423      27       2    1991        2.1180000       22.4265910        0.4250000       10.3929267        0.3800000        6.7436999        1.8370000       46.5657249
     424      28       2    1991        2.1180000       22.2039364        0.4250000       10.3125792        0.3500000        6.5040312        1.7800000       45.7199036
     425       1       3    1991        2.2630000       21.9830249        0.4250000       10.2329249        0.3200000        6.3139738        1.7800000       44.9457831
     426       2       3    1991        2.2630000       21.7642287        0.4250000       10.1539572        0.3200000        6.1735354        1.7520000       44.4361530
     427       3       3    1991        2.2630000       21.5493383        0.4170000       10.0756699        0.2900000        6.0522602        1.7240000       43.3430571
     428       4       3    1991        2.1180000       21.3380415        0.3720000        9.9980564        0.2900000        5.9491192        1.6960000       42.4542328
     429       5       3    1991        2.1180000       21.1258776        0.3650000        9.9211107        0.2700000        5.8641654        1.6420000       42.0961323
     430       6       3    1991        2.1180000       20.9153284        0.3650000        9.8448266        0.2700000        6.2435943        1.6150000       41.7048903
     431       7       3    1991        2.1180000       20.7070063        0.3650000        9.7699597        0.2900000        6.7230917        1.7800000       42.7872024
     432       8       3    1991        1.9780000       20.5138758        0.3660000        9.6982784        0.3200000        6.5242869        1.7800000       42.8287641
     433       9       3    1991        2.1180000       20.3800040        0.3720000        9.6258086        0.3800000        6.3112592        1.7240000       41.6591518
     434      10       3    1991        2.1180000       20.2563696        0.3660000        9.5523008        0.4100000        6.5549247        1.7800000       41.3560385
     435      11       3    1991        1.9780000       20.0548877        0.3650000        9.4789252        0.4800000        7.1017728        1.8660000       42.6013541
     436      12       3    1991        1.9780000       19.8347511        0.3650000        9.4061136        0.5500000        7.3825011        1.8950000       47.3022520
     437      13       3    1991        1.9780000       19.6202155        0.3650000        9.3339546        0.6400000        8.8258527        2.4040000       60.9930859
     438      14       3    1991        1.9780000       19.4109810        0.3650000        9.2624569        0.6900000       16.3575815        2.4730000       86.5464373
     439      15       3    1991        1.8440000       19.2063822        0.3650000        9.1916116        0.6900000       19.8644575        2.4040000      108.3441663
     440      16       3    1991        1.8440000       19.0069678        0.3650000        9.1214071        0.6400000       16.0481317        2.3700000       94.7076335
     441      17       3    1991        1.8440000       18.8131032        0.3650000        9.0519125        0.6000000       13.3447047        2.2040000       80.4351167
     442      18       3    1991        1.8440000       18.6255785        0.3650000        8.9837651        0.6000000       11.3991415        2.0160000       69.8191380
     443      19       3    1991        1.8440000       18.4507406        0.3650000        8.9171757        0.5500000        9.9788060        1.7240000       61.9809657
     444      20       3    1991        1.9780000       18.2639021        0.3650000        8.8500601        0.5500000        8.9282483        1.6690000       56.1138119
     445      21       3    1991        1.9780000       18.0785329        0.3580000        8.7828382        0.5100000        8.1417489        1.6690000       51.6622427
     446      22       3    1991        1.9780000       17.9002268        0.3240000        8.7160631        0.6000000        7.5462556        1.6690000       48.2401316
     447      23       3    1991        2.2630000       17.7416652        0.3510000        8.6525173        0.5500000        7.0905536        1.6150000       45.5752342
     448      24       3    1991        2.2630000       17.7492510        0.3240000        8.6014267        0.6400000        6.8035176        1.6150000       43.4926586
     449      25       3    1991        2.5710000       18.0288627        0.3580000        8.5536916        0.6900000        7.2391772        1.6150000       46.0342989
     450      26       3    1991        2.1180000       17.8624331        0.3800000        8.4928456        0.7900000        8.0752627        1.6150000       58.6876016
     451      27       3    1991        2.2630000       17.5724517        0.4640000        8.4263509        0.9600000        8.3766280        1.7240000       64.1438189
     452      28       3    1991        2.1180000       17.3068099        0.4320000        8.3595288        1.0300000       11.5655015        3.6560000       68.5000687
     453      29       3    1991        1.9780000       17.0627187        0.4250000        8.2935333        1.2400000       22.0200411        3.6120000      129.6120362
     454      30       3    1991        1.8440000       16.8357479        0.4250000        8.2285431        1.4800000       28.7841982        3.8360000      355.2204982
     455      31       3    1991        1.5930000       16.6225076        0.4250000        8.1645250        1.8700000       26.0659069        3.9280000      477.0579153
     456       1       4    1991        1.5930000       16.4203997        0.4170000        8.1014098        2.3200000       23.0979662        5.2500000      569.5199558
     457       2       4    1991        1.5930000       16.2274189        0.3720000        8.0391301        2.5800000       20.6543428       11.4650000      625.7342103
     458       3       4    1991        1.5930000       16.0420067        0.3650000        7.9776273        2.2000000       29.8822378       11.0200000      525.3150732
     459       4       4    1991        1.5930000       15.8635563        0.3720000        7.9207074        1.9700000       40.8581989        6.8190000      480.3041845
     460       5       4    1991        1.5930000       15.7044840        0.4170000        7.8754931        1.8700000       38.7381433        7.4220000      412.5216006
     461       6       4    1991        2.1180000       15.6814921        0.4100000        7.8226994        1.7600000       42.2368965        7.9130000      376.9024991
     462       7       4    1991        2.4140000       15.8324632        0.3310000        7.7702816        1.7600000       53.9334050        9.0330000      450.9033952
     463       8       4    1991        3.0760000       15.6983592        0.3810000        7.7236317        1.6700000       51.5325638       10.5850000      578.1532975
     464       9       4    1991        3.4420000       15.5298076        0.5230000        7.6671117        1.5700000       42.2253191        6.5610000      437.3347828
     465      10       4    1991        5.1570000       15.8440943        0.5060000        7.6336114        1.7600000       35.9601957        7.6300000      316.5799429
     466      11       4    1991       13.7580000       17.0215615        0.5400000        7.6529923        2.0800000       39.7150701       58.3310000      269.7827290
     467      12       4    1991        5.1570000       18.4299180        0.4970000        7.6357896        2.2000000       47.6405680       14.2680000      293.7997331
     468      13       4    1991        5.4000000       20.7673585        0.4800000        7.5760100        1.9700000       43.9996631       11.6460000      265.6337980
     469      14       4    1991        5.6500000       19.6636033        0.4400000        7.5023893        1.7600000       41.4184809        7.7710000      230.7448249
     470      15       4    1991        5.6500000       18.4590928        0.4640000        7.4288838        1.5700000       34.9436463        6.1850000      185.3984678
     471      16       4    1991        3.2560000       17.8491380        0.3800000        7.3585034        1.4000000       28.7119544        5.2500000      163.4116915
     472      17       4    1991        2.9010000       20.2465339        0.3720000        7.3062355        1.4000000       26.0140965        5.0850000      143.6082849
     473      18       4    1991        6.1700000       28.3726788        0.4170000        7.3075947        1.3200000       33.2269860        4.7140000      123.9291589
     474      19       4    1991        8.2050000       36.9898499        0.4410000        7.3410157        1.1600000       45.9138436        4.1160000      117.1722087
     475      20       4    1991        5.6500000       46.5074288        0.5310000        7.3784487        0.9600000       52.5502789        4.0220000      118.9914230
     476      21       4    1991        6.4400000       57.0919317        0.4970000        7.3695918        0.8400000       60.6760790        3.8360000      119.8228768
     477      22       4    1991        7.8930000       62.3905050        0.4800000        7.3096229        0.7400000       58.1539013        3.7010000      148.4132944
     478      23       4    1991        4.6900000       65.3249059        0.4400000        7.2619857        0.6400000       55.5827073        3.6560000      214.4330090
     479      24       4    1991        3.6350000       61.8459591        0.4800000        7.1895834        0.5500000       50.6127207        4.3100000      260.2341401
     480      25       4    1991        7.8930000       51.9470421        0.4800000        7.0994733        0.5100000       43.0923806        3.8360000      261.6971335
     481      26       4    1991        4.2490000       43.3581864        0.4320000        7.0105161        0.6000000       37.3508220        3.8360000      241.0875466
     482      27       4    1991        2.9010000       35.8920437        0.4170000        6.9278566        0.7900000       32.8391073        3.8360000      202.1850412
     483      28       4    1991        2.7330000       33.2401242        0.3870000        6.8531425        0.6900000       32.0512017        3.7460000      201.1793918
     484      29       4    1991        2.7330000       33.4690127        0.4810000        6.7845692        0.6400000       33.9358993        3.7460000      229.4485614
     485      30       4    1991        2.7330000       29.7562962        0.5310000        6.7179839        0.6400000       39.3943817        3.7460000      261.2236203
     486       1       5    1991        2.7330000       26.0227434        0.4410000        6.6541320        0.5100000       47.5973318        4.1160000      277.5210878
     487       2       5    1991        2.7330000       23.2873539        0.4320000        6.5932183        0.6400000       55.1082408        5.8830000      377.4601948
     488       3       5    1991        2.7330000       21.2694433        0.4720000        6.5349151        0.7900000       48.3810230        5.1950000      443.2330338
     489       4       5    1991        3.0760000       20.7829111        0.4660000        6.4811705        0.6900000       39.5399022        4.7140000      340.9186072
     490       5       5    1991        2.7330000       23.9737329        0.7140000        6.4377937        0.6400000       35.3381835        4.1160000      245.9221405
     491       6       5    1991        3.0760000       32.0591492        1.0630000        6.4192909        0.5500000       28.3646346        3.7910000      178.8867622
     492       7       5    1991        2.7330000       43.7993387        1.2980000        6.5014092        0.5100000       24.6001022        3.7460000      144.2297267
     493       8       5    1991        6.1700000       58.2044227        1.0420000        6.9370127        0.5500000       27.8472801        3.8360000      132.7320905
     494       9       5    1991        4.9200000       76.4025047        1.1230000        8.1901273        0.5500000       31.3627619        3.7460000      142.1526544
     495      10       5    1991        7.2910000       81.2301961        1.2350000        9.3002432        0.6400000       33.6826482        3.8820000      153.5484305
     496      11       5    1991        3.0760000       62.6715091        1.1100000        9.1271936        0.6900000       37.5845363        4.0220000      152.5848032
     497      12       5    1991        8.2050000       49.3878698        1.1490000        8.6198493        0.6900000       55.0866545        4.9770000      167.5843207
     498      13       5    1991        7.2910000       47.9823682        1.0720000        8.1737781        0.6400000       64.2440429        6.0630000      237.6550268
     499      14       5    1991        8.5240000       52.7020538        0.9740000        7.7647838        0.6900000       62.7265175        7.9130000      454.8045011
     500      15       5    1991        9.1830000       43.6196912        0.8810000        7.4082619        0.7900000       59.6445876        8.0570000      701.0092988
     501      16       5    1991       12.1120000       36.2107580        0.8090000        7.1187581        0.8400000       59.1606900        8.1300000      583.8592931
     502      17       5    1991        6.1700000       30.8867142        0.8040000        6.8823394        0.9000000       50.2327813        7.7000000      461.5014145
     503      18       5    1991        4.6900000       27.0720587        0.6510000        6.6875055        1.0300000       36.7854656        7.2850000      311.9592170
     504      19       5    1991       12.9190000       26.3568049        0.5850000        6.5565457        1.0300000       33.7491464        6.6890000      251.1349764
     505      20       5    1991       11.3350000       27.5863023        0.5010000        6.4851176        1.1600000       30.0624971        6.1850000      237.1029235
     506      21       5    1991       14.1880000       28.0961734        0.5060000        6.3817854        1.0900000       26.0184859        5.7640000      196.6272292
     507      22       5    1991       13.7580000       34.0557906        0.6320000        6.2669025        1.2400000       28.2311543        4.9240000      189.5056211
     508      23       5    1991        9.8710000       45.5365433        0.7410000        6.1730796        1.3200000       31.5734135        6.4340000      266.5829739
     509      24       5    1991       12.9190000       51.7505011        0.5950000        6.1023530        1.6700000       44.7854645        7.5600000      459.2096769
     510      25       5    1991       20.5140000       44.8733021        0.6790000        6.0456389        1.9700000       48.0155846       10.5850000      688.6321766
     511      26       5    1991       17.4240000       36.9798712        1.0320000        5.9816644        2.5800000       40.2167766       12.7700000      552.5457976
     512      27       5    1991        9.1830000       31.5985670        0.9450000        5.8999897        3.0000000       44.3477872       15.1090000      447.4524090
     513      28       5    1991       18.9320000       37.1991299        0.8980000        5.8258596        3.6600000       53.7804035       18.1720000      458.3998374
     514      29       5    1991       14.1880000       62.5664013        0.9390000        5.7861836        4.6200000       49.7653034       60.0810000      421.8183550
     515      30       5    1991        9.8710000       81.2424040        0.7940000        5.7686144        5.0500000       37.5679651       18.1720000      302.0663171
     516      31       5    1991       12.1120000       83.3322442        0.6600000        5.7429546        0.0000000       30.6810194       17.8140000      212.9148031
     517       1       6    1991       26.3320000       82.7335573        0.7200000        5.6918530        5.2800000       28.5164861       18.1720000      175.1273177
     518       2       6    1991       22.7390000       77.3233873        0.8590000        5.6257532        4.8300000       25.7566456       18.1720000      181.1944459
     519       3       6    1991       23.3160000      100.0413007        0.9040000        5.5656768        4.2100000       24.5498016       18.0520000      182.9369146
     520       4       6    1991       19.4510000      110.5127963        1.1000000        5.5143202        4.0200000       24.7722268       17.9330000      178.6667653
     521       5       6    1991       15.5280000      104.0754702        1.4410000        5.4710781        3.8300000       23.7739208       16.7670000      187.6673865
     522       6       6    1991       14.6270000      107.2130210        1.4400000        5.4711884        3.6600000       28.6567477       12.9640000      212.7852344
     523       7       6    1991       21.6090000      121.0714263        1.6460000        5.5074743        3.0000000       29.3084577       13.7570000      214.5981665
     524       8       6    1991       16.4600000      138.2596892        1.9860000        5.5158135        3.1600000       25.9369463       15.3240000      185.7850453
     525       9       6    1991       25.1000000      177.1608201        2.4740000        5.5605503        3.8300000       23.3106940       15.8690000      164.5759211
     526      10       6    1991       27.5990000      171.7595548        2.8880000        5.6000862        3.3200000       19.0312706       53.9770000      138.9809443
     527      11       6    1991       33.0200000      162.8731683        2.8240000        5.7387008        3.1600000       17.1274783       65.5260000      129.0897780
     528      12       6    1991       35.9470000      178.4696722        2.7420000        6.1606844        3.1600000       22.1947333       42.1460000      142.2639641
     529      13       6    1991       25.1000000      179.4181920        2.4140000        7.3811361        3.3200000       30.3090052       14.7900000      153.4446547
     530      14       6    1991       37.4650000      140.5494608        2.5800000       10.7990401        3.8300000       31.6061624       13.5560000      166.6340091
     531      15       6    1991       36.7010000      129.0018206        2.9410000       13.2541847        4.2100000       28.4319568       12.3890000      189.4242004
     532      16       6    1991       39.0200000      141.2726661        3.0080000       12.6753544        4.6200000       29.1787928       11.3750000      205.1398632
     533      17       6    1991       43.9110000      123.6791736        2.2790000       11.2581379        4.0200000       33.3945517        9.9130000      200.7991498
     534      18       6    1991       62.7200000      124.3506686        1.6500000       10.7244952        3.6600000       30.6209998        8.7250000      160.9387697
     535      19       6    1991       66.9600000      165.7313640        1.2850000       12.2445393        3.3200000       24.0227748        7.8420000      131.8759851
     536      20       6    1991       78.2790000      154.8291713        1.7030000       14.5163360        3.1600000       19.4719750        7.4910000      113.0020140
     537      21       6    1991       42.2430000      142.2460145        2.6710000       15.5187331        2.8600000       16.9959910        7.4910000       99.8592289
     538      22       6    1991       85.5730000      140.9860457        3.5300000       16.1699090        3.3200000       15.9811634        7.4220000       89.9830277
     539      23       6    1991       83.0990000      155.1185706        4.5940000       17.5584811        3.8300000       15.4453466        7.6300000       82.6646981
     540      24       6    1991       66.9600000      183.8560716        6.1520000       20.7147298        3.3200000       14.8366451        7.7710000       79.1976828
     541      25       6    1991       98.5860000      266.4428774        8.1190000       27.0467555        3.4800000       13.8692999        7.7000000       87.9670452
     542      26       6    1991      112.6930000      427.0332924       17.0310000       44.1457035        3.6600000       12.7028218        6.9500000      105.7151288
     543      27       6    1991      102.7020000      623.7826590       37.8230000       68.0374014        4.0200000       14.8081045        7.4910000      116.7072345
     544      28       6    1991      132.7080000      645.1410148       97.2600000       87.1542544        3.6600000       16.4471962        7.2850000      115.7106518
     545      29       6    1991       52.8250000      491.4392084      110.2210000       93.0678589        3.8300000       15.5706292        7.5600000      115.5944072
     546      30       6    1991      210.9380000      383.3520584      100.1920000       92.2490301        3.8300000       14.5580044        7.5600000      113.0050992
     547       1       7    1991      124.7830000      342.5930295       60.9520000      108.1372964        3.3200000       13.4841049        7.7710000      110.7963968
     548       2       7    1991      244.1260000      379.3694049       55.5390000      138.7500059        3.6600000       12.8903692        8.3500000      111.1752168
     549       3       7    1991      106.9170000      382.2885663       52.1970000      137.9688784        3.8300000       12.9256269        8.3500000      111.5795038
     550       4       7    1991       65.8850000      433.0379050       55.9550000      161.3313707        4.0200000       12.7460810        8.0570000      105.4088184
     551       5       7    1991       85.5730000      465.4157462       63.1140000      197.2524119        4.2100000       11.4062188        8.2030000       94.3198220
     552       6       7    1991      221.6850000      478.5926533       62.8990000      204.5060037        3.8300000       10.4280928        8.5740000       92.4662518
     553       7       7    1991      221.6850000      512.9404864       26.7670000      213.7179304        4.4100000       13.8754141        8.8010000      122.8607610
     554       8       7    1991      145.9900000      515.8836519       21.3770000      257.2061122        4.8300000       15.7715037        8.9550000      140.0737327
     555       9       7    1991      104.0960000      468.1146613       23.1520000      277.2788744        6.0200000       13.6043725        7.0830000      121.4892642
     556      10       7    1991      151.1630000      458.9164724       26.1160000      218.1584245        6.8300000       13.2073203        6.3710000      107.4796441
     557      11       7    1991      188.3890000      552.4312259       22.3120000      233.4722519        7.4200000       12.7409525        6.8190000      105.9446701
     558      12       7    1991      277.6990000      633.3203297       17.3570000      379.3222124        9.0700000       11.4466137        8.4990000      109.1856983
     559      13       7    1991      275.2160000      552.1291162       29.5550000      451.3199490        9.8000000       10.4508129        8.4990000      107.3142994
     560      14       7    1991      186.4130000      483.6771524      115.9330000      426.0908526       12.2600000        9.6838682        7.7000000      101.4767251
     561      15       7    1991      248.7670000      496.1552593      147.8920000      423.1462321       13.1800000       10.4997391        7.7710000      104.9696042
     562      16       7    1991      303.2470000      460.9532895       61.5500000      351.8730762       15.7200000       10.8648028        7.9130000      106.3599892
     563      17       7    1991      196.4160000      382.6834816       94.7460000      287.7877224       19.2500000       10.3011305        7.2170000      101.2924493
     564      18       7    1991      188.3890000      354.1673761       63.1470000      226.0167587       22.6300000        9.8800294       19.3970000       97.7748978
     565      19       7    1991      272.7470000      467.1039862       41.7260000      254.8600787       27.2700000        9.2538054       57.8370000      102.6859645
     566      20       7    1991      217.3490000      620.9368750       55.1730000      383.5960700       38.7500000        8.7623640       57.8370000      108.9121565
     567      21       7    1991      200.5030000      611.4554539       45.7390000      374.0545161       31.6800000       11.4670113       18.1720000      107.5559091
     568      22       7    1991      186.4130000      529.3983240       63.3110000      364.0473177       28.1100000       15.2335207       13.7570000      119.5735293
     569      23       7    1991      241.8250000      528.5972125       68.8860000      397.6440744       26.4500000       15.1277813       14.6840000      133.9032538
     570      24       7    1991      230.5090000      542.5216518       72.2360000      369.1514308       23.3600000       13.4775937       11.8290000      163.3786616
     571      25       7    1991      174.8120000      445.1033807       79.4280000      296.6186250       19.8900000       12.3286084       11.6460000      160.6927512
     572      26       7    1991      192.3780000      341.9642602      100.1170000      223.4659096       17.4200000       12.3199448       10.9320000      130.3595161
     573      27       7    1991      165.4770000      368.5562584      136.0120000      201.0524089       15.7200000       12.7269536       10.5000000      116.0962192
     574      28       7    1991      239.5360000      430.9182009      192.2060000      237.2383773       14.1600000       12.4507254       10.5000000      118.7039149
     575      29       7    1991      147.7020000      423.3592728      194.6410000      259.2722384       12.7200000       12.0379039       11.3750000      134.5126392
     576      30       7    1991      152.9100000      360.1916223      244.0510000      234.8788207       11.8200000       11.5894130       14.7900000      139.3670266
     577      31       7    1991      151.1630000      347.7073467      285.5900000      242.3411747       10.5700000       11.1633088       11.8290000      137.7695289
     578       1       8    1991      178.6300000      330.5107952      270.0350000      260.6247461       10.5700000       12.3353119       16.4270000      134.2621365
     579       2       8    1991      154.6700000      331.3561888      244.1980000      225.0063125        9.4300000       13.9541186       12.2000000      132.3930527
     580       3       8    1991      135.9590000      362.1005672      147.8750000      242.8129673        8.7200000       15.9253137       10.9320000      130.8308840
     581       4       8    1991      171.0420000      395.2393979      145.7350000      317.8703086        8.3800000       15.7209429        9.1890000      129.9684454
     582       5       8    1991      248.7670000      479.7845779      187.0960000      359.8501098        7.7300000       13.5174367       11.7370000      134.2050958
     583       6       8    1991      206.7270000      543.4100433      280.4220000      386.7392977        7.1200000       11.9163160       10.9320000      120.1987804
     584       7       8    1991      156.4420000      514.2806065      212.7090000      331.3615080        7.1200000       12.7875284        8.8010000      114.4036614
     585       8       8    1991      163.6460000      478.0464368      163.3880000      270.4445731        6.8300000       13.9242826        9.1110000      132.4555013
     586       9       8    1991      208.8260000      569.7902106      164.1050000      321.8734115        7.7300000       12.2979606       10.2460000      145.8187613
     587      10       8    1991      272.7470000      627.1993746      302.5010000      410.7402294        7.1200000       11.0149433       12.7700000      122.4862969
     588      11       8    1991      324.6410000      550.4424782      215.2710000      377.3395706        6.5500000       18.1628300       12.2940000      128.2945240
     589      12       8    1991      303.2470000      571.6497658      200.4910000      401.1342168        6.8300000       23.3311401       13.3570000      185.8603892
     590      13       8    1991      321.9200000      556.2127143      195.1490000      500.2958762        6.8300000       19.1308762       13.6560000      185.1800372
     591      14       8    1991      204.6400000      443.6184482      174.9210000      492.0425816        6.5500000       19.7936826        8.5740000      165.6724105
     592      15       8    1991      213.0620000      372.5321503      120.1440000      383.2495346        7.7300000       19.3831978        9.1110000      160.5429438
     593      16       8    1991      152.9100000      436.2517178       80.0470000      358.3132686        7.7300000       16.1301719        9.1110000      136.8896264
     594      17       8    1991      153.7890000      425.0716257      103.1690000      358.1239531        7.1200000       13.8467885        9.1110000      116.3771675
     595      18       8    1991      160.0200000      383.9530322      115.3460000      319.7755828        7.7300000       12.5599701        9.1110000      114.5854066
     596      19       8    1991      163.6460000      422.2272901       86.7190000      259.6749698        9.0700000       11.9842743       10.2460000      117.5708033
     597      20       8    1991      198.4530000      448.5807337      127.6330000      295.4528641        9.4300000       12.8987932       10.2460000      130.3616967
     598      21       8    1991      263.0000000      423.8280619      181.7030000      319.4484417        9.8000000       13.2890185        8.4990000      130.5602909
     599      22       8    1991      258.2040000      396.9758163      123.9200000      274.1676824        9.0700000       13.9397455        8.4990000      131.0073452
     600      23       8    1991      234.9970000      438.1635438      140.2540000      270.1796119       10.1800000       14.2370981        9.1890000      132.1933390
     601      24       8    1991      213.0620000      508.4401245      242.0530000      318.7647591       10.9800000       13.3550196        9.2680000      144.0913952
     602      25       8    1991      341.2510000      494.1320853      231.7840000      312.5353833       10.5700000       12.7730870       10.2460000      150.7104259
     603      26       8    1991      244.1260000      503.2543615      155.0330000      266.2539172        9.8000000       15.3153796       13.5560000      166.3109965
     604      27       8    1991      215.1990000      500.3256866      114.1510000      231.3519012        9.4300000       19.8298288       25.2440000      182.6831211
     605      28       8    1991      248.7670000      487.8852905      170.4340000      231.8906874       10.5700000       22.2135483       26.5910000      171.9792486
     606      29       8    1991      241.8250000      530.8745857      111.4400000      386.1742090       10.5700000       25.0467381       18.1720000      157.2274940
     607      30       8    1991      210.9380000      534.2161749       81.6890000      507.3380783        9.8000000       25.6710983       17.5780000      129.4080093
     608      31       8    1991      171.0420000      573.1578069      121.4010000      477.8901702        9.4300000       23.3152073       15.8690000      114.1196565
     609       1       9    1991      344.0670000      605.6661954      144.6720000      467.6859612       10.1800000       22.2030848       15.8690000      122.5461239
     610       2       9    1991      163.6460000      527.0601742      190.7400000      424.2006271       11.8200000       22.1891597        9.7490000      154.4075970
     611       3       9    1991      223.8720000      526.7346848      139.7860000      367.9900937       10.1800000       19.7319673       10.2460000      165.0764067
     612       4       9    1991      352.5960000      548.0032861      163.4780000      383.0489254        9.0700000       16.4009602       10.0790000      133.3734222
     613       5       9    1991      258.2040000      524.2571293      108.2920000      369.7114348        8.0500000       14.0044644        9.7490000      112.0164531
     614       6       9    1991      204.6400000      432.2681359      121.8490000      267.1548136        7.4200000       12.2695442        8.4990000      110.0545473
     615       7       9    1991      160.0200000      318.9143640       74.6340000      180.7519576        8.0500000       11.1449255        8.4990000      121.0635184
     616       8       9    1991      277.6990000      287.3011670       71.5960000      209.8286632        8.7200000       11.2028144        8.2030000      136.4221652
     617       9       9    1991      230.5090000      368.7620385      101.1950000      283.6462570        9.8000000       12.3164257        8.3500000      143.8467147
     618      10       9    1991      161.8270000      428.4648733       99.3610000      246.2978377        9.4300000       12.1196597        8.2030000      158.1704181
     619      11       9    1991      251.1070000      704.5224242       65.4690000      212.2050190        9.0700000       10.8842963        8.0570000      142.1184391
     620      12       9    1991      172.9210000     1122.4920130       58.6610000      229.4083338        8.7200000        9.9583893        8.2030000      113.3895194
     621      13       9    1991      237.2600000      860.2377409       77.4480000      211.8350272        8.0500000        9.6723519        8.2030000       97.3748960
     622      14       9    1991      147.7020000      505.6671103       53.4540000      151.4030509        7.1200000        9.8433625        8.2030000       99.4165233
     623      15       9    1991      131.1000000      344.4099444       84.3300000      113.8011735        6.8300000       10.3818412        8.0570000      120.7609171
     624      16       9    1991      131.1000000      261.9176614       66.0380000       94.7374436        6.2800000       10.7079632        7.9130000      116.1470195
     625      17       9    1991       98.5860000      189.8433135       58.5280000       78.6982816        5.7700000        9.8786577        7.9130000       97.6697289
     626      18       9    1991      104.0960000      189.0319950       55.4860000       67.0393438        5.2800000        9.1895541        7.6300000       86.0581077
     627      19       9    1991       73.6270000      262.8909194       47.7060000       61.9847101        4.6200000        8.6642983        7.6300000       77.6086918
     628      20       9    1991       90.6480000      272.8248508       60.1250000       59.4607385        4.2100000        8.2596006        7.4910000       71.3785658
     629      21       9    1991       81.8780000      238.1254744       37.0030000       55.6211938        4.0200000        7.9445237        7.4910000       66.7453701
     630      22       9    1991      244.1260000      295.0760210       53.3930000       80.1274693        3.6600000        7.9263516        7.4220000       63.4479855
     631      23       9    1991       78.2790000      411.5162520       43.3600000      121.8245783        3.3200000        7.8196009        7.0830000       61.0518291
     632      24       9    1991       98.5860000      550.8306372       55.5260000      141.1166074        3.1600000        7.5935176        7.0830000       62.2841507
     633      25       9    1991      132.7080000      573.9073844       80.4760000      236.1096432        2.7100000        7.4131690        6.4340000       71.2736531
     634      26       9    1991      123.2320000      545.5324326       62.8720000      310.3032126        2.8600000        9.7148843        6.0630000       83.1394467
     635      27       9    1991       90.6480000      454.7932653       38.9910000      226.9667496        3.1600000       13.8330569        5.8230000      123.8760549
     636      28       9    1991      117.1420000      324.2992900       31.8580000      151.1844867        4.0200000       21.1757403        5.3620000      172.0535741
     637      29       9    1991       50.9640000      220.8282279       30.3770000      108.5739050        3.8300000       23.9393464        5.2500000      178.9225422
     638      30       9    1991       50.0490000      170.5689256       27.7150000       84.0325670        3.4800000       19.3344703        5.0310000      140.0665552
     639       1      10    1991       46.4840000      142.1075798       25.9030000       68.8400745        3.8300000       16.6936844        4.9240000      111.7872227
     640       2      10    1991       43.9110000      129.9961769       28.5440000       61.0478429        3.3200000       15.0596457        4.7140000       96.8626405
     641       3      10    1991       46.4840000      147.9914266       44.2200000       58.8760035        3.1600000       13.4363687        4.7140000       86.3252239
     642       4      10    1991       51.8900000      195.3021271       31.5650000       57.8979673        2.8600000       12.2286054        4.6100000       77.8671247
     643       5      10    1991       69.1410000      237.9826486       41.6120000       57.9230240        2.5800000       11.4123157        4.5090000       71.6401164
     644       6      10    1991       88.0890000      248.4681285       44.0240000       55.8421655        2.8600000       10.4119064        4.5090000       66.8894416
     645       7      10    1991      101.3190000      208.5265010       50.8640000       52.0146533        3.4800000        9.5694047        4.3590000       63.2383860
     646       8      10    1991       43.9110000      177.9484202       23.4410000       47.8761206        3.3200000        9.6368428        4.1160000       65.3116111
     647       9      10    1991       58.6420000      147.8503710       39.6920000       44.2616589        2.8600000       11.2251070        4.0220000       74.4347012
     648      10      10    1991       37.4650000      130.3524166       28.7830000       41.4586941        3.0000000       12.4952522        4.0220000       85.3583967
     649      11      10    1991       80.6680000      136.8323089       17.1790000       39.3239264        2.7100000       13.7898584        4.3590000       99.5762726
     650      12      10    1991       51.8900000      207.0182458       25.5890000       38.7289828        2.7100000       20.6202703        4.5090000      145.8411198
     651      13      10    1991       47.3610000      243.2450812       31.7400000       38.6711692        3.4800000       23.9926900        4.7140000      220.6228900
     652      14      10    1991       40.6130000      178.0111179       23.0840000       37.4643449        3.8300000       22.5814048        7.4910000      250.7668097
     653      15      10    1991       33.0200000      141.4680184       22.1300000       36.2051884        3.3200000       22.8150394        9.1890000      247.3782361
     654      16      10    1991       29.5650000      120.9019749       12.7250000       35.1333094        3.1600000       21.1783933        6.1850000      247.8031103
     655      17      10    1991       26.9610000      120.3638141       11.0470000       34.2415148        3.0000000       28.3697375        5.7640000      289.6272627
     656      18      10    1991       29.5650000      127.7441312       11.6010000       33.4933903        3.1600000       37.2132957        5.4750000      304.6805180
     657      19      10    1991       30.9200000      129.3728365       32.0680000       32.8554443        4.0200000       34.7561338        5.5900000      259.4181096
     658      20      10    1991       26.3320000      159.5057904       22.6900000       32.5811515        4.8300000       28.6489696        6.3090000      255.7679656
     659      21      10    1991       28.2460000      163.7166349       25.4990000       32.6754613        6.0200000       27.3131804        7.1500000      263.8908824
     660      22      10    1991       28.9010000      132.1631377       26.5890000       32.2538354        7.4200000       31.0493631        7.8420000      270.7616947
     661      23      10    1991       35.9470000      120.9066403       15.7820000       31.7125792        9.0700000       37.4808224        8.4990000      297.8190204
     662      24      10    1991       35.9470000      141.8522779       13.5660000       31.2601153        8.3800000       42.2407158        6.1850000      268.9537327
     663      25      10    1991       31.6110000      195.8467223       17.0540000       30.9491006        7.4200000       45.5538075        6.3710000      215.0623511
     664      26      10    1991       30.2380000      202.7698787       12.1230000       30.6225101        7.7300000       53.4356298        5.7640000      213.5976054
     665      27      10    1991       29.5650000      154.7291159        8.4290000       30.2301092        8.7200000       46.3464477        5.3620000      210.4489679
     666      28      10    1991       28.9010000      127.5380239       11.4710000       29.8413219        7.7300000       35.4987299        5.1400000      166.1492695
     667      29      10    1991       21.0570000      110.1895327       15.2120000       29.4768319        6.8300000       29.9807411        4.8710000      138.0170391
     668      30      10    1991       22.1700000       98.2280961        7.3440000       29.1368844        6.2800000       24.4958294        4.7140000      119.8038067
     669      31      10    1991       28.9010000       89.7409780        4.6300000       28.8178777        6.0200000       22.8809706        4.7140000      107.2350955
     670       1      11    1991       21.6090000       83.5550828        5.8820000       28.5161438        5.7700000       22.2993465        5.0310000       99.8126945
     671       2      11    1991       26.3320000       81.8936519       11.5380000       28.2286267        5.5200000       22.1680734        5.1950000      101.5272994
     672       3      11    1991       23.9020000       88.6414035        5.7530000       27.9528902        5.2800000       26.4104589        5.1400000      117.6590536
     673       4      11    1991       19.9780000       92.5463732        8.5950000       27.6870080        4.8300000       28.0090567        4.9770000      152.8032707
     674       5      11    1991       18.4210000       90.2129018       12.5570000       27.4294547        4.6200000       23.7227326        4.9240000      179.7916421
     675       6      11    1991       17.4240000       87.5059341        7.1370000       27.1790170        4.2100000       19.4250863        4.7660000      165.9003215
     676       7      11    1991       17.4240000       81.3001072        6.2790000       26.9347249        4.0200000       16.5056179        5.1400000      148.6128832
     677       8      11    1991       15.0730000       78.7483112        4.5030000       26.6957990        3.8300000       14.4153900        5.0850000      123.2683724
     678       9      11    1991       12.5120000       79.3144546        4.2310000       26.4616099        3.8300000       14.4137750        4.7140000      115.2199993
     679      10      11    1991       11.7200000       77.8925914        6.8710000       26.2316467        3.6600000       15.8382189        4.6100000      116.8494986
     680      11      11    1991        9.5230000       74.2432094        5.1510000       26.0054925        3.6600000       14.8304155        4.5090000      104.2711056
     681      12      11    1991        8.8500000       70.7718994        3.0030000       25.7828056        3.4800000       15.3675672        4.1640000       92.0827775
     682      13      11    1991        8.2050000       68.0512426        6.1320000       25.5633045        3.3200000       15.4166567        3.7460000       82.6916399
     683      14      11    1991        7.8930000       65.8753883        6.7380000       25.3467559        3.3200000       13.3200757        3.7010000       75.5371853
     684      15      11    1991        7.5890000       64.0934495        2.8570000       25.1329658        3.1600000       11.7932821        3.6560000       70.3850284
     685      16      11    1991        7.2910000       62.6005073        1.8010000       24.9217714        2.8600000       10.6662734        3.6120000       66.6343455
     686      17      11    1991        7.0010000       61.3224781        2.5100000       24.7130361        2.4500000        9.8238741        3.5680000       63.6983181
     687      18      11    1991        7.0010000       60.2063165        4.6770000       24.5066440        2.3200000        9.5000673        3.5680000       61.2821486
     688      19      11    1991        7.0010000       59.3115575        3.7920000       24.3045763        2.4500000        9.5190792        3.4820000       62.6401498
     689      20      11    1991        7.0010000       58.6329406        2.4070000       24.1107861        2.7100000       12.4182285        3.4820000       74.4106067
     690      21      11    1991        6.7170000       58.3327697        1.4410000       23.9171780        3.1600000       17.3715463        3.5680000       95.7975522
     691      22      11    1991        6.4400000       57.9476909        1.9350000       23.7193015        2.7100000       19.3156489        3.5250000      126.9169591
     692      23      11    1991        6.1700000       57.0417998        2.6310000       23.5220059        2.7100000       17.6601367        3.5250000      160.3340256
     693      24      11    1991        5.9070000       56.1890235        2.2030000       23.3265316        2.5800000       25.3603944        3.7460000      189.5461562
     694      25      11    1991        5.6500000       55.3999329        5.4660000       23.1330969        2.4500000       32.7395122        3.7460000      206.6219314
     695      26      11    1991        5.6500000       54.6576530        3.7910000       22.9416918        2.3200000       30.9760346        3.5680000      158.6846312
     696      27      11    1991        8.2050000       53.9608799        3.2030000       22.7522619        2.3200000       31.1724376        3.4820000      134.9940937
     697      28      11    1991        8.2050000       53.3013680        4.3630000       22.5647489        2.2000000       27.7094779        3.4820000      123.8719997
     698      29      11    1991        8.5240000       52.6723221        2.8260000       22.3790995        2.0800000       22.4550210        3.3120000      109.8575775
     699      30      11    1991        8.2050000       52.0684700        2.4310000       22.1952665        1.9700000       19.8406206        3.1480000      100.8869672
     700       1      12    1991        7.8930000       51.4856975        4.4090000       22.0132076        1.7600000       21.1373186        3.1480000       98.8900761
     701       2      12    1991        7.8930000       50.9230786        3.7300000       21.8328854        1.7600000       23.7270280        2.8740000      105.6086130
     702       3      12    1991        8.2050000       50.4607125        2.1250000       21.6542660        1.6700000       25.5713180        2.6140000      110.9562721
     703       4      12    1991        7.8930000       50.2867969        2.9260000       21.4795253        1.6700000       25.0353917        2.6140000      106.3595532
     704       5      12    1991        7.2910000       50.2825367        4.5820000       21.3152672        1.5700000       21.1829953        2.6870000       97.5214631
     705       6      12    1991        7.2910000       49.9766622        4.0270000       21.1641122        1.5700000       17.4739743        2.6870000       86.7942064
     706       7      12    1991        7.2910000       50.3368443        4.9300000       21.0736078        1.4800000       14.8155474        2.6140000       78.5131745
     707       8      12    1991        8.5240000       50.7668714        5.3530000       21.0638430        1.4800000       12.8997791        2.5430000       71.8025791
     708       9      12    1991        7.2910000       49.9218691        5.1000000       20.9215297        1.4800000       11.4991647        2.4730000       66.6352550
     709      10      12    1991        7.0010000       48.9697497        4.0150000       20.7242149        1.4000000       11.0152098        2.4040000       63.9202320
     710      11      12    1991        6.7170000       48.1249171        4.1470000       20.5221004        1.4000000       10.5704344        2.4040000       63.5309565
     711      12      12    1991        6.9150000       47.3659254        2.3850000       20.3255274        1.3200000        9.7630786        2.4040000       60.8285251
     712      13      12    1991        6.1700000       46.6738118        5.2460000       20.1357695        1.3200000        9.8327301        2.4040000       62.6111308
     713      14      12    1991        6.1700000       46.0343614        4.7360000       19.9522326        1.2400000       10.5075463        2.3360000       72.2738716
     714      15      12    1991        5.9070000       45.4368417        5.1670000       19.7740755        1.2400000       10.0162270        2.3360000       68.7864081
     715      16      12    1991        6.1700000       44.8730807        4.6500000       19.6005449        1.1600000        9.5443317        2.3360000       63.9663964
     716      17      12    1991        6.1700000       44.3368067        4.6750000       19.4310205        1.1600000        9.0649173        2.3360000       60.5469010
     717      18      12    1991        5.9070000       43.8231708        4.7350000       19.2650010        1.0900000        8.6157131        2.3360000       57.5453341
     718      19      12    1991        5.9070000       43.3328032        6.0090000       19.1020816        1.0900000        8.7547608        2.3030000       55.3095198
     719      20      12    1991        5.6500000       42.8662990        6.6230000       18.9419346        1.0900000        8.9620954        2.2040000       55.2586859
     720      21      12    1991        5.6500000       42.4011327        6.2520000       18.7842934        1.0300000       12.2026904        2.2040000       58.9759135
     721      22      12    1991        5.1570000       41.9448676        6.3000000       18.6289398        1.0300000       15.4818551        2.2040000       66.1997572
     722      23      12    1991        5.4000000       41.5094557        5.9090000       18.4857367        1.0300000       15.2898572        2.1400000       76.5037255
     723      24      12    1991        5.4000000       41.1044716        5.5600000       18.3604433        0.9600000       14.3685256        2.1400000       84.8660343
     724      25      12    1991        5.6500000       40.6830635        5.4110000       18.2184531        0.9600000       13.0382898        2.1400000       77.6186704
     725      26      12    1991        5.1570000       40.2560667        5.2090000       18.0679435        0.9600000       12.0513961        2.1400000       69.6551825
     726      27      12    1991        5.1570000       39.8369712        4.7470000       17.9174441        0.9600000       10.8895591        2.1400000       64.0165221
     727      28      12    1991        5.1570000       39.4253318        5.4430000       17.7687844        0.9000000        9.9695877        2.1400000       60.0364114
     728      29      12    1991        5.1570000       39.0204664        5.1520000       17.6222277        0.9000000        9.2763301        2.0770000       56.6442634
     729      30      12    1991        4.9200000       38.6218160        4.5680000       17.4777008        0.9000000        8.7479875        2.0770000       53.9199465
     730      31      12    1991        4.9200000       38.2289225        4.3020000       17.3350758        0.8400000        8.5107285        2.0770000       53.0705717
     731       1       1    1992        4.6900000       37.8414076        4.0970000       17.1942303        1.4150000        8.3282449        2.0770000       53.0536848
     732       2       1    1992        4.6900000       37.4589572        3.8960000       17.0550587        1.5700000        8.0179178        2.0770000       51.6487137
     733       3       1    1992        4.6900000       37.0813087        3.7010000       16.9174715        1.5700000        7.9683123        2.0770000       50.7020335
     734       4       1    1992        4.6900000       36.7082409        3.5340000       16.7813928        1.5700000        7.8589103        2.0160000       49.2578068
     735       5       1    1992        4.6900000       36.3395662        3.5110000       16.6467583        1.5700000        7.6375481        2.0160000       47.9531024
     736       6       1    1992        4.6900000       35.9751245        3.5110000       16.5135130        1.5700000        7.4607666        2.0160000       47.3339458
     737       7       1    1992        4.6900000       35.6147777        3.5110000       16.3816096        1.5700000        7.5101203        2.0160000       47.1236892
     738       8       1    1992        4.6900000       35.2584060        3.4870000       16.2510070        1.5700000        7.5015696        2.0770000       46.2508024
     739       9       1    1992        4.4660000       34.9059044        3.3490000       16.1220484        1.4800000        7.3448227        2.0770000       45.4533097
     740      10       1    1992        4.6900000       34.5572255        3.3030000       15.9951591        1.4800000        7.2176389        2.0460000       44.7987681
     741      11       1    1992        4.4660000       34.2143548        3.1690000       15.8691895        1.4800000        7.1133481        2.0160000       44.2218156
     742      12       1    1992        4.4660000       33.8780950        3.1460000       15.7435609        1.4800000        7.0269005        2.0160000       43.5995939
     743      13       1    1992        4.2490000       33.5439602        3.1350000       15.6188379        1.4800000        6.9544445        1.9550000       43.0215969
     744      14       1    1992        4.2490000       33.2181430        3.0800000       15.4954032        1.4800000        6.8930228        1.9550000       42.5050047
     745      15       1    1992        4.2490000       32.8880262        3.1130000       15.3733803        1.4800000        6.8403496        1.9550000       42.0373245
     746      16       1    1992        4.2490000       32.5581913        2.9940000       15.2521609        1.4800000        6.7946482        1.8370000       41.6150185
     747      17       1    1992        4.2490000       32.2401105        2.9720000       15.1323019        1.4000000        6.7545293        1.8370000       41.2295011
     748      18       1    1992        4.2490000       31.9471106        2.9720000       15.0144459        1.4000000        6.7189012        1.8080000       40.8751072
     749      19       1    1992        4.2490000       31.6889272        2.9510000       14.8972402        1.4000000        6.6869014        1.7800000       40.5257595
     750      20       1    1992        3.8330000       31.5338674        2.8030000       14.7803235        1.4000000        6.6578457        1.7800000       40.1998849
     751      21       1    1992        3.8330000       31.2350146        2.6700000       14.6643640        1.4000000        6.6311884        1.7240000       39.9843646
     752      22       1    1992        3.8330000       30.9279197        2.7000000       14.5492635        1.4000000        6.6064929        1.7240000       39.8310803
     753      23       1    1992        3.8330000       30.6564740        2.6490000       14.4351291        1.4000000        6.5834084        1.7240000       39.5124533
     754      24       1    1992        3.8330000       30.3245477        2.6290000       14.3220107        1.4000000        6.5616518        1.7240000       39.1791178
     755      25       1    1992        3.8330000       29.9849409        2.5690000       14.2099106        1.3200000        6.5409938        1.7240000       38.8619194
     756      26       1    1992        3.8330000       29.6557454        2.5490000       14.0988178        1.3200000        6.5212485        1.7520000       38.6654498
     757      27       1    1992        3.6350000       29.3407508        2.4900000       13.9887182        1.3200000        7.0607908        1.7800000       38.8674174
     758      28       1    1992        3.6350000       29.0421592        2.4810000       13.8795982        1.3200000        7.5141505        1.7800000       39.1219888
     759      29       1    1992        3.6350000       28.7376618        2.4810000       13.7714446        1.3200000        7.2928987        1.7800000       38.7253246
     760      30       1    1992        3.4420000       28.4354515        2.4810000       13.6642453        1.3200000        7.1179192        1.7800000       38.2837887
     761      31       1    1992        3.4420000       28.1391512        2.4810000       13.5579885        1.3200000        6.9759269        1.7800000       37.9316953
     762       1       2    1992        3.4420000       27.8567520        2.4710000       13.4526631        1.4000000        7.0412381        1.7800000       37.7485657
     763       2       2    1992        3.4420000       27.5994957        2.4130000       13.3482586        1.4000000        7.1416163        1.7800000       37.9719965
     764       3       2    1992        3.4420000       27.3341674        2.3940000       13.2447647        1.3200000        7.1055251        1.7800000       39.5611360
     765       4       2    1992        3.4420000       27.0977155        2.3360000       13.1421717        1.3200000        6.9743705        1.7800000       39.8708282
     766       5       2    1992        3.4420000       26.8443015        2.3270000       13.0404701        1.3200000        6.8521710        1.7800000       40.2631540
     767       6       2    1992        3.4420000       26.5933202        2.3270000       12.9396506        1.3200000        6.8992759        1.7240000       40.0457446
     768       7       2    1992        3.2560000       26.3273994        2.3270000       12.8397043        1.2400000        6.8963854        1.7240000       39.5708106
     769       8       2    1992        3.4420000       26.0475991        2.3080000       12.7406225        1.2400000        6.9319538        1.7240000       38.9389051
     770       9       2    1992        3.2560000       25.7708580        2.2060000       12.6423965        1.2400000        7.0817045        1.6960000       39.2521173
     771      10       2    1992        3.0760000       25.5000545        2.2340000       12.5450181        1.2400000        6.9970428        1.8370000       38.6376887
     772      11       2    1992        3.0760000       25.2345706        2.1880000       12.4484789        1.2400000        6.9655518        1.9550000       37.8982495
     773      12       2    1992        3.0760000       24.9738484        2.1610000       12.3527710        1.1600000        6.9793007        2.0160000       37.3536022
     774      13       2    1992        3.0760000       24.7174381        2.0530000       12.2578865        1.2400000        6.8431843        2.0770000       36.6917924
     775      14       2    1992        3.0760000       24.4649751        2.0350000       12.1638174        1.2400000        6.7203243        1.9850000       36.0629307
     776      15       2    1992        2.9010000       24.2161622        2.0180000       12.0705562        1.3200000        6.6196452        1.8950000       35.5166377
     777      16       2    1992        2.9010000       23.9707552        1.9400000       11.9780952        1.3200000        6.5940189        1.8660000       35.0369442
     778      17       2    1992        2.7330000       23.7285525        2.0530000       11.8864269        1.4000000        6.6615700        1.8370000       34.6331877
     779      18       2    1992        2.7330000       23.4893860        1.9230000       11.7955439        1.4000000        7.0176737        1.8950000       34.5131882
     780      19       2    1992        2.7330000       23.2531148        1.8970000       11.7054390        1.3200000        7.1580328        1.8950000       34.3127454
     781      20       2    1992        2.7330000       23.0196199        1.8970000       11.6161050        1.2400000        6.9531558        1.8370000       33.9224495
     782      21       2    1992        2.7330000       22.7888000        1.8970000       11.5289864        1.2400000        6.7893140        1.8370000       33.6975882
     783      22       2    1992        2.5710000       22.5605678        1.8970000       11.4471798        1.2400000        6.6569730        1.8370000       33.4072997
     784      23       2    1992        2.5710000       22.3366926        1.8890000       11.3624131        1.1600000        6.5489848        1.7800000       33.0610296
     785      24       2    1992        2.5710000       22.1187339        1.8300000       11.2759280        1.1600000        6.4599475        1.7800000       32.7850502
     786      25       2    1992        2.4140000       21.8986013        1.7720000       11.1897083        1.2400000        6.4469909        1.7800000       32.8543225
     787      26       2    1992        2.4140000       21.6791364        1.7640000       11.1042024        1.2400000        6.3986225        1.7800000       33.1264637
     788      27       2    1992        2.4140000       21.4620752        1.7640000       11.0194943        1.1600000        6.3314511        1.7800000       32.7702708
     789      28       2    1992        2.4140000       21.2473937        1.7640000       10.9355853        1.1600000        6.2742697        1.7240000       32.3726441
     790      29       2    1992        2.4140000       21.0350312        1.7640000       10.8524600        0.0000000        6.2325679        1.7800000       32.0198628
     791       1       3    1992        2.4140000       20.8249338        1.7640000       10.7701007        1.1600000        6.1913276        1.7240000       31.7145413
     792       2       3    1992        2.4140000       20.6170533        2.2730000       10.6884909        1.0900000        6.2255328        1.5620000       31.6069347
     793       3       3    1992        2.2630000       20.4113467        6.8250000       10.6076156        1.0900000        6.2448730        1.5620000       31.4567694
     794       4       3    1992        2.2630000       20.2077748       13.4250000       10.5274611        1.0900000        6.1943183        1.5100000       31.1558297
     795       5       3    1992        2.4140000       20.0063018       14.4360000       10.4480151        1.0300000        6.1478551        1.5100000       30.8586872
     796       6       3    1992        2.4140000       19.8068948       12.7560000       10.3692663        1.0300000        6.1074301        1.5360000       30.5745779
     797       7       3    1992        2.2630000       19.6120269        2.8580000       10.2912042        0.9600000        6.0718539        1.5620000       30.3082731
     798       8       3    1992        2.4140000       19.4309551        1.6210000       10.2143621        0.9600000        6.0401886        1.5620000       30.0568708
     799       9       3    1992        2.2630000       19.2461794        1.5140000       10.1389053        0.9000000        6.0116910        1.5360000       29.8177757
     800      10       3    1992        2.2630000       19.0529301        1.4100000       10.0632652        0.9000000        5.9857698        1.4600000       29.5889122
     801      11       3    1992        2.1180000       18.8611933        1.4100000        9.9878235        0.8400000        5.9619524        1.4100000       29.3686159
     802      12       3    1992        2.1180000       18.6729660        1.4980000        9.9129401        0.8400000        5.9398594        1.4100000       29.1555472
     803      13       3    1992        2.1180000       18.4872826        1.4980000        9.8386911        0.7900000        5.9191852        1.3620000       28.9486237
     804      14       3    1992        2.1180000       18.3116161        1.3960000        9.7653976        0.7400000        5.8996828        1.3620000       28.7469677
     805      15       3    1992        2.1180000       18.2158741        1.3040000        9.6994687        0.7400000        5.8811517        1.3620000       28.5568094
     806      16       3    1992        2.1180000       18.2881639        1.3390000        9.6587712        0.6900000        5.8634288        1.3140000       28.4525200
     807      17       3    1992        2.1180000       18.5004541        1.3880000        9.7021670        0.6900000        5.9851140        1.3140000       28.7199647
     808      18       3    1992        2.4140000       19.5764568        1.3810000        9.9724101        0.6900000        6.2632437        1.3140000       29.2572974
     809      19       3    1992        3.0760000       20.3600605        1.2830000       10.1387889        0.6900000        6.5096591        1.3140000       29.6095156
     810      20       3    1992        2.7330000       20.0684538        1.1820000       10.1344246        0.6400000        6.5317852        1.3620000       29.3074737
     811      21       3    1992        2.7330000       19.9742566        1.1490000        9.9935082        0.6400000        6.3813000        1.3620000       28.8775077
     812      22       3    1992        2.5710000       19.4126828        1.2620000        9.8190841        0.6400000        6.2553665        1.3620000       28.4856640
     813      23       3    1992        2.4140000       18.7937181        1.2830000        9.6669054        0.6400000        6.2367069        1.4100000       28.4145960
     814      24       3    1992        2.2630000       18.3057665        1.2560000        9.5582876        0.6400000        6.3830105        1.4100000       28.4778987
     815      25       3    1992        2.1180000       17.9195087        1.1040000        9.4606498        0.6000000        6.5368853        1.4100000       28.3495053
     816      26       3    1992        2.1180000       17.5808206        1.1100000        9.3562707        0.6000000        6.4641997        1.3620000       28.0436336
     817      27       3    1992        2.1180000       17.2275341        1.0780000        9.2422497        0.6000000        6.3093241        1.3620000       27.6425709
     818      28       3    1992        2.1180000       16.9158074        1.0720000        9.1310299        0.6000000        6.1841359        1.3140000       27.2872326
     819      29       3    1992        1.9780000       16.6623831        1.0590000        9.0274287        0.5500000        6.1294942        1.3140000       27.3604074
     820      30       3    1992        1.9780000       16.4022406        0.9860000        8.9312301        0.5100000        7.1260615        1.3620000       32.1182982
     821      31       3    1992        1.8440000       16.1536843        0.9740000        8.8413201        0.5100000        8.2638156        1.3620000       41.3779952
     822       1       4    1992        1.8440000       15.9246957        0.9860000        8.7566068        0.4800000        8.0638651        2.2700000       58.0522547
     823       2       4    1992        1.8440000       15.7116035        1.0470000        8.6761804        0.4800000        7.5446583        2.2700000       57.2381833
     824       3       4    1992        1.8440000       15.5113437        0.9740000        8.5993102        0.5100000        7.4327276        2.3360000       54.1789825
     825       4       4    1992        1.8440000       15.3215477        0.8920000        8.5254132        0.7400000        7.8928407        2.3360000       56.7620450
     826       5       4    1992        1.8440000       15.1403730        0.8750000        8.4540234        0.9000000       12.5678159        2.4040000       75.1755432
     827       6       4    1992        1.7160000       14.9663773        0.8360000        8.3847669        1.4000000       16.1444855        2.5430000      100.1913386
     828       7       4    1992        1.7160000       14.7984247        0.8150000        8.3173425        1.7600000       14.5414030        2.7610000      116.1985301
     829       8       4    1992        1.5930000       14.6356150        0.8980000        8.2515063        2.3200000       16.1137200        3.3960000      193.9709734
     830       9       4    1992        1.5930000       14.4772312        0.8310000        8.1870602        3.1600000       21.5210889        6.6890000      320.4936307
     831      10       4    1992        1.5930000       14.3226988        0.7250000        8.1238424        4.8300000       34.9080712        8.1300000      506.8209184
     832      11       4    1992        1.5930000       14.1715553        0.7200000        8.0617205        7.1200000       43.9855186       14.5800000      628.8708114
     833      12       4    1992        1.5930000       14.0234260        0.7720000        8.0005853        9.8000000       36.0370513        4.4590000      508.3272720
     834      13       4    1992        1.5930000       13.8780063        0.7300000        7.9403469        8.0500000       27.4880477        3.3120000      324.0384124
     835      14       4    1992        1.5930000       13.7350501        0.7930000        7.8809304        4.2100000       21.4245347        7.4220000      207.1113160
     836      15       4    1992        1.5930000       13.5952811        0.8930000        7.8225097        3.4800000       17.2253913        2.1400000      143.4504166
     837      16       4    1992        1.5930000       13.4701244        1.0670000        7.7670977        3.0000000       14.2708347        1.9550000      110.6044869
     838      17       4    1992        1.5930000       13.4420395        1.1880000        7.7145345        2.5800000       12.3102642        1.9550000       89.7188687
     839      18       4    1992        1.5930000       13.6071539        1.0910000        7.6595429        2.2000000       11.7420272        1.9550000       77.0253427
     840      19       4    1992        1.5930000       14.4363799        1.0980000        7.6163605        1.9700000       11.9044227        1.9250000       78.8754151
     841      20       4    1992        2.1180000       17.3752820        1.2160000        7.5889042        1.7600000       11.5102748        1.8950000       94.9447088
     842      21       4    1992        4.2490000       21.7647407        0.9940000        7.5616971        1.5700000       11.1662136        1.8950000       89.1379478
     843      22       4    1992        4.4660000       25.2049906        0.8260000        7.5378724        1.4800000       13.7012527        1.8950000       89.2622941
     844      23       4    1992        4.6900000       23.1769969        0.6460000        7.4805641        1.4000000       14.4807539        1.8370000       97.0617943
     845      24       4    1992        4.6900000       26.9345068        0.5760000        7.7791166        1.6700000       12.3471174        1.8950000       85.3010394
     846      25       4    1992       10.5880000       41.8356746        0.6120000        8.8784562        1.0900000       11.1172439        2.0160000       80.7119037
     847      26       4    1992       17.9190000       43.5012502        0.5660000        9.4529071        2.4500000       10.2167606        2.2700000       86.2101943
     848      27       4    1992        7.2910000       47.0022539        0.5660000        9.8138470        2.8600000       12.6644234        2.7980000       83.4591385
     849      28       4    1992        9.5230000       50.5464112        0.6310000       10.6528872        3.1600000       26.9895787        3.7460000      122.7488534
     850      29       4    1992        9.8710000       44.8527244        0.6950000       11.2124226        3.4800000       36.8486156        4.8710000      228.8432726
     851      30       4    1992        6.1700000       40.0065101        0.6700000       10.9974903        3.8300000       40.9249376        5.1400000      394.1560149
     852       1       5    1992        4.2490000       33.7148307        0.6360000       10.3358500        4.8300000       47.2110144       10.2460000      737.8854732
     853       2       5    1992        3.4420000       28.5551376        0.7540000        9.6731295        6.5500000       42.2544878       11.2860000      819.7873942
     854       3       5    1992        3.0760000       24.8115423        1.4900000        9.1241753        8.3800000       48.1042983       10.6710000      674.0038936
     855       4       5    1992        2.7330000       22.0538478        1.0060000        8.6820203       14.1600000       45.9614460        8.4240000      631.2791573
     856       5       5    1992        2.7330000       19.9869776        0.8090000        8.3268729        9.0700000       33.7929443        7.3530000      424.8187410
     857       6       5    1992        2.5710000       18.4120955        0.7870000        8.0423717        4.8300000       29.6432286        5.3620000      278.5931893
     858       7       5    1992        2.5710000       17.3679202        0.7830000        7.8380068        3.6600000       24.5600247        5.2500000      194.8411930
     859       8       5    1992        2.9010000       18.6249257        0.9450000        7.7969187        3.1600000       20.2113313        4.7140000      150.5565670
     860       9       5    1992        2.5710000       25.0823851        0.9980000        8.1656334        3.3200000       18.2565124        4.5590000      134.5990291
     861      10       5    1992        5.9070000       38.4197413        1.5770000        9.8706233        3.4800000       16.2635471        4.1160000      129.0957022
     862      11       5    1992       21.0570000       68.3670001        5.1910000       13.8516375        3.6600000       14.4907077        3.9280000      113.4409984
     863      12       5    1992       43.9110000       93.7351902        7.9570000       16.9210604        3.8300000       15.7965359        3.8820000      110.9224707
     864      13       5    1992       10.5880000       84.9705995        5.1850000       16.0308073        4.0200000       16.6335509        4.6100000      131.8910639
     865      14       5    1992        6.7170000       71.3597226        2.3680000       14.1778073        4.0200000       21.6768277        4.6100000      151.4962705
     866      15       5    1992        5.1570000       55.6331231        1.7880000       12.5610889        3.8300000       30.0640801        4.9770000      181.5842961
     867      16       5    1992        4.9200000       44.3310196        3.4270000       11.2877231        4.0200000       31.0878951        5.4750000      188.8050313
     868      17       5    1992        5.1570000       38.3574440        5.7920000       10.4031679        4.0200000       26.1461937        5.5900000      187.7637057
     869      18       5    1992        5.6500000       36.8422256        4.9120000        9.7615016        3.8300000       20.8066321        5.8230000      147.4553390
     870      19       5    1992        9.5230000       42.1961753        3.4090000        9.2956845        3.3200000       17.3306183        5.8230000      118.3972035
     871      20       5    1992        5.4000000       65.3091072        2.4620000        9.8429399        3.0000000       15.3991064        5.5900000       98.6054376
     872      21       5    1992       12.9190000      100.2229421        1.6010000       11.2560247        2.8600000       14.8980610        5.5900000       86.6562835
     873      22       5    1992        6.7170000      121.6244651        0.9880000       11.3173707        3.1600000       15.7662868        5.1400000       90.4351215
     874      23       5    1992        4.6900000      134.5808035        0.5970000       11.0140501        3.4800000       16.2095451        4.7140000      137.0530259
     875      24       5    1992        6.4400000      130.5082527        0.4930000       10.6167688        4.2100000       15.7635934        4.7140000      170.5422944
     876      25       5    1992        5.4000000       88.4426462        0.4480000        9.8937700        4.0200000       18.3569501        4.6620000      171.2485963
     877      26       5    1992        3.4420000       63.7691838        0.3800000        9.2356994        5.5200000       19.9309590        4.5590000      158.3678820
     878      27       5    1992        3.2560000       50.1549584        0.3870000        8.6970477        6.0200000       19.4852794        4.5090000      140.3645997
     879      28       5    1992        3.2560000       40.8758453        0.3690000        8.2646822        5.2800000       17.5640413        4.0690000      120.3505203
     880      29       5    1992        2.9010000       34.3769775        0.3650000        7.9164104        4.2100000       14.6562158        3.7460000      102.5225176
     881      30       5    1992        2.7330000       29.8652329        0.3580000        7.6462514        3.6600000       16.4647594        3.5680000       96.1775058
     882      31       5    1992        2.7330000       34.3632861        0.3170000        7.4480756        3.3200000       20.8342129        3.4820000       95.1558731
     883       1       6    1992        2.7330000       54.0183782        0.3100000        7.3141597        3.0000000       19.8066812        3.3960000       99.5439576
     884       2       6    1992        3.0760000       71.8464826        0.3550000        7.1997506        2.8600000       16.2127756        3.3960000       90.2405644
     885       3       6    1992        3.8330000       95.8479808        0.7450000        7.0600354        2.7100000       14.1118959        3.3960000       81.4169443
     886       4       6    1992        3.8330000      130.3783011        1.3120000        6.9307632        2.5800000       13.7354985        3.3120000       83.2504890
     887       5       6    1992        3.8330000      138.5347724        0.8780000        6.8147666        2.8600000       13.1134765        3.7460000      105.9038342
     888       6       6    1992        9.5230000      134.8870828        0.5860000        6.7034461        3.3200000       11.7189810        4.3100000      128.4491525
     889       7       6    1992       12.9190000      143.8186381        0.5230000        7.0168538        4.2100000       12.9566390        4.8710000      132.5003645
     890       8       6    1992       30.9200000      177.3675221        0.7880000        8.4024532        5.0500000       14.1875301        5.8230000      121.3233024
     891       9       6    1992       16.4600000      174.4151149        3.0970000        9.8458503        5.5200000       13.9380017        6.2470000      112.7731289
     892      10       6    1992       17.4240000      213.9658278        3.0690000       10.5662819        6.2800000       16.1027131        6.6890000      126.0327157
     893      11       6    1992       10.2260000      295.4020082        1.1060000       10.9463545        6.8300000       18.8744367        6.8190000      146.0548868
     894      12       6    1992       10.5880000      332.0417510        0.6230000       11.7735862        7.4200000       18.2771072        7.3530000      148.0158577
     895      13       6    1992       12.9190000      326.7614239        0.5660000       13.2794986        6.5500000       15.8855367        8.4990000      144.9542506
     896      14       6    1992       10.5880000      305.5286678        0.5940000       14.7561689        5.7700000       15.4084756        8.0570000      137.3275726
     897      15       6    1992       13.3350000      269.9140352        0.6260000       14.4489942        6.0200000       17.4107177       11.5550000      154.2157292
     898      16       6    1992       16.9380000      211.7561254        0.7670000       13.7952135        6.8300000       20.5596634       18.1720000      190.8664054
     899      17       6    1992       52.8250000      185.2136697        1.7600000       13.9792947        6.0200000       20.1221339       17.9330000      204.8590073
     900      18       6    1992       37.4650000      190.6430868        2.4300000       13.7920362        7.1200000       17.7725558       18.1720000      216.3963713
     901      19       6    1992       13.3350000      202.3514277        3.6610000       13.9031187        5.5200000       15.6018496       18.1720000      286.7488412
     902      20       6    1992       15.5280000      167.2177165        2.3740000       14.1393971        6.5500000       13.7378316       17.6960000      227.8518035
     903      21       6    1992       34.4650000      161.5170563        1.7920000       14.4346493        7.4200000       18.8503850        9.9960000      183.0481928
     904      22       6    1992       80.6680000      178.6628121        1.0070000       14.5964048        7.1200000       28.5145053       14.0620000      192.6161350
     905      23       6    1992       72.4900000      182.8111329        1.0120000       14.7032387        7.4200000       29.0165393       12.7700000      187.7464116
     906      24       6    1992       59.6470000      160.2438827        1.2350000       13.5509017        8.0500000       23.8451090       12.5790000      174.6306208
     907      25       6    1992       52.8250000      132.4962288        0.7070000       12.3903976        7.1200000       20.8888956       16.5400000      167.9436117
     908      26       6    1992       47.3610000      161.7892003        0.5850000       13.3658639        8.3800000       19.3808785       16.2020000      136.4488717
     909      27       6    1992       77.1000000      212.0162164        0.7220000       19.6834492        6.2800000       18.3150351       15.8690000      122.2704908
     910      28       6    1992       61.6860000      257.9118233        1.6090000       38.3015342        5.0500000       19.2740227       15.3240000      141.5547072
     911      29       6    1992       71.3630000      319.0840728        8.2760000       64.5626146        5.2800000       19.8114801       14.5800000      164.2438301
     912      30       6    1992       60.6610000      391.7960456       16.1590000       86.2026150        6.0200000       17.0832657       14.0620000      178.2483984
     913       1       7    1992       85.5730000      386.9895249       11.1210000      106.3628983        8.0500000       15.6910293        5.2500000      158.2228411
     914       2       7    1992      147.7020000      310.4122798       20.3300000      101.3066236       10.5700000       15.8990361       17.4610000      142.5816895
     915       3       7    1992      131.1000000      292.7121970       16.6670000       93.5884916       15.7200000       15.1740196       17.3440000      139.8753168
     916       4       7    1992      118.6470000      327.7035125       29.8700000       90.8002734       14.1600000       15.4609842       16.6530000      153.9828576
     917       5       7    1992      118.6470000      335.6208944       24.3250000      114.2610024       11.8200000       18.1817806       14.7900000      176.2644457
     918       6       7    1992       86.8260000      356.1048379       36.9620000      154.0575620       12.7200000       19.2308052       12.7700000      176.7278629
     919       7       7    1992      200.5030000      373.2130010       32.6510000      153.6546612       10.9800000       17.4309566       11.8290000      153.9507195
     920       8       7    1992      200.5030000      365.6010589       48.5920000      126.7158245        9.8000000       14.7752881       10.2460000      125.5952191
     921       9       7    1992      154.6700000      385.3479001       20.2330000      113.6294658        8.0500000       12.6411157       10.0790000      113.8947446
     922      10       7    1992      165.4770000      384.6864024       27.0770000      117.0281408        7.4200000       11.7444751        8.4990000      112.7703443
     923      11       7    1992      134.3280000      345.5472128       55.7510000      113.1717904        6.8300000       11.9736766       10.8450000      111.4592431
     924      12       7    1992       91.9440000      370.4859316       32.8730000      112.3630000        6.2800000       11.1715006       10.0790000      113.0589187
     925      13       7    1992       43.9110000      417.3681532       22.0200000      128.8801690        6.5500000       10.0276969       10.9320000      131.8003939
     926      14       7    1992       31.6110000      361.5274056       28.4800000      142.9822637        7.4200000        9.1502755       11.8290000      169.8346045
     927      15       7    1992      127.9190000      355.8580855       30.9320000      137.3568588        9.0700000        9.3882302       10.0790000      157.4133212
     928      16       7    1992       81.8780000      405.9128500       19.0960000      163.1417644       10.9800000        9.7829026       10.9320000      140.2315176
     929      17       7    1992       81.8780000      438.5733817       47.3100000      217.7168666       17.4200000        9.0073693       11.3750000      120.2401022
     930      18       7    1992      156.4420000      373.8340922       36.8310000      211.6302257       19.2500000        8.9797007       11.6460000      107.3627742
     931      19       7    1992       71.3630000      287.4339227       38.0810000      173.4282384       21.2300000       10.2597068       11.2860000      109.3362916
     932      20       7    1992       62.7200000      241.4727534       38.1170000      139.7043760       19.2500000       10.2149650       18.1720000      120.5589039
     933      21       7    1992      134.3280000      270.5985728       33.9090000      148.0392546       16.8400000        9.2826408       12.6740000      121.8954766
     934      22       7    1992      101.3190000      321.0048889       26.7630000      188.4563990       15.7200000       10.2873327       12.3890000      107.7948084
     935      23       7    1992      104.0960000      314.9544314       44.9570000      213.3690911       15.1900000       11.9254456       11.8290000      107.0764545
     936      24       7    1992      137.6020000      328.7175666       40.9030000      233.4638945       14.6700000       10.9802189       12.2940000      108.8144141
     937      25       7    1992       85.5730000      321.9962921       39.3200000      173.4895488       15.1900000        9.8408097       10.7580000      114.7580309
     938      26       7    1992      134.3280000      300.5236314       41.9290000      137.4343162       13.6600000        9.7130048        9.6680000      122.9034454
     939      27       7    1992      169.1750000      284.8487385       48.8720000      147.4109040       13.1800000       10.9885132       11.6460000      121.8698203
     940      28       7    1992      169.1750000      291.0777723      144.8460000      209.5685601       15.7200000       11.3653912       10.3300000      113.9355034
     941      29       7    1992      165.4770000      299.6976643      116.2390000      282.9053658       23.3600000       10.4333680       10.5000000      101.7185557
     942      30       7    1992      156.4420000      332.8293424       79.9370000      261.3158849       20.5500000        9.7014982       10.2460000       95.6418587
     943      31       7    1992      112.6930000      340.6867035       70.7200000      216.9306340       18.0100000       11.3118496       11.8290000      115.7320393
     944       1       8    1992      151.1630000      314.9996039       83.0690000      194.2637106       19.8900000       12.0038162       13.7570000      126.7995106
     945       2       8    1992      120.1640000      308.9808305      100.3440000      211.1813817       21.9200000       10.5848646       15.3240000      106.8799737
     946       3       8    1992      115.6470000      314.3244591       99.6360000      231.4509312       22.6300000        9.7475225       17.4610000       95.5900552
     947       4       8    1992      169.1750000      317.4508573      104.2130000      217.8371775       39.8500000        8.9639966       13.5560000       97.2888323
     948       5       8    1992      196.4160000      358.7138184      194.0580000      194.8871517       57.9900000        8.3160621       13.5560000       97.8516201
     949       6       8    1992      152.9100000      390.8355279      149.7930000      188.7435111       42.1300000        8.5933876       13.2580000      117.2263150
     950       7       8    1992      147.7020000      407.6715703      170.4520000      215.2968267       29.8600000       10.3727428       17.5780000      124.4790368
     951       8       8    1992      129.5040000      425.4247338      206.4070000      261.6053631       26.4500000       10.9322704       11.5550000      110.7755787
     952       9       8    1992      123.2320000      417.5930381      120.9250000      251.1786062       24.1000000       10.6830207       27.0490000      105.4013600
     953      10       8    1992      158.2250000      529.7906184      105.5460000      263.7214380       21.9200000       10.9438051       30.7290000      107.7528216
     954      11       8    1992      139.2560000      593.0025572      131.9830000      295.9955609       20.5500000       10.1575891       43.1660000      114.1700867
     955      12       8    1992      237.2600000      514.7091847      285.6000000      293.4434482       19.8900000        9.4529466       62.8970000      105.8187790
     956      13       8    1992      160.0200000      421.4349282      310.0160000      245.6786381       22.6300000        9.7236563       21.1960000      103.1890015
     957      14       8    1992      147.7020000      364.0714092      304.9010000      186.9147741       26.4500000        9.5036855       20.1560000      108.9537123
     958      15       8    1992      135.9590000      364.2565893      318.6970000      153.3937582       30.7600000        8.8250855       18.9010000      102.8102812
     959      16       8    1992      156.4420000      344.6471702      242.5940000      125.9419528       38.7500000        8.2191528       18.0520000      105.2477244
     960      17       8    1992      172.9210000      300.3755271      243.5300000      113.8071706       29.8600000        7.7307188       18.0520000      105.5478976
     961      18       8    1992      178.6300000      312.2617023      232.0840000      106.4507531       50.9000000        7.5717931       15.8690000       92.5720758
     962      19       8    1992      230.5090000      347.4710390      151.7510000      147.7374149       45.7300000        7.7894945       15.5400000       85.5152594
     963      20       8    1992      160.0200000      364.6339143      123.4830000      239.7033182       40.9800000        8.0895400       15.8690000       80.9058909
     964      21       8    1992      232.7470000      357.4755136      125.2010000      245.8367074       35.5800000        8.7659983       15.4320000       85.5481596
     965      22       8    1992      144.2890000      354.7263966      127.5090000      223.0971934       29.8600000       10.0357156       16.2020000       91.4045162
     966      23       8    1992      192.3780000      399.1407366      120.7170000      279.8525776       25.6500000        9.9171568       17.2280000      100.1884304
     967      24       8    1992      248.7670000      416.0240104      106.0740000      315.9731893       21.9200000        8.9986905       17.9330000      100.9425542
     968      25       8    1992      208.8260000      407.8914309      121.2120000      236.2404905       20.5500000        8.3071496       19.3970000       91.7459833
     969      26       8    1992      194.3910000      434.3346921       94.3270000      173.7377046       21.9200000        7.7806704       17.9330000      100.0799801
     970      27       8    1992      412.6170000      519.3464903       86.7420000      264.8513027       25.6500000        7.3756103       15.8690000      107.7428360
     971      28       8    1992      265.4170000      564.3522306      101.4420000      399.6127230       28.1100000        7.4982190       16.4270000      103.9808627
     972      29       8    1992      381.9150000      485.9685125      108.5100000      399.9259136       30.7600000        8.1157488       17.2280000      103.3799416
     973      30       8    1992      290.3080000      473.7425930      126.6450000      437.5509403       39.8500000        8.2022876       17.6960000       95.3279627
     974      31       8    1992      308.5150000      489.4866020      117.0140000      437.3265397       27.2700000       11.3397681       18.0520000       96.5236256
     975       1       9    1992      208.8260000      444.9496638       98.3810000      399.7527698       27.2700000       13.5831892       24.9510000      113.4389480
     976       2       9    1992      178.6300000      385.5324923       91.7400000      354.5647938       29.8600000       13.8641272       27.2030000      120.7688101
     977       3       9    1992      147.7020000      327.7006145       69.0720000      247.8546661       33.5900000       14.1417277       23.7980000      135.4005619
     978       4       9    1992      123.2320000      316.2067585       53.8450000      168.9625511       37.6700000       12.3075008       22.8180000      141.7815218
     979       5       9    1992      147.7020000      383.3526683       66.4480000      185.9884891       33.5900000       10.7915454       21.3280000      140.6732723
     980       6       9    1992      244.1260000      442.9823181       77.4550000      219.4673813       35.5800000        9.7707807       24.0830000      125.5601366
     981       7       9    1992      219.5110000      431.1220668       79.1400000      222.3240440       33.5900000        9.1731397       25.9870000      133.3921994
     982       8       9    1992      215.1990000      439.2094160       71.2290000      266.4741342       35.5800000        8.6454521       28.4540000      144.5860183
     983       9       9    1992      165.4770000      473.4427954       86.0810000      293.8230147       36.6200000       10.2124146       30.7290000      179.7156752
     984      10       9    1992      134.3280000      441.0186079       83.1550000      274.6035367       48.2600000       12.1690089       32.5920000      190.4147307
     985      11       9    1992      169.1750000      400.7213770       88.9580000      225.1301833       49.5700000       13.7486738       34.5250000      195.8279015
     986      12       9    1992      137.6020000      513.6335067       74.9500000      187.6290510       70.8800000       14.0402209       38.0270000      205.7763809
     987      13       9    1992       93.2510000      715.4617160       55.4050000      174.0191395      100.9500000       12.7778424       39.3710000      199.3396144
     988      14       9    1992      156.4420000      671.9383781       67.6060000      189.0074838       80.0000000       14.3322469       38.2180000      195.1585018
     989      15       9    1992      158.2250000      632.7976154       56.5060000      205.7853699       62.5900000       14.5884338       34.8840000      179.0120799
     990      16       9    1992      167.3200000      568.1879476       54.5940000      180.4416514       48.2600000       12.4546770       25.8370000      137.3486511
     991      17       9    1992      158.2250000      554.3348076      110.7440000      178.4987573       36.6200000       10.8468269       26.2880000      108.0884735
     992      18       9    1992      217.3490000      516.5198532       96.0120000      185.0225444       31.6800000        9.6633713       21.9980000       91.3600142
     993      19       9    1992      204.6400000      478.4149393      143.7530000      172.9815779       27.2700000        8.7813218       18.1720000       79.7022332
     994      20       9    1992      134.3280000      426.8327705      118.6090000      156.3979595       21.2300000        8.1162136       17.4610000       71.2285610
     995      21       9    1992      131.1000000      404.9581622       94.1060000      136.4379002       19.2500000        7.6091611       16.0910000       64.9595135
     996      22       9    1992       88.0890000      348.6589320       67.3540000      104.8057956       18.0100000        7.2185467       14.2680000       60.7125797
     997      23       9    1992       80.6680000      272.7848651       56.1720000       85.1004159       16.2700000        6.9145866       13.2580000       57.9972146
     998      24       9    1992       78.2790000      320.0546845       49.2520000       79.6703718       15.7200000        6.6757207       12.5790000       55.6502799
     999      25       9    1992      115.6470000      434.2794229       46.3720000       72.9696502       14.6700000        6.6372778       12.0140000       53.4413198
    1000      26       9    1992       97.2360000      490.0948543       44.5540000       63.1962530       14.1600000        6.4915231       11.4650000       52.0238584
    1001      27       9    1992      132.7080000      417.5389998       37.0090000       55.8986386       14.6700000        6.3362761       10.7580000       51.4661140
    1002      28       9    1992      105.5010000      396.2656899       33.4410000       51.0892429       14.1600000        6.2107876       10.0790000       52.3210457
    1003      29       9    1992       63.7650000      359.9273458       31.2550000       47.2375584       15.1900000        6.4425966        9.5070000       56.1011185
    1004      30       9    1992       79.4680000      342.1599214       30.2340000       48.9346342       16.8400000        7.1102555       13.1600000       72.7692058
    1005       1      10    1992       98.5860000      355.1220652       27.2990000       58.0789386       21.2300000        8.2921478        9.1110000       95.0850157
    1006       2      10    1992      135.9590000      387.4633844       26.9850000       60.6019712       21.9200000        9.9352467        8.8780000      118.5228962
    1007       3      10    1992      137.6020000      585.1708530       28.1390000       77.2143796       28.9700000       10.7705532        9.4270000      151.5118944
    1008       4      10    1992       86.8260000      777.0856580       44.8530000      108.8269800       29.8600000       12.3022825       10.2460000      207.8368984
    1009       5      10    1992      109.7820000      694.2459028       48.1110000      108.8121957       31.6800000       13.0990191       10.7580000      287.0942993
    1010       6      10    1992      106.9170000      628.4837509       32.2020000      102.2458882       31.6800000       18.4411905       12.3890000      327.0200257
    1011       7      10    1992      120.1640000      571.0294415       42.9270000      122.5121435       28.1100000       21.2942814       13.6560000      341.9630328
    1012       8      10    1992      106.9170000      562.6690242       45.6710000      130.5937907       25.6500000       17.1819269        9.7490000      242.3445832
    1013       9      10    1992       78.2790000      558.4034610       38.3530000      104.4342860       22.6300000       14.2174363        9.1110000      175.3649742
    1014      10      10    1992       81.8780000      557.6553735       35.6580000      103.4979790       19.8900000       12.3912255        8.8010000      144.0718401
    1015      11      10    1992      105.5010000      608.5434534       37.4230000      136.3742104       23.3600000       11.0395922        9.1110000      127.9099073
    1016      12      10    1992      112.6930000      643.7947515       36.2540000      143.5675622       23.3600000        9.7935857        9.5870000      134.1491044
    1017      13      10    1992      112.6930000      577.7821163       38.4900000      112.8950005       24.1000000        9.2095552        8.8010000      158.3394893
    1018      14      10    1992      151.1630000      421.2908641       40.2890000       86.8360217       23.3600000       10.8049034        8.4240000      183.3920662
    1019      15      10    1992       72.4900000      304.6728797       36.8810000       71.6379197       24.8700000       12.6870433        7.9130000      187.3710524
    1020      16      10    1992       84.3310000      296.4487852       44.5660000       79.3488401       19.2500000       15.1017258        7.3530000      191.3674454
    1021      17      10    1992       75.9320000      319.7454500       56.0040000      134.4460799       23.3600000       15.3997250        7.3530000      210.2302536
    1022      18      10    1992      114.1640000      476.2016811       61.9880000      185.4217056       31.6800000       14.7355089        7.0830000      271.9723593
    1023      19      10    1992       97.2360000      832.1704020       49.1210000      189.1516772       55.0700000       16.0954490        8.6490000      424.2380444
    1024      20      10    1992       95.8970000      874.7787944       50.8030000      172.3813274       42.1300000       16.3292220       10.8450000      494.0222609
    1025      21      10    1992       75.9320000      661.6979946       60.5440000      128.6143497       36.6200000       15.4409009       11.8290000      419.3846964
    1026      22      10    1992       58.6420000      521.1832929       57.9280000       96.1769545       31.6800000       14.1106175       11.7370000      325.8736319
    1027      23      10    1992      115.6470000      492.2449742       85.4610000       80.0619206       32.6200000       16.1316276       11.4650000      280.9398703
    1028      24      10    1992       50.0490000      512.2592660       90.5630000       70.6279929       28.1100000       27.3513343       11.3750000      320.4925903
    1029      25      10    1992       78.2790000      554.6612646       72.7300000       61.8489069       28.1100000       31.8621952       11.2860000      346.5030862
    1030      26      10    1992       78.2790000      454.7718680       77.0830000       53.5579849       25.6500000       26.1741167       10.7580000      269.6422533
    1031      27      10    1992       70.2470000      354.3307905       73.2500000       47.1972471       29.8600000       20.9219050       10.3300000      192.3696739
    1032      28      10    1992       50.0490000      237.3314546      118.2810000       42.5762489       29.8600000       17.4813286        9.4270000      154.0233906
    1033      29      10    1992       43.9110000      181.0633561       45.8390000       39.2163289       26.4500000       14.7478454        8.9550000      136.3299648
    1034      30      10    1992       39.0200000      151.1449371       30.6490000       36.7323177       19.8900000       12.4934999        8.4990000      115.6865160
    1035      31      10    1992       38.2380000      131.2996587       26.4540000       34.8565836       18.0100000       10.8579059        8.1300000       98.8542112
    1036       1      11    1992       37.4650000      130.3876279       24.0650000       33.4084128       17.4200000       10.1231531        7.9850000       88.8091957
    1037       2      11    1992       35.2020000      152.6011712       23.1710000       33.2419311       16.2700000       10.2978886        7.7710000       88.3613969
    1038       3      11    1992       35.9470000      177.6157410       21.5330000       34.9111052       15.1900000       13.3031393        7.4220000      106.5898132
    1039       4      11    1992       31.6110000      222.6393214       19.6620000       37.8442762       15.1900000       22.4810995        7.0830000      160.2852719
    1040       5      11    1992       31.6110000      246.8424240       18.9990000       40.8575488       14.6700000       32.1280761        7.0830000      220.0140158
    1041       6      11    1992       36.7010000      211.5831856       18.4080000       39.6740406       14.6700000       41.4833432        6.9500000      282.9343883
    1042       7      11    1992       31.6110000      193.9018984       17.9260000       37.0967551       14.1600000       41.6823768        6.8190000      274.0814966
    1043       8      11    1992       85.5730000      163.2451768       21.7630000       34.8751722       14.1600000       31.9592692        6.4970000      226.4442490
    1044       9      11    1992       31.6110000      163.5911394       19.6960000       33.7239520       13.6600000       25.2158888        6.1850000      169.1098772
    1045      10      11    1992       37.4650000      179.5566601       20.6000000       34.0295187       13.1800000       21.3351823        6.0630000      131.8922284
    1046      11      11    1992       46.4840000      180.4741215       21.5920000       34.9019525       13.6600000       18.0884737        6.0630000      112.3526621
    1047      12      11    1992       44.7590000      197.3528777       19.9820000       35.7891446       13.1800000       18.7870032        6.0630000      106.5490387
    1048      13      11    1992       45.6160000      191.0306317       19.1530000       35.7984809       12.7200000       22.5538815        5.6480000      110.4203191
    1049      14      11    1992       31.6110000      186.3064852       15.8910000       34.2699436       12.2600000       27.5027157        5.2500000      115.3851959
    1050      15      11    1992       27.5990000      153.1880240       14.3650000       32.4802980       11.8200000       32.1774387        5.2500000      133.9848204
    1051      16      11    1992       26.3320000      131.3892171       13.3990000       30.9705477       11.3900000       35.2099971        5.1400000      175.7306929
    1052      17      11    1992       24.4970000      116.3832454       12.6300000       29.7675753       10.9800000       35.2850867        5.0310000      201.4792524
    1053      18      11    1992       22.7390000      105.4833918       11.9060000       28.8087424       10.5700000       33.0188505        5.1400000      160.6628731
    1054      19      11    1992       21.6090000       97.5948245       11.2060000       28.0321222       10.1800000       27.5529277        5.3620000      129.5675306
    1055      20      11    1992       21.0570000       91.7487122       10.5680000       27.3902209        9.8000000       21.5552525        5.0850000      108.7627874
    1056      21      11    1992       21.0570000       87.3063895       10.1950000       26.8485214        9.4300000       17.3991693        4.8180000       93.9524432
    1057      22      11    1992       18.4210000       83.8471601        9.8700000       26.3821197        9.0700000       14.4665284        4.6100000       83.1943514
    1058      23      11    1992       18.4210000       81.0881178        9.5500000       25.9729369        8.7200000       12.3632915        4.3590000       75.2595776
    1059      24      11    1992       18.4210000       78.8354793        9.2360000       25.6077212        8.3800000       10.8325567        4.1160000       70.0803862
    1060      25      11    1992       17.4240000       76.9815695        8.9270000       25.2769585        8.0500000        9.7034291        3.9280000       66.1479446
    1061      26      11    1992       16.4600000       75.4303855        8.6610000       24.9823438        8.0500000        8.8601549        3.8360000       62.3733150
    1062      27      11    1992       16.9380000       74.6105443        8.5680000       24.7638394        7.7300000        8.2230407        3.8360000       59.7884026
    1063      28      11    1992       16.4600000       76.3781155        8.4020000       24.8393547        7.7300000        7.7364021        3.7460000       58.5329718
    1064      29      11    1992       16.4600000       77.6889037        9.2580000       25.0694818        7.7300000        9.7228985        3.7460000       61.5988984
    1065      30      11    1992       15.5280000       77.3070377        8.6820000       24.9068065        7.7300000       13.0114725        3.6560000       68.0966037
    1066       1      12    1992       19.4510000       77.3588680        8.1800000       24.5575200        7.4200000       13.6231361        3.6560000       69.6512201
    1067       2      12    1992       15.5280000       75.2406357        9.9560000       24.1949827        7.1200000       13.7223709        3.6560000       74.8212658
    1068       3      12    1992       14.6270000       73.1074752       22.2840000       23.8582197        6.8300000       13.7352844        3.6560000       86.3433872
    1069       4      12    1992       13.7580000       71.2793442        9.3460000       23.5498662        6.5500000       15.2418513        3.6560000      102.5744863
    1070       5      12    1992       13.7580000       69.7731636        6.9200000       23.2658551        8.0500000       26.6187422        3.8360000      127.8513380
    1071       6      12    1992       12.9190000       68.5425636        6.8560000       23.0016761        8.7200000       32.1164927        3.8360000      229.8799393
    1072       7      12    1992       12.9190000       67.4659424        7.7850000       22.7535449        8.7200000       31.2247899        4.0220000      296.5397342
    1073       8      12    1992       18.9320000       66.4077865        7.5010000       22.5184679        8.3800000       28.5869268        4.1640000      278.1195243
    1074       9      12    1992       12.5120000       65.3868717        7.1400000       22.2941038        8.0500000       23.3447861        3.7460000      206.8166078
    1075      10      12    1992       10.9580000       64.4519419        6.5260000       22.0786201        7.7300000       22.7188639        3.7460000      155.8020513
    1076      11      12    1992       11.3350000       63.5855835        5.9700000       21.8705753        7.7300000       26.7519380        3.5680000      135.3427218
    1077      12      12    1992       10.5880000       62.7738302        5.8620000       21.6688297        7.4200000       27.0573502        3.5680000      136.2450301
    1078      13      12    1992       10.5880000       62.0060560        5.6490000       21.4724769        7.4200000       24.1212522        3.4820000      118.2496743
    1079      14      12    1992       10.5880000       61.2741178        5.4110000       21.2807921        7.4200000       26.5518733        3.4820000      109.2313585
    1080      15      12    1992       12.9190000       60.5735945        5.2080000       21.0931929        7.1200000       36.5128579        3.3960000      141.5421865
    1081      16      12    1992       12.1120000       59.9220354        5.1640000       20.9092085        6.8300000       40.5749605        3.3960000      196.0241654
    1082      17      12    1992       10.5880000       59.3182820        5.0640000       20.7284569        6.5500000       43.9109026        3.3120000      212.9428057
    1083      18      12    1992        9.5230000       58.6800749        5.0370000       20.5506259        6.5500000       61.6479761        3.3120000      177.6762348
    1084      19      12    1992        9.1830000       58.0481287        5.3680000       20.3754598        6.2800000       78.0344244        3.3120000      168.8001984
    1085      20      12    1992        9.1830000       57.4350281        4.9110000       20.2027475        6.2800000       68.5890546        3.3960000      207.5813710
    1086      21      12    1992        8.8500000       56.8376252        4.7160000       20.0323143        6.2800000       46.3262443        3.3960000      242.7369617
    1087      22      12    1992        8.5240000       56.2421108        4.5140000       19.8640143        6.0200000       32.5250149        3.3960000      193.9965770
    1088      23      12    1992        8.5240000       55.6561539        4.3280000       19.6987324        6.0200000       25.0649868        3.2300000      150.1958010
    1089      24      12    1992        8.2050000       55.0805941        4.2760000       19.5395542        6.0200000       21.1727737        3.2300000      127.4764691
    1090      25      12    1992        7.2910000       54.5145691        4.1090000       19.3817626        6.8300000       18.9434026        3.2300000      112.4896584
    1091      26      12    1992        7.2910000       53.9572885        3.9710000       19.2210735        6.5500000       18.3646886        3.1480000      101.4591817
    1092      27      12    1992        7.2910000       53.5756170        3.7370000       19.0818423        6.5500000       17.6830997        3.1080000       91.7046885
    1093      28      12    1992        7.2910000       53.9470958        3.9040000       19.0428710        6.2800000       16.0783973        3.0680000       85.3539235
    1094      29      12    1992        7.2910000       55.5926714        5.3220000       19.1619923        6.0200000       14.3331419        3.1480000       78.6570276
    1095      30      12    1992        8.5240000       57.8855439        6.2080000       19.3684729        5.5200000       12.3702223        3.1480000       71.8346797
    1096      31      12    1992        7.2910000       57.2094080        5.2710000       19.4510093        5.5200000       10.9371020        3.2300000       66.5240813
